experiment_id,agent,seed,episode_id,track,year,race_name,lap_index,current_lap,position_before,position_after,tyre_compound_before,tyre_compound_after,tyre_age_before,tyre_age_after,track_wetness,safety_car_flag,pit_window,gap_to_leader,gap_ahead,gap_behind,action,action_name,action_valid,reward,cumulative_reward,lap_time,lap_delta,terminated,truncated,inference_ms,observation,next_observation,mask_0,q_0,mask_1,q_1,mask_2,q_2,mask_3,q_3,mask_4,q_4,mask_5,q_5
sample-run,dqn,1001,dqn-1001-monaco,monaco,2026,Monaco Grand Prix,0,0,12,13,medium,medium,0,1,0.0,False,False,19.55,2.64,0.58,0,stay_out,True,-1.3,-1.3,78.146,0.146,False,False,0.9837,,,True,0.9643,True,0.3616,True,1.304,True,0.9471,False,-0.7037,False,-1.2654
sample-run,dqn,1001,dqn-1001-monaco,monaco,2026,Monaco Grand Prix,1,1,12,13,medium,medium,1,2,0.0,False,False,38.95,2.95,2.21,0,stay_out,True,-1.3,-2.6,78.534,0.534,False,False,0.9204,,,True,2.5425,True,-0.1285,True,1.3665,True,-0.6652,False,0.3515,False,0.9035
sample-run,dqn,1001,dqn-1001-monaco,monaco,2026,Monaco Grand Prix,2,2,12,13,medium,medium,2,3,0.0,False,False,30.64,1.3,1.99,0,stay_out,True,-1.3,-3.9,77.869,-0.131,False,False,0.6703,,,True,2.0408,True,0.2147,True,0.3554,True,-0.6538,False,-0.1296,False,0.784
sample-run,dqn,1001,dqn-1001-monaco,monaco,2026,Monaco Grand Prix,3,3,11,12,medium,medium,3,4,0.0,False,False,20.71,1.63,2.49,0,stay_out,True,-1.2,-5.1,80.432,2.432,False,False,0.5845,,,True,3.3016,True,1.3151,True,0.3574,True,-1.2083,False,-0.0045,False,0.6565
sample-run,dqn,1001,dqn-1001-monaco,monaco,2026,Monaco Grand Prix,4,4,10,11,medium,medium,4,5,0.0,False,False,26.88,2.82,1.6,0,stay_out,True,-1.1,-6.2,80.187,2.187,False,False,1.1637,,,True,1.0041,True,0.329,True,-0.2586,True,1.5835,False,1.3204,False,0.6334
sample-run,dqn,1001,dqn-1001-monaco,monaco,2026,Monaco Grand Prix,5,5,10,11,medium,medium,5,6,0.0,False,False,28.62,2.28,2.83,0,stay_out,True,-1.1,-7.3,76.535,-1.465,False,False,0.4919,,,True,0.8385,True,0.935,True,0.0491,True,2.0024,False,0.1885,False,-0.6332
sample-run,dqn,1001,dqn-1001-monaco,monaco,2026,Monaco Grand Prix,6,6,11,12,medium,medium,6,7,0.0,False,False,32.8,1.7,1.08,0,stay_out,True,-1.2,-8.5,80.167,2.167,False,False,1.0415,,,True,1.2126,True,1.5744,True,-0.4328,True,-0.7355,False,0.2498,False,1.0315
sample-run,dqn,1001,dqn-1001-monaco,monaco,2026,Monaco Grand Prix,7,7,11,12,medium,medium,7,8,0.0,True,False,31.64,1.78,2.82,0,stay_out,True,-1.2,-9.7,79.208,1.208,False,False,0.4529,,,True,0.2196,True,-0.7131,True,0.621,True,-2.2501,False,0.3864,False,-0.5816
sample-run,dqn,1001,dqn-1001-monaco,monaco,2026,Monaco Grand Prix,8,8,10,11,medium,medium,8,9,0.0,False,False,18.56,1.22,1.97,0,stay_out,True,-1.1,-10.8,79.192,1.192,False,False,0.8433,,,True,2.6649,True,0.7876,True,0.8441,True,0.0756,False,-1.4268,False,-0.135
sample-run,dqn,1001,dqn-1001-monaco,monaco,2026,Monaco Grand Prix,9,9,9,10,medium,medium,9,10,0.0,False,False,17.18,1.52,2.77,0,stay_out,True,-1.0,-11.8,78.63,0.63,False,False,0.4345,,,True,2.8225,True,-0.0139,True,1.0418,True,1.4023,False,1.1502,False,-2.3653
sample-run,dqn,1001,dqn-1001-monaco,monaco,2026,Monaco Grand Prix,10,10,9,10,medium,medium,10,11,0.0,False,False,16.9,2.66,0.65,0,stay_out,True,-1.0,-12.8,75.938,-2.062,False,False,0.7046,,,True,1.3911,True,-0.8037,True,1.0802,True,-0.2888,False,0.0835,False,-0.8496
sample-run,dqn,1001,dqn-1001-monaco,monaco,2026,Monaco Grand Prix,11,11,10,11,medium,medium,11,12,0.0,False,False,21.71,0.96,2.7,0,stay_out,True,-1.1,-13.9,77.883,-0.117,False,False,1.0499,,,True,0.97,True,-0.2362,True,1.8165,True,-0.0498,False,0.0866,False,-1.4871
sample-run,dqn,1001,dqn-1001-monaco,monaco,2026,Monaco Grand Prix,12,12,11,12,medium,medium,12,13,0.0,False,False,25.12,2.78,1.9,0,stay_out,True,-1.2,-15.1,78.077,0.077,False,False,0.8627,,,True,0.0261,True,1.0289,True,-1.935,True,-0.2399,False,-0.2045,False,-1.0429
sample-run,dqn,1001,dqn-1001-monaco,monaco,2026,Monaco Grand Prix,13,13,11,12,medium,medium,13,14,0.0,False,False,21.38,2.18,0.99,0,stay_out,True,-1.2,-16.3,75.947,-2.053,False,False,0.8622,,,True,0.1922,True,1.0868,True,-0.0506,True,-0.2831,False,1.6433,False,-1.2826
sample-run,dqn,1001,dqn-1001-monaco,monaco,2026,Monaco Grand Prix,14,14,12,13,medium,medium,14,15,0.0,False,False,28.71,2.78,2.41,0,stay_out,True,-1.3,-17.6,79.267,1.267,False,False,1.1323,,,True,1.0236,True,0.1633,True,-1.2926,True,-0.4718,False,1.378,False,0.1357
sample-run,dqn,1001,dqn-1001-monaco,monaco,2026,Monaco Grand Prix,15,15,13,14,medium,medium,15,16,0.0,False,True,37.58,0.73,1.95,0,stay_out,True,-1.4,-19.0,78.227,0.227,False,False,0.5578,,,True,-0.5167,True,-0.6486,True,0.678,True,-0.5,False,1.3604,False,1.0024
sample-run,dqn,1001,dqn-1001-monaco,monaco,2026,Monaco Grand Prix,16,16,12,13,medium,medium,0,0,0.0,False,False,35.78,1.45,1.31,2,pit_medium,True,-0.8,-19.8,78.878,0.878,False,False,1.1952,,,True,-0.9639,True,-3.1063,True,0.3577,True,1.2969,False,-0.3457,False,0.8546
sample-run,dqn,1001,dqn-1001-monaco,monaco,2026,Monaco Grand Prix,17,17,12,13,medium,medium,0,1,0.0,False,False,23.89,1.41,1.54,0,stay_out,True,-1.3,-21.1,78.262,0.262,False,False,0.8331,,,True,1.4612,True,1.0663,True,-0.9216,True,0.8047,False,0.8527,False,-0.6677
sample-run,dqn,1001,dqn-1001-monaco,monaco,2026,Monaco Grand Prix,18,18,12,13,medium,medium,1,2,0.0,False,False,38.49,1.76,2.38,0,stay_out,True,-1.3,-22.4,77.307,-0.693,False,False,1.1311,,,True,1.3142,True,-1.4165,True,-0.8274,True,2.7558,False,1.0412,False,-0.7814
sample-run,dqn,1001,dqn-1001-monaco,monaco,2026,Monaco Grand Prix,19,19,13,14,medium,medium,2,3,0.0,False,False,30.0,1.56,1.97,0,stay_out,True,-1.4,-23.8,78.602,0.602,False,False,0.4982,,,True,1.1254,True,-0.2207,True,-0.5295,True,-2.936,False,0.1157,False,-1.0705
sample-run,dqn,1001,dqn-1001-monaco,monaco,2026,Monaco Grand Prix,20,20,14,15,medium,medium,3,4,0.0,False,False,44.93,1.38,0.93,0,stay_out,True,-1.5,-25.3,78.755,0.755,False,False,0.7133,,,True,1.2084,True,0.3013,True,-1.261,True,0.8329,False,1.2033,False,0.6371
sample-run,dqn,1001,dqn-1001-monaco,monaco,2026,Monaco Grand Prix,21,21,14,15,medium,medium,4,5,0.0,False,False,42.72,0.72,2.24,0,stay_out,True,-1.5,-26.8,77.343,-0.657,False,False,0.6624,,,True,1.5554,True,0.4121,True,-0.2638,True,-0.4633,False,1.2298,False,-1.1054
sample-run,dqn,1001,dqn-1001-monaco,monaco,2026,Monaco Grand Prix,22,22,14,15,medium,medium,5,6,0.0,False,False,35.03,1.06,1.89,0,stay_out,True,-1.5,-28.3,76.797,-1.203,False,False,0.4097,,,True,1.8017,True,0.9574,True,-0.1138,True,0.4184,False,-0.376,False,0.0676
sample-run,dqn,1001,dqn-1001-monaco,monaco,2026,Monaco Grand Prix,23,23,14,15,medium,medium,6,7,0.0,False,False,25.92,1.97,2.24,0,stay_out,True,-1.5,-29.8,78.524,0.524,False,False,0.5092,,,True,0.4274,True,1.1892,True,-1.7035,True,-1.0392,False,0.2357,False,1.4628
sample-run,dqn,1001,dqn-1001-monaco,monaco,2026,Monaco Grand Prix,24,24,15,16,medium,medium,7,8,0.0,True,False,37.92,0.98,2.94,0,stay_out,True,-1.6,-31.4,76.325,-1.675,False,False,0.486,,,True,3.5268,True,-0.395,True,-0.8795,True,1.4748,False,-0.0498,False,-0.3674
sample-run,dqn,1001,dqn-1001-monaco,monaco,2026,Monaco Grand Prix,25,25,15,16,medium,medium,8,9,0.0,False,False,24.97,0.99,2.86,0,stay_out,True,-1.6,-33.0,77.198,-0.802,False,False,0.5301,,,True,0.531,True,0.1234,True,-0.648,True,-0.7649,False,0.8113,False,0.3646
sample-run,dqn,1001,dqn-1001-monaco,monaco,2026,Monaco Grand Prix,26,26,15,16,medium,medium,9,10,0.0,False,False,28.3,2.37,0.72,0,stay_out,True,-1.6,-34.6,79.595,1.595,False,False,0.7407,,,True,0.4118,True,-1.4791,True,-0.8665,True,0.1225,False,-0.7961,False,-0.4872
sample-run,dqn,1001,dqn-1001-monaco,monaco,2026,Monaco Grand Prix,27,27,14,15,medium,medium,10,11,0.0,False,False,35.69,2.9,2.29,0,stay_out,True,-1.5,-36.1,77.523,-0.477,False,False,1.1844,,,True,2.0313,True,0.0891,True,1.5942,True,-1.0955,False,0.3625,False,0.444
sample-run,dqn,1001,dqn-1001-monaco,monaco,2026,Monaco Grand Prix,28,28,15,16,medium,medium,11,12,0.0,False,False,37.85,1.84,2.18,0,stay_out,True,-1.6,-37.7,77.778,-0.222,False,False,1.0084,,,True,1.6584,True,0.0533,True,1.1007,True,-0.3215,False,-2.9672,False,-0.7601
sample-run,dqn,1001,dqn-1001-monaco,monaco,2026,Monaco Grand Prix,29,29,16,17,intermediate,intermediate,0,0,0.258,False,False,30.48,2.93,2.18,4,pit_intermediate,True,-1.75,-39.45,80.641,2.641,False,False,0.825,,,True,2.1083,True,-0.3489,True,-1.1371,True,-0.1559,True,2.5778,True,-0.9375
sample-run,dqn,1001,dqn-1001-monaco,monaco,2026,Monaco Grand Prix,30,30,16,17,intermediate,intermediate,0,1,0.0,False,False,49.38,1.47,0.91,0,stay_out,True,-1.7,-41.15,77.944,-0.056,False,False,1.1015,,,True,0.9576,True,0.7492,True,1.0599,True,0.7698,False,1.9995,False,1.0807
sample-run,dqn,1001,dqn-1001-monaco,monaco,2026,Monaco Grand Prix,31,31,15,16,intermediate,intermediate,1,2,0.0,False,False,29.21,0.69,1.88,0,stay_out,True,-1.6,-42.75,79.053,1.053,False,False,0.5535,,,True,1.3984,True,-0.3498,True,-0.8283,True,-0.8917,False,1.1725,False,-0.0845
sample-run,dqn,1001,dqn-1001-monaco,monaco,2026,Monaco Grand Prix,32,32,15,16,intermediate,intermediate,0,0,0.1,False,False,37.4,1.47,2.06,4,pit_intermediate,True,-1.65,-44.4,80.643,2.643,False,False,0.8735,,,True,-0.345,True,-2.5061,True,-0.8579,True,-0.1901,True,3.0164,True,0.1607
sample-run,dqn,1001,dqn-1001-monaco,monaco,2026,Monaco Grand Prix,33,33,15,16,intermediate,intermediate,0,1,0.0,False,False,25.95,2.69,2.85,0,stay_out,True,-1.6,-46.0,78.677,0.677,False,False,0.6095,,,True,3.2638,True,-0.4868,True,0.0942,True,-0.7055,False,-1.1763,False,-0.7131
sample-run,dqn,1001,dqn-1001-monaco,monaco,2026,Monaco Grand Prix,34,34,16,17,intermediate,intermediate,1,2,0.0,False,False,36.71,2.43,1.75,0,stay_out,True,-1.7,-47.7,77.784,-0.216,False,False,0.5467,,,True,2.1651,True,-1.3384,True,0.3613,True,1.2929,False,0.4537,False,-1.6902
sample-run,dqn,1001,dqn-1001-monaco,monaco,2026,Monaco Grand Prix,35,35,16,17,intermediate,intermediate,2,3,0.0,False,False,50.99,2.44,2.58,0,stay_out,True,-1.7,-49.4,77.712,-0.288,False,False,0.6076,,,True,1.6429,True,-0.544,True,-0.1335,True,1.2979,False,-0.9678,False,1.9267
sample-run,dqn,1001,dqn-1001-monaco,monaco,2026,Monaco Grand Prix,36,36,16,17,intermediate,intermediate,3,4,0.0,False,False,29.26,1.2,2.33,0,stay_out,True,-1.7,-51.1,77.795,-0.205,False,False,0.8546,,,True,2.2392,True,-0.5113,True,1.8267,True,0.29,False,-0.1026,False,1.4493
sample-run,dqn,1001,dqn-1001-monaco,monaco,2026,Monaco Grand Prix,37,37,16,17,intermediate,intermediate,4,5,0.0,False,False,39.99,2.07,2.74,0,stay_out,True,-1.7,-52.8,78.548,0.548,False,False,0.536,,,True,0.3563,True,-1.7159,True,-0.2792,True,0.2815,False,1.2825,False,0.2825
sample-run,dqn,1001,dqn-1001-monaco,monaco,2026,Monaco Grand Prix,38,38,16,17,intermediate,intermediate,0,0,0.171,False,False,36.14,1.46,2.03,4,pit_intermediate,True,-1.75,-54.55,81.498,3.498,False,False,0.9313,,,True,-1.2498,True,0.1755,True,-0.3204,True,-1.9041,True,2.4584,True,-0.3619
sample-run,dqn,1001,dqn-1001-monaco,monaco,2026,Monaco Grand Prix,39,39,15,16,intermediate,intermediate,0,1,0.0,False,False,35.34,2.74,1.65,0,stay_out,True,-1.6,-56.15,78.66,0.66,False,False,1.0041,,,True,2.5686,True,-0.4765,True,0.771,True,-0.058,False,1.0744,False,-1.0036
sample-run,dqn,1001,dqn-1001-monaco,monaco,2026,Monaco Grand Prix,40,40,15,16,intermediate,intermediate,1,2,0.0,False,False,26.77,2.17,0.52,0,stay_out,True,-1.6,-57.75,77.859,-0.141,False,False,0.5463,,,True,1.847,True,-0.1044,True,-0.8023,True,-0.8684,False,0.4254,False,-1.0305
sample-run,dqn,1001,dqn-1001-monaco,monaco,2026,Monaco Grand Prix,41,41,15,16,intermediate,intermediate,2,3,0.0,False,False,40.05,1.57,0.84,0,stay_out,True,-1.6,-59.35,76.817,-1.183,False,False,0.9309,,,True,-0.0189,True,-1.5656,True,0.051,True,-1.1568,False,-1.3649,False,-0.2312
sample-run,dqn,1001,dqn-1001-monaco,monaco,2026,Monaco Grand Prix,42,42,15,16,intermediate,intermediate,3,4,0.0,False,False,41.57,1.82,1.66,0,stay_out,True,-1.6,-60.95,77.563,-0.437,False,False,0.578,,,True,1.7614,True,-0.0179,True,-0.192,True,-0.6659,False,-0.2584,False,-0.7742
sample-run,dqn,1001,dqn-1001-monaco,monaco,2026,Monaco Grand Prix,43,43,14,15,intermediate,intermediate,4,5,0.0,False,False,30.98,1.74,1.68,0,stay_out,True,-1.5,-62.45,79.19,1.19,False,False,1.058,,,True,0.8077,True,-1.6979,True,0.0309,True,-1.7622,False,-0.3199,False,0.6081
sample-run,dqn,1001,dqn-1001-monaco,monaco,2026,Monaco Grand Prix,44,44,15,16,intermediate,intermediate,5,6,0.0,False,False,27.12,1.42,1.45,0,stay_out,True,-1.6,-64.05,79.595,1.595,False,False,0.5949,,,True,1.4358,True,-0.5462,True,0.3148,True,-0.6058,False,-0.5731,False,-0.6077
sample-run,dqn,1001,dqn-1001-monaco,monaco,2026,Monaco Grand Prix,45,45,15,16,intermediate,intermediate,6,7,0.0,False,False,37.83,2.49,1.33,0,stay_out,True,-1.6,-65.65,79.777,1.777,False,False,0.5965,,,True,2.0463,True,0.9765,True,-0.3553,True,0.7481,False,-0.6862,False,-0.676
sample-run,dqn,1001,dqn-1001-monaco,monaco,2026,Monaco Grand Prix,46,46,14,15,intermediate,intermediate,7,8,0.0,False,False,41.67,2.13,1.19,0,stay_out,True,-1.5,-67.15,79.553,1.553,False,False,1.0048,,,True,0.4899,True,0.3313,True,-0.1506,True,0.1404,False,0.3311,False,-1.22
sample-run,dqn,1001,dqn-1001-monaco,monaco,2026,Monaco Grand Prix,47,47,15,16,intermediate,intermediate,8,9,0.0,False,False,28.79,1.9,1.99,0,stay_out,True,-1.6,-68.75,76.981,-1.019,False,False,1.0868,,,True,2.8045,True,0.1513,True,0.8503,True,-0.6057,False,1.3767,False,0.3453
sample-run,dqn,1001,dqn-1001-monaco,monaco,2026,Monaco Grand Prix,48,48,15,16,intermediate,intermediate,9,10,0.0,False,False,33.24,0.93,2.41,0,stay_out,True,-1.6,-70.35,77.838,-0.162,False,False,1.0836,,,True,2.5366,True,-0.1684,True,-1.2993,True,1.2655,False,0.4772,False,-2.5163
sample-run,dqn,1001,dqn-1001-monaco,monaco,2026,Monaco Grand Prix,49,49,15,16,intermediate,intermediate,0,0,0.094,False,False,28.38,2.46,1.18,4,pit_intermediate,True,-1.65,-72.0,80.554,2.554,False,False,0.8526,,,True,1.2521,True,-0.9466,True,-0.3495,True,-2.0313,True,2.041,True,0.8283
sample-run,dqn,1001,dqn-1001-monaco,monaco,2026,Monaco Grand Prix,50,50,14,15,intermediate,intermediate,0,1,0.0,False,False,41.53,0.84,2.37,0,stay_out,True,-1.5,-73.5,76.265,-1.735,False,False,0.7759,,,True,2.3498,True,1.8507,True,-0.9602,True,-0.1016,False,-0.6854,False,-0.3806
sample-run,dqn,1001,dqn-1001-monaco,monaco,2026,Monaco Grand Prix,51,51,14,15,intermediate,intermediate,1,2,0.0,False,False,43.03,2.44,0.99,0,stay_out,True,-1.5,-75.0,75.976,-2.024,False,False,0.6365,,,True,2.7194,True,0.5091,True,-1.9175,True,-0.5968,False,-0.6704,False,-0.6909
sample-run,dqn,1001,dqn-1001-monaco,monaco,2026,Monaco Grand Prix,52,52,14,15,intermediate,intermediate,2,3,0.0,True,False,43.42,1.1,1.18,0,stay_out,True,-1.5,-76.5,79.583,1.583,False,False,0.7005,,,True,2.0731,True,2.3836,True,0.205,True,0.8215,False,-0.7384,False,1.1344
sample-run,dqn,1001,dqn-1001-monaco,monaco,2026,Monaco Grand Prix,53,53,14,15,intermediate,intermediate,3,4,0.0,False,False,27.26,1.52,1.6,0,stay_out,True,-1.5,-78.0,78.718,0.718,False,False,1.1962,,,True,2.2384,True,0.3544,True,-2.3606,True,1.008,False,-0.3502,False,-1.2163
sample-run,dqn,1001,dqn-1001-monaco,monaco,2026,Monaco Grand Prix,54,54,13,14,intermediate,intermediate,4,5,0.0,False,False,30.86,2.98,0.54,0,stay_out,True,-1.4,-79.4,79.805,1.805,False,False,0.6968,,,True,1.3241,True,-0.3721,True,-0.0622,True,-0.5966,False,-0.6903,False,-0.6412
sample-run,dqn,1001,dqn-1001-monaco,monaco,2026,Monaco Grand Prix,55,55,13,14,intermediate,intermediate,5,6,0.0,False,False,25.46,0.83,0.81,0,stay_out,True,-1.4,-80.8,76.874,-1.126,False,False,1.1273,,,True,0.209,True,0.1019,True,-0.7361,True,0.6311,False,-0.0294,False,0.4126
sample-run,dqn,1001,dqn-1001-monaco,monaco,2026,Monaco Grand Prix,56,56,14,15,intermediate,intermediate,6,7,0.0,False,False,33.29,1.87,1.23,0,stay_out,True,-1.5,-82.3,80.196,2.196,False,False,0.7653,,,True,0.8677,True,0.5206,True,-0.4087,True,0.2346,False,-0.8299,False,1.1151
sample-run,dqn,1001,dqn-1001-monaco,monaco,2026,Monaco Grand Prix,57,57,15,16,intermediate,intermediate,7,8,0.0,False,False,31.22,2.07,1.13,0,stay_out,True,-1.6,-83.9,78.139,0.139,False,False,0.5678,,,True,1.459,True,-0.5555,True,0.1874,True,0.8756,False,-0.9023,False,0.0009
sample-run,dqn,1001,dqn-1001-monaco,monaco,2026,Monaco Grand Prix,58,58,14,15,intermediate,intermediate,8,9,0.0,False,False,27.97,0.56,2.15,0,stay_out,True,-1.5,-85.4,78.056,0.056,False,False,0.729,,,True,1.5399,True,-0.8912,True,0.8038,True,0.6923,False,0.8615,False,2.2274
sample-run,dqn,1001,dqn-1001-monaco,monaco,2026,Monaco Grand Prix,59,59,15,16,intermediate,intermediate,9,10,0.0,False,False,36.41,2.72,1.42,0,stay_out,True,-1.6,-87.0,77.835,-0.165,False,False,1.0735,,,True,1.5409,True,0.5353,True,1.7479,True,-0.8424,False,-1.8061,False,-0.4841
sample-run,dqn,1001,dqn-1001-monaco,monaco,2026,Monaco Grand Prix,60,60,15,16,intermediate,intermediate,10,11,0.0,False,False,37.21,2.8,1.34,0,stay_out,True,-1.6,-88.6,77.792,-0.208,False,False,1.0115,,,True,1.2744,True,-1.5727,True,-0.461,True,-0.4249,False,-0.1889,False,-0.2543
sample-run,dqn,1001,dqn-1001-monaco,monaco,2026,Monaco Grand Prix,61,61,15,16,intermediate,intermediate,11,12,0.0,False,False,37.62,1.39,1.64,0,stay_out,True,-1.6,-90.2,78.746,0.746,False,False,0.8794,,,True,1.7502,True,-0.1964,True,0.6819,True,0.1755,False,-0.5049,False,-0.1508
sample-run,dqn,1001,dqn-1001-monaco,monaco,2026,Monaco Grand Prix,62,62,15,16,intermediate,intermediate,0,0,0.168,False,False,40.95,1.86,1.6,4,pit_intermediate,True,-1.65,-91.85,82.606,4.606,False,False,0.9252,,,True,0.5822,True,-1.7518,True,1.0414,True,-1.0748,True,1.3221,True,0.6681
sample-run,dqn,1001,dqn-1001-monaco,monaco,2026,Monaco Grand Prix,63,63,14,15,intermediate,intermediate,0,1,0.0,False,False,35.29,1.76,2.07,0,stay_out,True,-1.5,-93.35,78.98,0.98,False,False,0.4616,,,True,1.8168,True,-0.9206,True,0.1746,True,-0.6123,False,-1.2152,False,-1.1301
sample-run,dqn,1001,dqn-1001-monaco,monaco,2026,Monaco Grand Prix,64,64,14,15,intermediate,intermediate,1,2,0.0,False,False,34.45,2.55,1.91,0,stay_out,True,-1.5,-94.85,77.842,-0.158,False,False,0.4982,,,True,0.1166,True,0.6693,True,2.4869,True,0.4588,False,-1.0429,False,-0.2712
sample-run,dqn,1001,dqn-1001-monaco,monaco,2026,Monaco Grand Prix,65,65,13,14,intermediate,intermediate,2,3,0.0,False,False,28.19,2.14,2.84,0,stay_out,True,-1.4,-96.25,80.166,2.166,False,False,0.9478,,,True,0.7992,True,-0.8642,True,0.0544,True,-2.9281,False,-0.531,False,-0.271
sample-run,dqn,1001,dqn-1001-monaco,monaco,2026,Monaco Grand Prix,66,66,14,15,intermediate,intermediate,3,4,0.0,False,False,36.94,1.36,1.9,0,stay_out,True,-1.5,-97.75,78.761,0.761,False,False,0.4172,,,True,-1.0459,True,-0.3406,True,0.7596,True,-0.3617,False,-1.5269,False,0.3266
sample-run,dqn,1001,dqn-1001-monaco,monaco,2026,Monaco Grand Prix,67,67,15,16,intermediate,intermediate,4,5,0.0,False,False,38.44,2.63,1.23,0,stay_out,True,-1.6,-99.35,77.177,-0.823,False,False,0.614,,,True,1.4383,True,-0.5071,True,-0.0756,True,0.0837,False,0.8966,False,2.2038
sample-run,dqn,1001,dqn-1001-monaco,monaco,2026,Monaco Grand Prix,68,68,14,15,intermediate,intermediate,0,0,0.091,False,False,38.83,1.91,0.68,4,pit_intermediate,True,-1.55,-100.9,80.609,2.609,False,False,1.0735,,,True,0.3975,True,-1.7432,True,-0.4385,True,-0.1486,True,0.0751,True,1.8823
sample-run,dqn,1001,dqn-1001-monaco,monaco,2026,Monaco Grand Prix,69,69,14,15,intermediate,intermediate,0,1,0.0,False,False,31.03,1.14,1.27,0,stay_out,True,-1.5,-102.4,78.339,0.339,False,False,0.8486,,,True,0.1338,True,-0.3896,True,-0.9564,True,0.1974,False,-0.544,False,-0.0441
sample-run,dqn,1001,dqn-1001-monaco,monaco,2026,Monaco Grand Prix,70,70,13,14,intermediate,intermediate,1,2,0.0,False,False,27.22,1.78,1.74,0,stay_out,True,-1.4,-103.8,78.744,0.744,False,False,0.5949,,,True,2.88,True,-1.1794,True,0.51,True,-1.0751,False,-0.3343,False,0.4842
sample-run,dqn,1001,dqn-1001-monaco,monaco,2026,Monaco Grand Prix,71,71,13,14,intermediate,intermediate,2,3,0.0,False,False,28.35,2.83,2.82,0,stay_out,True,-1.4,-105.2,77.002,-0.998,False,False,1.0402,,,True,1.6466,True,0.5949,True,-0.9121,True,0.38,False,0.1734,False,-1.2418
sample-run,dqn,1001,dqn-1001-monaco,monaco,2026,Monaco Grand Prix,72,72,13,14,intermediate,intermediate,3,4,0.0,False,False,25.52,2.62,2.0,0,stay_out,True,-1.4,-106.6,78.091,0.091,False,False,0.5182,,,True,3.407,True,0.3575,True,0.191,True,2.8745,False,-0.1719,False,-0.9518
sample-run,dqn,1001,dqn-1001-monaco,monaco,2026,Monaco Grand Prix,73,73,14,15,intermediate,intermediate,4,5,0.0,False,False,28.93,2.42,0.54,0,stay_out,True,-1.5,-108.1,79.055,1.055,False,False,0.5039,,,True,0.9133,True,-1.6265,True,1.9256,True,-1.4105,False,-0.5234,False,-0.3727
sample-run,dqn,1001,dqn-1001-monaco,monaco,2026,Monaco Grand Prix,74,74,14,15,intermediate,intermediate,5,6,0.0,False,False,36.04,0.87,0.63,0,stay_out,True,-1.5,-109.6,76.435,-1.565,False,False,1.0644,,,True,-0.6666,True,1.3813,True,-1.2855,True,0.1799,False,-0.7726,False,-0.6785
sample-run,dqn,1001,dqn-1001-monaco,monaco,2026,Monaco Grand Prix,75,75,15,16,intermediate,intermediate,6,7,0.0,False,False,37.31,1.47,2.39,0,stay_out,True,-1.6,-111.2,80.205,2.205,False,False,0.9512,,,True,3.0867,True,0.5861,True,0.4492,True,2.8495,False,2.2322,False,-0.7666
sample-run,dqn,1001,dqn-1001-monaco,monaco,2026,Monaco Grand Prix,76,76,15,16,intermediate,intermediate,7,8,0.0,True,False,38.49,0.74,2.68,0,stay_out,True,-1.6,-112.8,79.831,1.831,False,False,1.1682,,,True,1.8177,True,0.545,True,0.9902,True,1.6333,False,1.227,False,0.3772
sample-run,dqn,1001,dqn-1001-monaco,monaco,2026,Monaco Grand Prix,77,77,16,17,intermediate,intermediate,0,0,0.035,False,False,28.22,1.87,1.42,4,pit_intermediate,True,-1.75,-114.55,80.248,2.248,True,False,0.8847,,,True,1.2012,True,0.1438,True,1.1877,True,0.6734,True,1.6652,True,-0.4785
sample-run,qrl,1001,qrl-1001-monaco,monaco,2026,Monaco Grand Prix,0,0,5,6,medium,medium,0,1,0.0,False,False,10.86,2.92,1.36,0,stay_out,True,-0.6,-0.6,78.785,0.785,False,False,3.1781,,,True,0.7034,True,0.1294,True,-0.298,True,-0.2856,False,-0.5666,False,-0.1536
sample-run,qrl,1001,qrl-1001-monaco,monaco,2026,Monaco Grand Prix,1,1,6,7,medium,medium,1,2,0.0,False,False,11.03,1.17,1.42,0,stay_out,True,-0.7,-1.3,77.68,-0.32,False,False,3.2334,,,True,2.3973,True,-1.0415,True,-0.6126,True,0.4746,False,-0.0959,False,-0.5892
sample-run,qrl,1001,qrl-1001-monaco,monaco,2026,Monaco Grand Prix,2,2,6,7,intermediate,intermediate,0,0,0.092,False,False,19.53,0.94,1.7,4,pit_intermediate,True,-0.75,-2.05,80.112,2.112,False,False,1.5151,,,True,0.7136,True,0.6839,True,0.7615,True,1.636,True,2.1587,True,-0.5616
sample-run,qrl,1001,qrl-1001-monaco,monaco,2026,Monaco Grand Prix,3,3,6,7,intermediate,intermediate,0,1,0.0,False,False,19.72,2.14,2.02,0,stay_out,True,-0.7,-2.75,79.577,1.577,False,False,1.2763,,,True,1.9635,True,-0.6094,True,-0.5536,True,-0.6032,False,0.9528,False,-0.9065
sample-run,qrl,1001,qrl-1001-monaco,monaco,2026,Monaco Grand Prix,4,4,6,7,intermediate,intermediate,1,2,0.0,False,False,17.8,1.6,2.59,0,stay_out,True,-0.7,-3.45,77.05,-0.95,False,False,1.9771,,,True,-0.0784,True,-0.7468,True,0.5829,True,0.7377,False,0.3068,False,0.2671
sample-run,qrl,1001,qrl-1001-monaco,monaco,2026,Monaco Grand Prix,5,5,5,6,intermediate,intermediate,2,3,0.0,False,False,14.23,1.56,2.15,0,stay_out,True,-0.6,-4.05,76.22,-1.78,False,False,2.4755,,,True,0.8193,True,1.5795,True,-0.2077,True,-1.0379,False,-0.6095,False,-0.4835
sample-run,qrl,1001,qrl-1001-monaco,monaco,2026,Monaco Grand Prix,6,6,5,6,intermediate,intermediate,3,4,0.0,False,False,12.06,0.53,2.83,0,stay_out,True,-0.6,-4.65,77.531,-0.469,False,False,1.9705,,,True,-0.1951,True,-0.7985,True,0.2841,True,-1.3336,False,0.2526,False,-0.59
sample-run,qrl,1001,qrl-1001-monaco,monaco,2026,Monaco Grand Prix,7,7,5,6,intermediate,intermediate,4,5,0.0,False,False,10.72,2.24,0.51,0,stay_out,True,-0.6,-5.25,77.994,-0.006,False,False,3.0813,,,True,3.0422,True,0.7781,True,-0.4413,True,-0.2328,False,-1.303,False,0.2063
sample-run,qrl,1001,qrl-1001-monaco,monaco,2026,Monaco Grand Prix,8,8,5,6,intermediate,intermediate,0,0,0.461,False,False,11.95,1.96,0.76,4,pit_intermediate,True,-0.65,-5.9,80.069,2.069,False,False,3.5914,,,True,1.6667,True,-0.0888,True,0.7397,True,-0.5866,True,0.5621,True,0.8019
sample-run,qrl,1001,qrl-1001-monaco,monaco,2026,Monaco Grand Prix,9,9,5,6,intermediate,intermediate,0,1,0.0,False,False,16.75,2.4,1.37,0,stay_out,True,-0.6,-6.5,77.581,-0.419,False,False,2.5958,,,True,0.1547,True,-1.1174,True,0.6659,True,0.2925,False,-0.9457,False,0.5295
sample-run,qrl,1001,qrl-1001-monaco,monaco,2026,Monaco Grand Prix,10,10,4,5,intermediate,intermediate,1,2,0.0,False,False,12.47,1.92,1.25,0,stay_out,True,-0.5,-7.0,77.082,-0.918,False,False,2.3223,,,True,2.6434,True,0.6537,True,-0.0515,True,-0.4653,False,-1.7477,False,0.1559
sample-run,qrl,1001,qrl-1001-monaco,monaco,2026,Monaco Grand Prix,11,11,3,4,intermediate,intermediate,2,3,0.0,False,False,11.94,1.11,0.6,0,stay_out,True,-0.4,-7.4,77.078,-0.922,False,False,2.7024,,,True,3.8282,True,-0.6633,True,-0.0441,True,1.7449,False,1.7153,False,-0.0546
sample-run,qrl,1001,qrl-1001-monaco,monaco,2026,Monaco Grand Prix,12,12,3,4,intermediate,intermediate,3,4,0.0,False,False,10.06,0.54,0.85,0,stay_out,True,-0.4,-7.8,80.711,2.711,False,False,3.1395,,,True,1.9643,True,0.3087,True,0.0018,True,-0.1719,False,1.2329,False,-0.9913
sample-run,qrl,1001,qrl-1001-monaco,monaco,2026,Monaco Grand Prix,13,13,2,3,intermediate,intermediate,4,5,0.0,False,False,7.68,1.42,1.74,0,stay_out,True,-0.3,-8.1,80.006,2.006,False,False,3.1176,,,True,1.8154,True,0.3733,True,-1.9363,True,0.3202,False,-0.0051,False,-1.6885
sample-run,qrl,1001,qrl-1001-monaco,monaco,2026,Monaco Grand Prix,14,14,1,2,intermediate,intermediate,5,6,0.0,False,False,3.11,2.53,1.34,0,stay_out,True,-0.2,-8.3,79.116,1.116,False,False,2.7998,,,True,0.0686,True,2.0408,True,-0.8134,True,-0.7653,False,1.2208,False,0.7901
sample-run,qrl,1001,qrl-1001-monaco,monaco,2026,Monaco Grand Prix,15,15,2,3,intermediate,intermediate,6,7,0.0,False,False,6.33,1.97,2.23,0,stay_out,True,-0.3,-8.6,79.393,1.393,False,False,3.3669,,,True,3.2311,True,1.4641,True,-1.0179,True,0.436,False,-2.1265,False,1.69
sample-run,qrl,1001,qrl-1001-monaco,monaco,2026,Monaco Grand Prix,16,16,3,4,intermediate,intermediate,7,8,0.0,False,False,7.67,1.52,1.77,0,stay_out,True,-0.4,-9.0,77.838,-0.162,False,False,3.5272,,,True,1.8684,True,0.9877,True,0.662,True,2.1216,False,0.6611,False,-0.3888
sample-run,qrl,1001,qrl-1001-monaco,monaco,2026,Monaco Grand Prix,17,17,3,4,intermediate,intermediate,8,9,0.0,False,False,11.18,2.87,2.12,0,stay_out,True,-0.4,-9.4,78.01,0.01,False,False,2.0845,,,True,0.2156,True,0.0825,True,1.5029,True,-0.1773,False,-0.5221,False,-0.6077
sample-run,qrl,1001,qrl-1001-monaco,monaco,2026,Monaco Grand Prix,18,18,2,3,intermediate,intermediate,9,10,0.0,False,False,5.94,0.57,2.25,0,stay_out,True,-0.3,-9.7,76.35,-1.65,False,False,1.4592,,,True,2.9296,True,1.458,True,-1.1049,True,0.7452,False,-0.8008,False,-0.7762
sample-run,qrl,1001,qrl-1001-monaco,monaco,2026,Monaco Grand Prix,19,19,1,2,intermediate,intermediate,0,0,0.138,False,False,3.01,1.52,1.59,4,pit_intermediate,True,-0.25,-9.95,80.959,2.959,False,False,2.4787,,,True,-1.2063,True,-0.8999,True,-0.0918,True,1.0619,True,3.5582,True,-1.0852
sample-run,qrl,1001,qrl-1001-monaco,monaco,2026,Monaco Grand Prix,20,20,1,1,intermediate,intermediate,0,1,0.0,False,False,1.52,2.22,2.97,0,stay_out,True,-0.1,-10.05,79.091,1.091,False,False,1.4198,,,True,0.9866,True,1.9782,True,-0.2349,True,-0.6339,False,0.2964,False,-0.2576
sample-run,qrl,1001,qrl-1001-monaco,monaco,2026,Monaco Grand Prix,21,21,1,1,intermediate,intermediate,1,2,0.0,False,False,2.87,2.53,0.71,0,stay_out,True,-0.1,-10.15,78.381,0.381,False,False,3.2738,,,True,2.7674,True,0.8521,True,0.1543,True,-0.9287,False,-1.124,False,-0.064
sample-run,qrl,1001,qrl-1001-monaco,monaco,2026,Monaco Grand Prix,22,22,1,1,intermediate,intermediate,2,3,0.0,False,False,2.43,2.53,1.95,0,stay_out,True,-0.1,-10.25,79.397,1.397,False,False,1.6832,,,True,1.8366,True,0.6306,True,-0.5409,True,0.2827,False,-1.8672,False,1.0952
sample-run,qrl,1001,qrl-1001-monaco,monaco,2026,Monaco Grand Prix,23,23,1,1,intermediate,intermediate,3,4,0.0,False,False,1.53,1.93,2.47,0,stay_out,True,-0.1,-10.35,77.651,-0.349,False,False,1.3686,,,True,1.8261,True,0.1336,True,0.1036,True,0.2964,False,0.2166,False,-0.216
sample-run,qrl,1001,qrl-1001-monaco,monaco,2026,Monaco Grand Prix,24,24,1,1,intermediate,intermediate,4,5,0.0,False,False,2.2,2.93,1.93,0,stay_out,True,-0.1,-10.45,78.471,0.471,False,False,2.1749,,,True,1.436,True,-0.1837,True,0.5344,True,0.8145,False,0.6801,False,-1.7499
sample-run,qrl,1001,qrl-1001-monaco,monaco,2026,Monaco Grand Prix,25,25,2,3,intermediate,intermediate,0,0,0.233,False,False,5.61,2.44,1.26,4,pit_intermediate,True,-0.35,-10.8,80.98,2.98,False,False,3.3952,,,True,-1.4727,True,-0.3962,True,1.2038,True,-0.5884,True,0.2894,True,-0.2888
sample-run,qrl,1001,qrl-1001-monaco,monaco,2026,Monaco Grand Prix,26,26,3,4,intermediate,intermediate,0,1,0.0,False,False,6.71,1.44,1.77,0,stay_out,True,-0.4,-11.2,77.9,-0.1,False,False,2.7654,,,True,1.6234,True,1.4933,True,0.5076,True,-0.9991,False,0.5158,False,-0.2212
sample-run,qrl,1001,qrl-1001-monaco,monaco,2026,Monaco Grand Prix,27,27,4,5,intermediate,intermediate,1,2,0.0,True,False,9.17,1.02,2.73,0,stay_out,True,-0.5,-11.7,78.254,0.254,False,False,2.3012,,,True,3.6831,True,-0.1787,True,1.0214,True,1.1952,False,-0.0611,False,0.0768
sample-run,qrl,1001,qrl-1001-monaco,monaco,2026,Monaco Grand Prix,28,28,5,6,intermediate,intermediate,2,3,0.0,False,False,13.37,1.52,1.16,0,stay_out,True,-0.6,-12.3,78.339,0.339,False,False,1.3769,,,True,2.027,True,0.5674,True,0.2816,True,0.7501,False,0.9457,False,-1.1069
sample-run,qrl,1001,qrl-1001-monaco,monaco,2026,Monaco Grand Prix,29,29,5,6,intermediate,intermediate,3,4,0.0,False,False,11.95,2.83,2.65,0,stay_out,True,-0.6,-12.9,76.696,-1.304,False,False,2.1314,,,True,3.3587,True,-1.0544,True,-0.2346,True,-0.1855,False,1.0311,False,-1.7383
sample-run,qrl,1001,qrl-1001-monaco,monaco,2026,Monaco Grand Prix,30,30,6,7,intermediate,intermediate,4,5,0.0,False,False,17.15,0.52,2.41,0,stay_out,True,-0.7,-13.6,79.277,1.277,False,False,3.5065,,,True,2.0082,True,0.591,True,0.2658,True,0.2052,False,0.9308,False,-1.153
sample-run,qrl,1001,qrl-1001-monaco,monaco,2026,Monaco Grand Prix,31,31,6,7,intermediate,intermediate,5,6,0.0,False,False,10.85,1.82,1.12,0,stay_out,True,-0.7,-14.3,80.96,2.96,False,False,2.7329,,,True,0.0978,True,-0.546,True,-0.4568,True,1.3206,False,-0.8199,False,1.6579
sample-run,qrl,1001,qrl-1001-monaco,monaco,2026,Monaco Grand Prix,32,32,6,7,intermediate,intermediate,6,7,0.0,False,False,11.66,0.93,1.53,0,stay_out,True,-0.7,-15.0,78.384,0.384,False,False,1.7876,,,True,1.1911,True,0.9508,True,-0.1292,True,-1.5486,False,-1.0601,False,-1.2739
sample-run,qrl,1001,qrl-1001-monaco,monaco,2026,Monaco Grand Prix,33,33,5,6,intermediate,intermediate,7,8,0.0,False,False,11.94,1.98,1.01,0,stay_out,True,-0.6,-15.6,77.119,-0.881,False,False,2.3021,,,True,0.9322,True,2.5997,True,-1.075,True,0.4187,False,-0.3382,False,-0.8134
sample-run,qrl,1001,qrl-1001-monaco,monaco,2026,Monaco Grand Prix,34,34,5,6,intermediate,intermediate,8,9,0.0,False,False,14.19,0.61,2.44,0,stay_out,True,-0.6,-16.2,77.22,-0.78,False,False,1.9716,,,True,1.7227,True,0.3354,True,-0.189,True,-0.1053,False,0.974,False,0.7682
sample-run,qrl,1001,qrl-1001-monaco,monaco,2026,Monaco Grand Prix,35,35,5,6,intermediate,intermediate,9,10,0.0,True,False,11.78,1.67,1.4,0,stay_out,True,-0.6,-16.8,77.564,-0.436,False,False,2.4579,,,True,-0.5781,True,0.5875,True,-0.9033,True,0.7325,False,-0.376,False,2.2296
sample-run,qrl,1001,qrl-1001-monaco,monaco,2026,Monaco Grand Prix,36,36,4,5,intermediate,intermediate,0,0,0.158,False,False,10.87,1.9,2.42,4,pit_intermediate,True,-0.55,-17.35,79.45,1.45,False,False,2.3412,,,True,-1.6005,True,0.5531,True,0.7103,True,-0.8758,True,0.972,True,-0.7282
sample-run,qrl,1001,qrl-1001-monaco,monaco,2026,Monaco Grand Prix,37,37,4,5,intermediate,intermediate,0,1,0.0,False,False,14.96,1.95,2.71,0,stay_out,True,-0.5,-17.85,78.343,0.343,False,False,2.859,,,True,0.7111,True,-1.9856,True,-1.5459,True,-0.0889,False,0.2258,False,0.2566
sample-run,qrl,1001,qrl-1001-monaco,monaco,2026,Monaco Grand Prix,38,38,5,6,intermediate,intermediate,1,2,0.0,False,False,12.06,2.74,0.71,0,stay_out,True,-0.6,-18.45,77.24,-0.76,False,False,3.5259,,,True,1.7232,True,0.2232,True,-0.344,True,-2.0135,False,-0.4824,False,1.5225
sample-run,qrl,1001,qrl-1001-monaco,monaco,2026,Monaco Grand Prix,39,39,5,6,intermediate,intermediate,2,3,0.0,False,False,16.35,1.29,1.36,0,stay_out,True,-0.6,-19.05,78.255,0.255,False,False,3.3326,,,True,2.2067,True,0.3871,True,0.3417,True,1.6801,False,1.0953,False,-2.9128
sample-run,qrl,1001,qrl-1001-monaco,monaco,2026,Monaco Grand Prix,40,40,5,6,intermediate,intermediate,3,4,0.0,False,False,11.51,1.87,2.5,0,stay_out,True,-0.6,-19.65,76.275,-1.725,False,False,1.7957,,,True,1.4062,True,0.5488,True,0.0241,True,-1.1633,False,-0.0226,False,0.8075
sample-run,qrl,1001,qrl-1001-monaco,monaco,2026,Monaco Grand Prix,41,41,5,6,intermediate,intermediate,4,5,0.0,False,False,11.95,1.7,0.57,0,stay_out,True,-0.6,-20.25,79.009,1.009,False,False,1.5525,,,True,1.8374,True,-1.0842,True,-0.7464,True,-0.2038,False,0.4134,False,-0.374
sample-run,qrl,1001,qrl-1001-monaco,monaco,2026,Monaco Grand Prix,42,42,5,6,intermediate,intermediate,5,6,0.0,False,False,12.57,1.75,1.12,0,stay_out,True,-0.6,-20.85,78.003,0.003,False,False,1.983,,,True,1.6495,True,-0.0251,True,0.822,True,-0.9862,False,0.6028,False,-1.8524
sample-run,qrl,1001,qrl-1001-monaco,monaco,2026,Monaco Grand Prix,43,43,6,7,intermediate,intermediate,0,0,0.054,False,False,11.16,1.9,0.55,4,pit_intermediate,True,-0.75,-21.6,81.615,3.615,False,False,2.2281,,,True,1.5601,True,-1.1781,True,2.6928,True,-0.4369,True,2.3274,True,-0.8261
sample-run,qrl,1001,qrl-1001-monaco,monaco,2026,Monaco Grand Prix,44,44,5,6,intermediate,intermediate,0,1,0.0,True,False,14.64,0.54,1.46,0,stay_out,True,-0.6,-22.2,76.487,-1.513,False,False,1.9501,,,True,0.3042,True,0.0471,True,-0.5642,True,-1.0037,False,0.132,False,-0.5644
sample-run,qrl,1001,qrl-1001-monaco,monaco,2026,Monaco Grand Prix,45,45,4,5,intermediate,intermediate,0,0,0.026,False,False,8.88,0.61,1.32,4,pit_intermediate,True,-0.55,-22.75,78.32,0.32,False,False,1.3508,,,True,-1.176,True,-0.8523,True,-0.0525,True,-1.8805,True,2.9297,True,1.0636
sample-run,qrl,1001,qrl-1001-monaco,monaco,2026,Monaco Grand Prix,46,46,4,5,intermediate,intermediate,0,1,0.0,False,False,13.66,0.95,0.95,0,stay_out,True,-0.5,-23.25,79.728,1.728,False,False,3.4896,,,True,3.9898,True,-0.0917,True,-0.4142,True,-2.5071,False,1.7105,False,0.3082
sample-run,qrl,1001,qrl-1001-monaco,monaco,2026,Monaco Grand Prix,47,47,3,4,intermediate,intermediate,1,2,0.0,False,False,7.82,1.64,1.23,0,stay_out,True,-0.4,-23.65,79.512,1.512,False,False,1.6459,,,True,2.6932,True,0.7605,True,0.5853,True,-1.2782,False,-1.1155,False,0.8185
sample-run,qrl,1001,qrl-1001-monaco,monaco,2026,Monaco Grand Prix,48,48,3,4,intermediate,intermediate,2,3,0.0,False,False,9.3,1.18,1.58,0,stay_out,True,-0.4,-24.05,79.175,1.175,False,False,1.5185,,,True,0.8231,True,1.9529,True,1.1341,True,1.3721,False,-0.2112,False,-1.3889
sample-run,qrl,1001,qrl-1001-monaco,monaco,2026,Monaco Grand Prix,49,49,2,3,intermediate,intermediate,3,4,0.0,False,False,6.73,1.26,1.17,0,stay_out,True,-0.3,-24.35,77.201,-0.799,False,False,1.9385,,,True,2.0119,True,0.1566,True,0.2809,True,-0.1041,False,-1.2527,False,1.4095
sample-run,qrl,1001,qrl-1001-monaco,monaco,2026,Monaco Grand Prix,50,50,1,2,intermediate,intermediate,4,5,0.0,False,False,3.76,2.6,1.05,0,stay_out,True,-0.2,-24.55,77.577,-0.423,False,False,3.1882,,,True,2.1465,True,-1.1642,True,0.3633,True,1.5305,False,0.2014,False,-0.8883
sample-run,qrl,1001,qrl-1001-monaco,monaco,2026,Monaco Grand Prix,51,51,1,2,intermediate,intermediate,5,6,0.0,False,False,3.33,2.98,0.55,0,stay_out,True,-0.2,-24.75,76.82,-1.18,False,False,3.5783,,,True,2.3202,True,-0.774,True,-1.1331,True,-0.34,False,-0.411,False,-1.935
sample-run,qrl,1001,qrl-1001-monaco,monaco,2026,Monaco Grand Prix,52,52,1,2,intermediate,intermediate,6,7,0.0,False,False,5.25,1.47,0.64,0,stay_out,True,-0.2,-24.95,78.922,0.922,False,False,2.857,,,True,0.9159,True,-1.5476,True,-0.0871,True,-1.3771,False,-0.0129,False,1.3789
sample-run,qrl,1001,qrl-1001-monaco,monaco,2026,Monaco Grand Prix,53,53,1,1,intermediate,intermediate,7,8,0.0,False,False,2.54,1.94,1.07,0,stay_out,True,-0.1,-25.05,78.484,0.484,False,False,2.7915,,,True,-0.5184,True,1.9565,True,0.6301,True,-1.3938,False,0.115,False,-1.1291
sample-run,qrl,1001,qrl-1001-monaco,monaco,2026,Monaco Grand Prix,54,54,1,1,intermediate,intermediate,0,0,0.047,False,False,1.89,0.75,2.78,4,pit_intermediate,True,-0.15,-25.2,79.312,1.312,False,False,1.2201,,,True,1.4397,True,1.5634,True,-0.5642,True,0.5219,True,1.3512,True,0.2434
sample-run,qrl,1001,qrl-1001-monaco,monaco,2026,Monaco Grand Prix,55,55,1,1,intermediate,intermediate,0,1,0.0,False,False,1.76,1.3,1.67,0,stay_out,True,-0.1,-25.3,78.29,0.29,False,False,2.5667,,,True,0.2181,True,-1.6626,True,-0.9426,True,0.3261,False,-1.1134,False,-1.4013
sample-run,qrl,1001,qrl-1001-monaco,monaco,2026,Monaco Grand Prix,56,56,1,1,intermediate,intermediate,1,2,0.0,False,False,2.0,0.58,2.92,0,stay_out,True,-0.1,-25.4,79.243,1.243,False,False,2.549,,,True,2.2898,True,-0.1753,True,0.1294,True,1.2677,False,-0.8687,False,0.3641
sample-run,qrl,1001,qrl-1001-monaco,monaco,2026,Monaco Grand Prix,57,57,1,1,intermediate,intermediate,2,3,0.0,False,False,2.26,1.35,0.92,0,stay_out,True,-0.1,-25.5,77.273,-0.727,False,False,2.9337,,,True,0.8167,True,0.7848,True,-1.8359,True,1.2504,False,-0.2434,False,-0.3169
sample-run,qrl,1001,qrl-1001-monaco,monaco,2026,Monaco Grand Prix,58,58,1,1,intermediate,intermediate,3,4,0.0,False,False,2.57,2.39,1.11,0,stay_out,True,-0.1,-25.6,78.182,0.182,False,False,2.995,,,True,1.2427,True,0.6046,True,0.3611,True,-1.0777,False,-1.9149,False,0.5005
sample-run,qrl,1001,qrl-1001-monaco,monaco,2026,Monaco Grand Prix,59,59,1,1,intermediate,intermediate,4,5,0.0,False,False,2.03,0.91,1.94,0,stay_out,True,-0.1,-25.7,77.433,-0.567,False,False,2.1044,,,True,-0.5188,True,-0.9094,True,0.3692,True,0.4193,False,-0.5022,False,-0.8577
sample-run,qrl,1001,qrl-1001-monaco,monaco,2026,Monaco Grand Prix,60,60,1,1,intermediate,intermediate,5,6,0.0,False,False,2.2,2.12,1.35,0,stay_out,True,-0.1,-25.8,78.178,0.178,False,False,1.5882,,,True,1.1564,True,-0.1733,True,-1.4737,True,1.3391,False,0.8478,False,-0.532
sample-run,qrl,1001,qrl-1001-monaco,monaco,2026,Monaco Grand Prix,61,61,1,1,intermediate,intermediate,6,7,0.0,False,False,2.04,2.72,2.68,0,stay_out,True,-0.1,-25.9,79.28,1.28,False,False,2.1181,,,True,3.4505,True,0.7309,True,0.0972,True,-0.8022,False,0.4356,False,1.9223
sample-run,qrl,1001,qrl-1001-monaco,monaco,2026,Monaco Grand Prix,62,62,1,1,intermediate,intermediate,0,0,0.349,False,False,1.89,2.72,1.36,4,pit_intermediate,True,-0.15,-26.05,81.96,3.96,False,False,2.5563,,,True,-0.1276,True,-0.0396,True,0.1376,True,-0.5459,True,1.6866,True,0.3077
sample-run,qrl,1001,qrl-1001-monaco,monaco,2026,Monaco Grand Prix,63,63,1,1,intermediate,intermediate,0,0,0.122,False,False,1.7,0.51,1.71,4,pit_intermediate,True,-0.15,-26.2,81.119,3.119,False,False,2.2773,,,True,-0.3449,True,1.2403,True,-0.3212,True,0.6853,True,1.3981,True,0.0308
sample-run,qrl,1001,qrl-1001-monaco,monaco,2026,Monaco Grand Prix,64,64,1,1,intermediate,intermediate,0,1,0.0,False,False,2.44,0.94,1.8,0,stay_out,True,-0.1,-26.3,76.559,-1.441,False,False,1.7291,,,True,2.9696,True,-1.03,True,-0.8567,True,-1.3958,False,1.2274,False,0.9182
sample-run,qrl,1001,qrl-1001-monaco,monaco,2026,Monaco Grand Prix,65,65,1,2,intermediate,intermediate,1,2,0.0,False,False,4.33,0.71,1.71,0,stay_out,True,-0.2,-26.5,80.499,2.499,False,False,2.2693,,,True,2.2072,True,0.6345,True,1.0037,True,-1.542,False,0.0047,False,-1.5125
sample-run,qrl,1001,qrl-1001-monaco,monaco,2026,Monaco Grand Prix,66,66,1,2,intermediate,intermediate,2,3,0.0,True,False,3.11,2.94,1.87,0,stay_out,True,-0.2,-26.7,79.306,1.306,False,False,1.3243,,,True,1.1787,True,-1.4813,True,-0.2247,True,1.6927,False,1.6092,False,-0.4731
sample-run,qrl,1001,qrl-1001-monaco,monaco,2026,Monaco Grand Prix,67,67,1,1,intermediate,intermediate,3,4,0.0,False,False,1.85,2.27,1.67,0,stay_out,True,-0.1,-26.8,78.469,0.469,False,False,1.2727,,,True,0.858,True,-1.2279,True,-1.2254,True,-0.223,False,1.4511,False,-0.1745
sample-run,qrl,1001,qrl-1001-monaco,monaco,2026,Monaco Grand Prix,68,68,1,1,intermediate,intermediate,4,5,0.0,False,False,2.92,1.46,1.94,0,stay_out,True,-0.1,-26.9,79.237,1.237,False,False,3.4416,,,True,0.7379,True,0.2726,True,-0.665,True,0.5171,False,-0.3835,False,0.7952
sample-run,qrl,1001,qrl-1001-monaco,monaco,2026,Monaco Grand Prix,69,69,1,2,intermediate,intermediate,0,0,0.106,False,False,5.68,1.88,0.72,4,pit_intermediate,True,-0.25,-27.15,81.24,3.24,False,False,3.3008,,,True,-0.977,True,-0.463,True,-0.6384,True,0.1783,True,0.4746,True,1.282
sample-run,qrl,1001,qrl-1001-monaco,monaco,2026,Monaco Grand Prix,70,70,1,1,intermediate,intermediate,0,1,0.0,False,False,2.46,0.58,2.85,0,stay_out,True,-0.1,-27.25,78.373,0.373,False,False,2.3004,,,True,1.0236,True,-0.9942,True,1.7488,True,-0.1601,False,1.898,False,-0.6839
sample-run,qrl,1001,qrl-1001-monaco,monaco,2026,Monaco Grand Prix,71,71,1,1,intermediate,intermediate,1,2,0.0,False,False,2.13,2.4,2.02,0,stay_out,True,-0.1,-27.35,80.494,2.494,False,False,1.962,,,True,1.2709,True,0.3186,True,-0.1631,True,-0.6216,False,-1.4941,False,-1.1417
sample-run,qrl,1001,qrl-1001-monaco,monaco,2026,Monaco Grand Prix,72,72,1,1,intermediate,intermediate,2,3,0.0,False,False,2.29,0.53,1.53,0,stay_out,True,-0.1,-27.45,76.72,-1.28,False,False,1.74,,,True,0.2409,True,1.6491,True,-0.1409,True,-0.3215,False,-0.6014,False,0.7125
sample-run,qrl,1001,qrl-1001-monaco,monaco,2026,Monaco Grand Prix,73,73,1,1,intermediate,intermediate,3,4,0.0,False,False,2.47,1.0,1.4,0,stay_out,True,-0.1,-27.55,76.593,-1.407,False,False,3.4129,,,True,1.5044,True,0.3357,True,1.194,True,2.6583,False,-0.3968,False,-0.8771
sample-run,qrl,1001,qrl-1001-monaco,monaco,2026,Monaco Grand Prix,74,74,1,1,intermediate,intermediate,0,0,0.113,False,False,1.75,2.57,2.27,4,pit_intermediate,True,-0.15,-27.7,79.639,1.639,False,False,1.8254,,,True,-1.9242,True,-1.6038,True,0.6172,True,-0.1532,True,-0.3348,True,-0.5508
sample-run,qrl,1001,qrl-1001-monaco,monaco,2026,Monaco Grand Prix,75,75,1,2,intermediate,intermediate,0,1,0.0,False,False,4.7,2.99,1.98,0,stay_out,True,-0.2,-27.9,80.901,2.901,False,False,2.209,,,True,2.352,True,-0.1896,True,0.752,True,-0.7273,False,-0.8258,False,-0.8712
sample-run,qrl,1001,qrl-1001-monaco,monaco,2026,Monaco Grand Prix,76,76,1,2,intermediate,intermediate,1,2,0.0,False,False,4.48,1.65,1.68,0,stay_out,True,-0.2,-28.1,78.692,0.692,False,False,2.0658,,,True,1.3777,True,1.8629,True,-0.82,True,-0.7141,False,0.38,False,2.0068
sample-run,qrl,1001,qrl-1001-monaco,monaco,2026,Monaco Grand Prix,77,77,1,1,intermediate,intermediate,2,3,0.0,False,False,2.04,1.63,1.26,0,stay_out,True,-0.1,-28.2,78.611,0.611,True,False,2.2949,,,True,0.4641,True,-1.6062,True,0.7755,True,-0.5293,False,-0.9187,False,-1.1053
sample-run,dqn,1002,dqn-1002-monaco,monaco,2026,Monaco Grand Prix,0,0,12,13,medium,medium,0,1,0.0,False,False,36.03,1.95,0.83,0,stay_out,True,-1.3,-1.3,77.665,-0.335,False,False,0.7468,,,True,0.8119,True,1.2789,True,0.3198,True,-0.6295,False,-1.3853,False,-1.1577
sample-run,dqn,1002,dqn-1002-monaco,monaco,2026,Monaco Grand Prix,1,1,11,12,medium,medium,1,2,0.0,False,False,26.46,0.84,1.17,0,stay_out,True,-1.2,-2.5,78.131,0.131,False,False,1.1846,,,True,1.2937,True,-1.2449,True,1.0918,True,0.7103,False,0.0749,False,1.0322
sample-run,dqn,1002,dqn-1002-monaco,monaco,2026,Monaco Grand Prix,2,2,12,13,medium,medium,2,3,0.0,False,False,27.12,1.39,2.85,0,stay_out,True,-1.3,-3.8,78.725,0.725,False,False,1.0873,,,True,2.023,True,0.6365,True,-0.8492,True,0.3007,False,0.9153,False,-0.4798
sample-run,dqn,1002,dqn-1002-monaco,monaco,2026,Monaco Grand Prix,3,3,12,13,medium,medium,3,4,0.0,False,False,25.17,1.55,0.95,0,stay_out,True,-1.3,-5.1,77.824,-0.176,False,False,1.1051,,,True,2.0326,True,0.2657,True,1.0096,True,-1.6257,False,-0.5479,False,0.251
sample-run,dqn,1002,dqn-1002-monaco,monaco,2026,Monaco Grand Prix,4,4,13,14,medium,medium,4,5,0.0,False,False,31.07,0.69,1.25,0,stay_out,True,-1.4,-6.5,75.587,-2.413,False,False,0.7168,,,True,0.4389,True,1.853,True,-1.7147,True,1.3644,False,-0.2979,False,-1.9632
sample-run,dqn,1002,dqn-1002-monaco,monaco,2026,Monaco Grand Prix,5,5,13,14,medium,medium,5,6,0.0,False,False,24.05,2.03,2.81,0,stay_out,True,-1.4,-7.9,77.843,-0.157,False,False,0.5932,,,True,2.0244,True,0.3857,True,-0.5229,True,0.296,False,-0.5206,False,0.1338
sample-run,dqn,1002,dqn-1002-monaco,monaco,2026,Monaco Grand Prix,6,6,13,14,medium,medium,6,7,0.0,False,False,29.44,1.72,0.84,0,stay_out,True,-1.4,-9.3,77.84,-0.16,False,False,0.9753,,,True,0.5862,True,0.9378,True,0.7133,True,0.6286,False,0.2202,False,-2.05
sample-run,dqn,1002,dqn-1002-monaco,monaco,2026,Monaco Grand Prix,7,7,13,14,medium,medium,7,8,0.0,False,False,33.46,2.93,2.57,0,stay_out,True,-1.4,-10.7,79.431,1.431,False,False,1.1359,,,True,1.8377,True,0.1137,True,-0.9733,True,0.6277,False,2.3793,False,-1.7104
sample-run,dqn,1002,dqn-1002-monaco,monaco,2026,Monaco Grand Prix,8,8,13,14,medium,medium,8,9,0.0,False,False,38.4,1.11,2.19,0,stay_out,True,-1.4,-12.1,79.206,1.206,False,False,1.1598,,,True,1.8433,True,1.0777,True,0.6538,True,-0.614,False,1.5241,False,-0.9232
sample-run,dqn,1002,dqn-1002-monaco,monaco,2026,Monaco Grand Prix,9,9,13,14,medium,medium,9,10,0.0,False,False,38.32,2.42,1.41,0,stay_out,True,-1.4,-13.5,79.238,1.238,False,False,1.0304,,,True,0.8786,True,-1.308,True,-0.1043,True,-1.5979,False,-1.0104,False,-0.3878
sample-run,dqn,1002,dqn-1002-monaco,monaco,2026,Monaco Grand Prix,10,10,12,13,medium,medium,10,11,0.0,False,False,36.96,1.28,2.16,0,stay_out,True,-1.3,-14.8,76.763,-1.237,False,False,0.692,,,True,0.1639,True,-0.0206,True,-0.4086,True,-0.9345,False,0.4097,False,1.2241
sample-run,dqn,1002,dqn-1002-monaco,monaco,2026,Monaco Grand Prix,11,11,12,13,medium,medium,11,12,0.0,False,False,31.55,2.77,1.23,0,stay_out,True,-1.3,-16.1,77.703,-0.297,False,False,0.4753,,,True,1.3901,True,1.0463,True,0.9938,True,-0.1401,False,1.1235,False,-0.7665
sample-run,dqn,1002,dqn-1002-monaco,monaco,2026,Monaco Grand Prix,12,12,11,12,medium,medium,12,13,0.0,False,False,18.26,0.84,2.54,0,stay_out,True,-1.2,-17.3,76.92,-1.08,False,False,0.4465,,,True,1.9043,True,-0.8441,True,1.6558,True,0.0207,False,-0.2101,False,0.0409
sample-run,dqn,1002,dqn-1002-monaco,monaco,2026,Monaco Grand Prix,13,13,10,11,medium,medium,13,14,0.0,False,False,28.12,2.94,2.82,0,stay_out,True,-1.1,-18.4,78.29,0.29,False,False,1.1415,,,True,1.8424,True,-0.3905,True,0.1362,True,-0.3495,False,-1.8607,False,0.9405
sample-run,dqn,1002,dqn-1002-monaco,monaco,2026,Monaco Grand Prix,14,14,9,10,medium,medium,14,15,0.0,False,False,29.3,2.09,1.43,0,stay_out,True,-1.0,-19.4,77.578,-0.422,False,False,0.8023,,,True,0.9434,True,-0.8225,True,-0.5411,True,-2.3131,False,1.0838,False,-1.1804
sample-run,dqn,1002,dqn-1002-monaco,monaco,2026,Monaco Grand Prix,15,15,8,9,medium,medium,15,16,0.0,False,True,17.37,2.9,1.58,0,stay_out,True,-0.9,-20.3,78.577,0.577,False,False,1.0475,,,True,1.671,True,-0.8584,True,-2.1965,True,-0.893,False,-0.511,False,1.4792
sample-run,dqn,1002,dqn-1002-monaco,monaco,2026,Monaco Grand Prix,16,16,9,10,medium,medium,0,0,0.0,False,False,15.23,1.56,1.88,2,pit_medium,True,-0.5,-20.8,80.7,2.7,False,False,1.0111,,,True,-0.6513,True,-1.4116,True,2.7724,True,-1.4124,False,-0.9076,False,0.2563
sample-run,dqn,1002,dqn-1002-monaco,monaco,2026,Monaco Grand Prix,17,17,9,10,medium,medium,0,1,0.0,False,False,21.59,1.7,1.87,0,stay_out,True,-1.0,-21.8,79.417,1.417,False,False,0.948,,,True,0.9192,True,1.0849,True,-0.9399,True,-1.364,False,-2.0173,False,-1.113
sample-run,dqn,1002,dqn-1002-monaco,monaco,2026,Monaco Grand Prix,18,18,8,9,medium,medium,1,2,0.0,False,False,23.47,2.28,0.52,0,stay_out,True,-0.9,-22.7,79.239,1.239,False,False,0.7486,,,True,1.1158,True,-0.0145,True,-0.7354,True,1.2988,False,-0.3491,False,-0.6468
sample-run,dqn,1002,dqn-1002-monaco,monaco,2026,Monaco Grand Prix,19,19,8,9,medium,medium,2,3,0.0,False,False,20.46,2.08,0.54,0,stay_out,True,-0.9,-23.6,76.76,-1.24,False,False,0.8313,,,True,3.6784,True,1.3469,True,0.4381,True,2.4868,False,1.2773,False,-1.3447
sample-run,dqn,1002,dqn-1002-monaco,monaco,2026,Monaco Grand Prix,20,20,7,8,medium,medium,3,4,0.0,False,False,13.58,2.49,2.53,0,stay_out,True,-0.8,-24.4,79.424,1.424,False,False,0.5114,,,True,2.9594,True,-0.5852,True,0.5764,True,1.593,False,1.4582,False,0.7518
sample-run,dqn,1002,dqn-1002-monaco,monaco,2026,Monaco Grand Prix,21,21,8,9,medium,medium,4,5,0.0,False,False,23.25,1.86,0.88,0,stay_out,True,-0.9,-25.3,80.337,2.337,False,False,0.8837,,,True,1.0164,True,-0.6412,True,-0.2407,True,-0.2129,False,-0.5592,False,0.6432
sample-run,dqn,1002,dqn-1002-monaco,monaco,2026,Monaco Grand Prix,22,22,8,9,medium,medium,5,6,0.0,False,False,26.02,0.68,1.96,0,stay_out,True,-0.9,-26.2,79.413,1.413,False,False,0.8272,,,True,1.5734,True,-0.7626,True,-0.5432,True,-1.2015,False,-0.5475,False,0.3152
sample-run,dqn,1002,dqn-1002-monaco,monaco,2026,Monaco Grand Prix,23,23,8,9,medium,medium,6,7,0.0,False,False,21.71,1.5,1.7,0,stay_out,True,-0.9,-27.1,77.509,-0.491,False,False,0.5419,,,True,-0.4654,True,1.659,True,-1.9977,True,0.6894,False,1.7932,False,-0.2031
sample-run,dqn,1002,dqn-1002-monaco,monaco,2026,Monaco Grand Prix,24,24,7,8,medium,medium,7,8,0.0,False,False,13.77,2.73,1.14,0,stay_out,True,-0.8,-27.9,79.703,1.703,False,False,0.4003,,,True,1.9118,True,-0.302,True,1.0428,True,-0.5307,False,-0.334,False,2.124
sample-run,dqn,1002,dqn-1002-monaco,monaco,2026,Monaco Grand Prix,25,25,7,8,medium,medium,8,9,0.0,False,False,15.65,0.57,2.71,0,stay_out,True,-0.8,-28.7,77.377,-0.623,False,False,0.6281,,,True,0.6665,True,-1.0017,True,-0.8094,True,0.4091,False,0.0365,False,1.6555
sample-run,dqn,1002,dqn-1002-monaco,monaco,2026,Monaco Grand Prix,26,26,6,7,medium,medium,9,10,0.0,False,False,20.09,2.0,2.36,0,stay_out,True,-0.7,-29.4,78.018,0.018,False,False,0.7768,,,True,1.632,True,-1.1916,True,-1.5005,True,-0.1356,False,-0.4173,False,0.2017
sample-run,dqn,1002,dqn-1002-monaco,monaco,2026,Monaco Grand Prix,27,27,6,7,medium,medium,10,11,0.0,False,False,13.61,0.89,1.57,0,stay_out,True,-0.7,-30.1,76.2,-1.8,False,False,1.0601,,,True,0.6791,True,0.6508,True,1.1601,True,-1.0291,False,1.1788,False,-0.471
sample-run,dqn,1002,dqn-1002-monaco,monaco,2026,Monaco Grand Prix,28,28,6,7,medium,medium,11,12,0.0,False,False,16.17,2.04,1.2,0,stay_out,True,-0.7,-30.8,80.27,2.27,False,False,0.791,,,True,0.5325,True,0.1025,True,-1.1649,True,-0.4314,False,0.0909,False,0.1614
sample-run,dqn,1002,dqn-1002-monaco,monaco,2026,Monaco Grand Prix,29,29,6,7,medium,medium,12,13,0.0,False,False,11.34,2.79,1.58,0,stay_out,True,-0.7,-31.5,77.459,-0.541,False,False,0.7956,,,True,1.1716,True,0.9065,True,-0.6874,True,-1.1213,False,-0.0438,False,-1.818
sample-run,dqn,1002,dqn-1002-monaco,monaco,2026,Monaco Grand Prix,30,30,7,8,medium,medium,13,14,0.0,False,False,12.22,1.18,1.32,0,stay_out,True,-0.8,-32.3,79.157,1.157,False,False,0.6146,,,True,1.9205,True,-0.6024,True,0.8811,True,-0.4836,False,-0.5794,False,0.0574
sample-run,dqn,1002,dqn-1002-monaco,monaco,2026,Monaco Grand Prix,31,31,7,8,medium,medium,14,15,0.0,False,False,16.35,1.19,1.02,0,stay_out,True,-0.8,-33.1,76.561,-1.439,False,False,0.9199,,,True,-0.2455,True,0.6055,True,-0.9219,True,0.2733,False,0.6589,False,-0.5464
sample-run,dqn,1002,dqn-1002-monaco,monaco,2026,Monaco Grand Prix,32,32,7,8,medium,medium,15,16,0.0,False,True,22.99,1.95,1.4,0,stay_out,True,-0.8,-33.9,79.311,1.311,False,False,1.0056,,,True,0.6831,True,0.4916,True,-3.0115,True,0.5471,False,-1.9601,False,2.5256
sample-run,dqn,1002,dqn-1002-monaco,monaco,2026,Monaco Grand Prix,33,33,8,9,medium,medium,16,17,0.0,False,True,17.65,0.54,2.76,0,stay_out,True,-0.9,-34.8,78.866,0.866,False,False,0.8504,,,True,0.7602,True,0.1125,True,0.6285,True,-0.5955,False,0.8356,False,0.4857
sample-run,dqn,1002,dqn-1002-monaco,monaco,2026,Monaco Grand Prix,34,34,8,9,medium,medium,17,18,0.0,True,True,23.21,2.97,2.62,0,stay_out,True,-0.9,-35.7,78.488,0.488,False,False,0.7961,,,True,2.9198,True,0.9118,True,0.8496,True,0.5173,False,-0.6038,False,-1.0607
sample-run,dqn,1002,dqn-1002-monaco,monaco,2026,Monaco Grand Prix,35,35,8,9,medium,medium,18,19,0.0,False,True,18.76,1.67,2.64,0,stay_out,True,-0.9,-36.6,78.287,0.287,False,False,0.4464,,,True,1.55,True,1.1032,True,-0.488,True,0.5918,False,0.2738,False,0.3006
sample-run,dqn,1002,dqn-1002-monaco,monaco,2026,Monaco Grand Prix,36,36,8,9,soft,soft,0,0,0.0,False,False,18.84,1.48,1.41,1,pit_soft,True,-0.4,-37.0,80.238,2.238,False,False,0.803,,,True,0.2702,True,1.0957,True,1.0101,True,-0.7117,False,-0.3676,False,-0.6999
sample-run,dqn,1002,dqn-1002-monaco,monaco,2026,Monaco Grand Prix,37,37,8,9,soft,soft,0,1,0.0,False,False,26.9,1.48,1.75,0,stay_out,True,-0.9,-37.9,79.151,1.151,False,False,1.0988,,,True,0.9924,True,0.4007,True,-1.0651,True,1.5142,False,0.6916,False,-0.8887
sample-run,dqn,1002,dqn-1002-monaco,monaco,2026,Monaco Grand Prix,38,38,9,10,soft,soft,1,2,0.0,False,False,17.21,2.6,2.47,0,stay_out,True,-1.0,-38.9,76.123,-1.877,False,False,0.4944,,,True,2.5248,True,-0.2329,True,-0.0912,True,0.1917,False,0.0123,False,0.8628
sample-run,dqn,1002,dqn-1002-monaco,monaco,2026,Monaco Grand Prix,39,39,9,10,soft,soft,2,3,0.0,False,False,25.03,2.56,2.59,0,stay_out,True,-1.0,-39.9,78.428,0.428,False,False,0.7345,,,True,-0.42,True,-1.1472,True,-1.8162,True,-0.1529,False,-1.3147,False,-0.8973
sample-run,dqn,1002,dqn-1002-monaco,monaco,2026,Monaco Grand Prix,40,40,10,11,soft,soft,3,4,0.0,False,False,29.38,0.64,1.82,0,stay_out,True,-1.1,-41.0,76.581,-1.419,False,False,0.5107,,,True,0.6897,True,-0.981,True,-1.3866,True,0.7144,False,0.7281,False,-1.3978
sample-run,dqn,1002,dqn-1002-monaco,monaco,2026,Monaco Grand Prix,41,41,10,11,soft,soft,4,5,0.0,False,False,20.18,2.24,1.68,0,stay_out,True,-1.1,-42.1,75.904,-2.096,False,False,1.0823,,,True,2.8563,True,-0.4818,True,-1.134,True,0.6029,False,-0.9797,False,-1.2572
sample-run,dqn,1002,dqn-1002-monaco,monaco,2026,Monaco Grand Prix,42,42,10,11,soft,soft,5,6,0.0,False,False,29.38,0.97,2.81,0,stay_out,True,-1.1,-43.2,78.492,0.492,False,False,0.6734,,,True,1.6058,True,0.7222,True,1.92,True,-0.9885,False,-0.4809,False,-0.6043
sample-run,dqn,1002,dqn-1002-monaco,monaco,2026,Monaco Grand Prix,43,43,10,11,soft,soft,6,7,0.0,False,False,22.88,1.23,2.62,0,stay_out,True,-1.1,-44.3,77.072,-0.928,False,False,1.0567,,,True,2.168,True,0.7457,True,0.0028,True,-2.153,False,-0.2439,False,0.5933
sample-run,dqn,1002,dqn-1002-monaco,monaco,2026,Monaco Grand Prix,44,44,10,11,soft,soft,7,8,0.0,False,False,32.43,0.67,0.81,0,stay_out,True,-1.1,-45.4,77.558,-0.442,False,False,1.1734,,,True,1.9671,True,0.4939,True,-0.5317,True,-0.4244,False,0.8039,False,0.3065
sample-run,dqn,1002,dqn-1002-monaco,monaco,2026,Monaco Grand Prix,45,45,10,11,soft,soft,8,9,0.0,False,False,21.46,0.91,2.49,0,stay_out,True,-1.1,-46.5,76.577,-1.423,False,False,0.5389,,,True,-0.5088,True,-0.59,True,-0.9008,True,0.0643,False,-0.2283,False,0.3731
sample-run,dqn,1002,dqn-1002-monaco,monaco,2026,Monaco Grand Prix,46,46,10,11,soft,soft,9,10,0.0,False,False,25.31,1.99,1.02,0,stay_out,True,-1.1,-47.6,77.867,-0.133,False,False,0.9857,,,True,2.0624,True,0.3118,True,1.0117,True,0.0433,False,0.1532,False,1.1208
sample-run,dqn,1002,dqn-1002-monaco,monaco,2026,Monaco Grand Prix,47,47,10,11,soft,soft,10,11,0.0,False,False,25.61,0.87,2.6,0,stay_out,True,-1.1,-48.7,79.401,1.401,False,False,0.6323,,,True,0.9971,True,-0.4202,True,-0.2123,True,0.5421,False,1.6095,False,1.3213
sample-run,dqn,1002,dqn-1002-monaco,monaco,2026,Monaco Grand Prix,48,48,12,13,intermediate,intermediate,0,0,0.306,False,False,29.74,1.93,2.47,4,pit_intermediate,True,-1.35,-50.05,81.698,3.698,False,False,0.9445,,,True,-1.3402,True,-0.6602,True,0.5165,True,1.0236,True,0.9069,True,0.559
sample-run,dqn,1002,dqn-1002-monaco,monaco,2026,Monaco Grand Prix,49,49,11,12,intermediate,intermediate,0,1,0.0,False,False,31.88,1.23,1.62,0,stay_out,True,-1.2,-51.25,79.68,1.68,False,False,1.1386,,,True,0.8506,True,-1.1883,True,-1.5295,True,0.9961,False,-1.6576,False,-1.9955
sample-run,dqn,1002,dqn-1002-monaco,monaco,2026,Monaco Grand Prix,50,50,10,11,intermediate,intermediate,1,2,0.0,False,False,31.64,2.44,2.42,0,stay_out,True,-1.1,-52.35,78.767,0.767,False,False,0.4741,,,True,2.8733,True,0.4557,True,1.1574,True,0.3012,False,1.4945,False,0.1277
sample-run,dqn,1002,dqn-1002-monaco,monaco,2026,Monaco Grand Prix,51,51,10,11,intermediate,intermediate,0,0,0.009,False,False,22.37,1.1,2.4,4,pit_intermediate,True,-1.15,-53.5,83.651,5.651,False,False,0.8852,,,True,0.0104,True,0.0383,True,-0.151,True,0.3731,True,3.7164,True,1.2841
sample-run,dqn,1002,dqn-1002-monaco,monaco,2026,Monaco Grand Prix,52,52,10,11,intermediate,intermediate,0,1,0.0,False,False,29.18,2.98,1.83,0,stay_out,True,-1.1,-54.6,76.937,-1.063,False,False,0.4021,,,True,4.0591,True,-1.2646,True,-0.3288,True,1.6926,False,0.4437,False,0.2073
sample-run,dqn,1002,dqn-1002-monaco,monaco,2026,Monaco Grand Prix,53,53,10,11,intermediate,intermediate,1,2,0.0,False,False,25.51,1.52,1.64,0,stay_out,True,-1.1,-55.7,79.056,1.056,False,False,0.507,,,True,0.0131,True,1.4107,True,0.4578,True,1.6395,False,0.5322,False,-0.1015
sample-run,dqn,1002,dqn-1002-monaco,monaco,2026,Monaco Grand Prix,54,54,9,10,intermediate,intermediate,2,3,0.0,False,False,27.84,2.91,0.78,0,stay_out,True,-1.0,-56.7,77.802,-0.198,False,False,0.6598,,,True,2.3513,True,-0.7063,True,-0.1251,True,-0.4401,False,0.5403,False,-1.1522
sample-run,dqn,1002,dqn-1002-monaco,monaco,2026,Monaco Grand Prix,55,55,9,10,intermediate,intermediate,3,4,0.0,False,False,18.61,1.67,1.34,0,stay_out,True,-1.0,-57.7,77.546,-0.454,False,False,1.1833,,,True,0.2372,True,0.847,True,-0.2944,True,0.2599,False,0.4189,False,0.5915
sample-run,dqn,1002,dqn-1002-monaco,monaco,2026,Monaco Grand Prix,56,56,8,9,intermediate,intermediate,4,5,0.0,False,False,16.06,2.71,2.32,0,stay_out,True,-0.9,-58.6,78.37,0.37,False,False,1.0569,,,True,2.9901,True,-1.1356,True,-1.0135,True,-0.2998,False,0.2967,False,-1.1977
sample-run,dqn,1002,dqn-1002-monaco,monaco,2026,Monaco Grand Prix,57,57,7,8,intermediate,intermediate,5,6,0.0,False,False,23.94,2.23,1.98,0,stay_out,True,-0.8,-59.4,76.621,-1.379,False,False,1.0401,,,True,2.4097,True,-2.2397,True,1.7309,True,-0.5133,False,0.1898,False,-2.5475
sample-run,dqn,1002,dqn-1002-monaco,monaco,2026,Monaco Grand Prix,58,58,7,8,intermediate,intermediate,6,7,0.0,False,False,18.23,2.91,1.11,0,stay_out,True,-0.8,-60.2,79.958,1.958,False,False,0.553,,,True,-0.2076,True,0.6424,True,1.5377,True,0.7691,False,-0.2867,False,0.5175
sample-run,dqn,1002,dqn-1002-monaco,monaco,2026,Monaco Grand Prix,59,59,7,8,intermediate,intermediate,7,8,0.0,False,False,20.08,1.33,0.94,0,stay_out,True,-0.8,-61.0,77.955,-0.045,False,False,0.8233,,,True,2.4264,True,-0.7672,True,0.4682,True,-0.3275,False,-0.0349,False,0.3874
sample-run,dqn,1002,dqn-1002-monaco,monaco,2026,Monaco Grand Prix,60,60,7,8,intermediate,intermediate,8,9,0.0,False,False,23.11,2.14,1.69,0,stay_out,True,-0.8,-61.8,80.948,2.948,False,False,0.8239,,,True,0.4657,True,2.5181,True,-1.7901,True,-0.6975,False,0.6743,False,-0.5977
sample-run,dqn,1002,dqn-1002-monaco,monaco,2026,Monaco Grand Prix,61,61,7,8,intermediate,intermediate,9,10,0.0,False,False,14.86,2.15,2.41,0,stay_out,True,-0.8,-62.6,79.755,1.755,False,False,0.9559,,,True,1.0387,True,0.7867,True,-1.3632,True,-0.7224,False,-1.1864,False,0.096
sample-run,dqn,1002,dqn-1002-monaco,monaco,2026,Monaco Grand Prix,62,62,7,8,intermediate,intermediate,0,0,0.108,True,False,23.64,0.79,1.58,4,pit_intermediate,True,-0.85,-63.45,80.476,2.476,False,False,0.9541,,,True,0.5386,True,-0.3871,True,0.0709,True,1.0501,True,0.7014,True,-0.1477
sample-run,dqn,1002,dqn-1002-monaco,monaco,2026,Monaco Grand Prix,63,63,7,8,intermediate,intermediate,0,1,0.0,False,False,13.07,1.85,0.87,0,stay_out,True,-0.8,-64.25,79.54,1.54,False,False,0.9727,,,True,1.3975,True,0.8525,True,-1.7471,True,0.4044,False,1.3253,False,0.1624
sample-run,dqn,1002,dqn-1002-monaco,monaco,2026,Monaco Grand Prix,64,64,6,7,intermediate,intermediate,1,2,0.0,False,False,14.99,1.94,2.69,0,stay_out,True,-0.7,-64.95,75.625,-2.375,False,False,1.0777,,,True,2.604,True,0.3624,True,-0.0367,True,0.4928,False,0.6432,False,-0.1011
sample-run,dqn,1002,dqn-1002-monaco,monaco,2026,Monaco Grand Prix,65,65,7,8,intermediate,intermediate,2,3,0.0,False,False,17.11,2.57,2.13,0,stay_out,True,-0.8,-65.75,78.824,0.824,False,False,1.0438,,,True,2.2092,True,-0.0158,True,0.1039,True,0.9614,False,-0.8444,False,-1.1941
sample-run,dqn,1002,dqn-1002-monaco,monaco,2026,Monaco Grand Prix,66,66,9,10,intermediate,intermediate,0,0,0.249,False,False,22.69,2.17,1.93,4,pit_intermediate,True,-1.05,-66.8,81.633,3.633,False,False,0.8202,,,True,0.5299,True,-0.0598,True,-0.0674,True,0.5057,True,2.2712,True,-0.0966
sample-run,dqn,1002,dqn-1002-monaco,monaco,2026,Monaco Grand Prix,67,67,8,9,intermediate,intermediate,0,1,0.0,True,False,21.45,1.37,2.38,0,stay_out,True,-0.9,-67.7,76.757,-1.243,False,False,1.0409,,,True,2.5299,True,-0.9963,True,0.0442,True,1.5538,False,0.774,False,-1.1938
sample-run,dqn,1002,dqn-1002-monaco,monaco,2026,Monaco Grand Prix,68,68,9,10,intermediate,intermediate,0,0,0.07,False,False,29.62,2.97,0.66,4,pit_intermediate,True,-1.05,-68.75,81.203,3.203,False,False,0.8778,,,True,0.1728,True,1.9665,True,1.6176,True,-1.1186,True,1.2401,True,1.686
sample-run,dqn,1002,dqn-1002-monaco,monaco,2026,Monaco Grand Prix,69,69,8,9,intermediate,intermediate,0,0,0.311,False,False,18.42,0.57,1.17,4,pit_intermediate,True,-0.95,-69.7,81.665,3.665,False,False,1.0902,,,True,0.4868,True,-0.2457,True,0.3972,True,-0.6277,True,0.9268,True,-0.9237
sample-run,dqn,1002,dqn-1002-monaco,monaco,2026,Monaco Grand Prix,70,70,8,9,intermediate,intermediate,0,1,0.0,False,False,25.71,2.85,2.88,0,stay_out,True,-0.9,-70.6,77.673,-0.327,False,False,0.4095,,,True,1.8908,True,-1.5386,True,1.1893,True,-0.4613,False,-0.8059,False,0.0388
sample-run,dqn,1002,dqn-1002-monaco,monaco,2026,Monaco Grand Prix,71,71,8,9,intermediate,intermediate,1,2,0.0,False,False,15.88,1.24,3.0,0,stay_out,True,-0.9,-71.5,77.7,-0.3,False,False,1.1065,,,True,1.8255,True,1.7567,True,-1.1293,True,0.262,False,0.1262,False,0.698
sample-run,dqn,1002,dqn-1002-monaco,monaco,2026,Monaco Grand Prix,72,72,8,9,intermediate,intermediate,2,3,0.0,False,False,19.19,2.81,2.83,0,stay_out,True,-0.9,-72.4,76.537,-1.463,False,False,0.8328,,,True,-0.5112,True,-0.8662,True,-0.2616,True,-0.1669,False,2.5849,False,1.5593
sample-run,dqn,1002,dqn-1002-monaco,monaco,2026,Monaco Grand Prix,73,73,7,8,intermediate,intermediate,3,4,0.0,False,False,14.23,2.38,1.48,0,stay_out,True,-0.8,-73.2,78.983,0.983,False,False,1.0945,,,True,0.4652,True,-1.4902,True,0.1591,True,1.2044,False,-1.0455,False,-0.9294
sample-run,dqn,1002,dqn-1002-monaco,monaco,2026,Monaco Grand Prix,74,74,6,7,intermediate,intermediate,4,5,0.0,False,False,15.2,2.66,1.31,0,stay_out,True,-0.7,-73.9,76.602,-1.398,False,False,0.4494,,,True,-0.0851,True,0.9654,True,-0.557,True,0.4911,False,-1.1073,False,-0.2402
sample-run,dqn,1002,dqn-1002-monaco,monaco,2026,Monaco Grand Prix,75,75,5,6,intermediate,intermediate,5,6,0.0,False,False,12.25,1.04,1.67,0,stay_out,True,-0.6,-74.5,77.604,-0.396,False,False,0.7278,,,True,2.0162,True,-0.0933,True,0.1983,True,2.6774,False,-0.0022,False,-1.0871
sample-run,dqn,1002,dqn-1002-monaco,monaco,2026,Monaco Grand Prix,76,76,5,6,intermediate,intermediate,6,7,0.0,False,False,9.27,2.92,2.1,0,stay_out,True,-0.6,-75.1,79.842,1.842,False,False,1.0606,,,True,0.5959,True,0.2166,True,2.4452,True,-0.1258,False,-1.6671,False,-0.3782
sample-run,dqn,1002,dqn-1002-monaco,monaco,2026,Monaco Grand Prix,77,77,6,7,intermediate,intermediate,7,8,0.0,False,False,11.79,2.93,0.68,0,stay_out,True,-0.7,-75.8,78.834,0.834,True,False,1.074,,,True,1.6604,True,-1.9262,True,0.6815,True,0.5537,False,0.3949,False,0.7401
sample-run,qrl,1002,qrl-1002-monaco,monaco,2026,Monaco Grand Prix,0,0,11,12,medium,medium,0,1,0.0,False,False,33.39,2.34,2.88,0,stay_out,True,-1.2,-1.2,78.823,0.823,False,False,3.219,,,True,-0.0142,True,-0.9936,True,-1.2198,True,-0.4932,False,0.3211,False,-2.0576
sample-run,qrl,1002,qrl-1002-monaco,monaco,2026,Monaco Grand Prix,1,1,10,11,medium,medium,1,2,0.0,False,False,21.55,1.39,2.65,0,stay_out,True,-1.1,-2.3,77.478,-0.522,False,False,1.6341,,,True,2.7896,True,0.8582,True,0.8602,True,1.4923,False,0.4867,False,-0.0619
sample-run,qrl,1002,qrl-1002-monaco,monaco,2026,Monaco Grand Prix,2,2,10,11,medium,medium,2,3,0.0,False,False,23.16,1.7,2.26,0,stay_out,True,-1.1,-3.4,76.759,-1.241,False,False,2.1961,,,True,1.465,True,0.0995,True,1.1277,True,0.6532,False,-0.5004,False,0.2313
sample-run,qrl,1002,qrl-1002-monaco,monaco,2026,Monaco Grand Prix,3,3,9,10,medium,medium,3,4,0.0,False,False,24.06,0.62,2.93,0,stay_out,True,-1.0,-4.4,77.285,-0.715,False,False,3.5897,,,True,0.87,True,0.8452,True,-1.6977,True,0.1178,False,-0.6436,False,-0.507
sample-run,qrl,1002,qrl-1002-monaco,monaco,2026,Monaco Grand Prix,4,4,9,10,medium,medium,4,5,0.0,False,False,24.8,1.46,2.76,0,stay_out,True,-1.0,-5.4,78.343,0.343,False,False,3.1036,,,True,0.5898,True,1.4685,True,1.0995,True,0.019,False,0.7836,False,1.7129
sample-run,qrl,1002,qrl-1002-monaco,monaco,2026,Monaco Grand Prix,5,5,9,10,medium,medium,5,6,0.0,False,False,18.3,1.15,2.66,0,stay_out,True,-1.0,-6.4,77.159,-0.841,False,False,2.0594,,,True,0.4335,True,0.3545,True,-0.2686,True,0.3527,False,-0.4944,False,-0.7283
sample-run,qrl,1002,qrl-1002-monaco,monaco,2026,Monaco Grand Prix,6,6,8,9,medium,medium,6,7,0.0,False,False,22.16,2.67,2.82,0,stay_out,True,-0.9,-7.3,76.99,-1.01,False,False,2.4893,,,True,2.57,True,0.7424,True,-0.1649,True,-0.8517,False,-0.5026,False,0.2911
sample-run,qrl,1002,qrl-1002-monaco,monaco,2026,Monaco Grand Prix,7,7,9,10,medium,medium,7,8,0.0,False,False,28.27,2.21,2.17,0,stay_out,True,-1.0,-8.3,77.569,-0.431,False,False,1.5245,,,True,0.7213,True,0.6579,True,0.1275,True,0.7919,False,0.7218,False,0.707
sample-run,qrl,1002,qrl-1002-monaco,monaco,2026,Monaco Grand Prix,8,8,8,9,medium,medium,8,9,0.0,False,False,15.58,1.33,1.24,0,stay_out,True,-0.9,-9.2,77.193,-0.807,False,False,3.0779,,,True,1.4592,True,-0.8049,True,-0.7798,True,-0.2703,False,-1.6217,False,0.3595
sample-run,qrl,1002,qrl-1002-monaco,monaco,2026,Monaco Grand Prix,9,9,8,9,medium,medium,9,10,0.0,False,False,21.05,0.65,2.56,0,stay_out,True,-0.9,-10.1,76.928,-1.072,False,False,3.0575,,,True,1.9423,True,-0.61,True,-0.3208,True,0.5141,False,2.1129,False,-0.7455
sample-run,qrl,1002,qrl-1002-monaco,monaco,2026,Monaco Grand Prix,10,10,8,9,intermediate,intermediate,0,0,0.126,False,False,26.38,2.2,1.38,4,pit_intermediate,True,-0.95,-11.05,78.525,0.525,False,False,1.8006,,,True,0.5275,True,0.4806,True,-1.4353,True,-0.6762,True,1.0178,True,0.6778
sample-run,qrl,1002,qrl-1002-monaco,monaco,2026,Monaco Grand Prix,11,11,8,9,intermediate,intermediate,0,1,0.0,False,False,23.04,1.67,1.82,0,stay_out,True,-0.9,-11.95,78.71,0.71,False,False,1.507,,,True,1.3717,True,1.0466,True,1.1937,True,-0.3111,False,0.1075,False,-1.5163
sample-run,qrl,1002,qrl-1002-monaco,monaco,2026,Monaco Grand Prix,12,12,8,9,intermediate,intermediate,1,2,0.0,False,False,14.11,1.58,0.61,0,stay_out,True,-0.9,-12.85,75.787,-2.213,False,False,1.5474,,,True,1.0773,True,0.4223,True,0.6075,True,0.4644,False,1.2704,False,0.2527
sample-run,qrl,1002,qrl-1002-monaco,monaco,2026,Monaco Grand Prix,13,13,7,8,intermediate,intermediate,2,3,0.0,False,False,18.88,2.67,1.37,0,stay_out,True,-0.8,-13.65,76.618,-1.382,False,False,2.5426,,,True,0.2453,True,-0.4758,True,0.5004,True,-0.1565,False,-0.6893,False,-1.1085
sample-run,qrl,1002,qrl-1002-monaco,monaco,2026,Monaco Grand Prix,14,14,6,7,intermediate,intermediate,3,4,0.0,False,False,14.08,2.68,2.03,0,stay_out,True,-0.7,-14.35,78.453,0.453,False,False,2.9503,,,True,2.9838,True,0.108,True,0.7453,True,0.0024,False,0.4736,False,-0.926
sample-run,qrl,1002,qrl-1002-monaco,monaco,2026,Monaco Grand Prix,15,15,6,7,intermediate,intermediate,4,5,0.0,False,False,20.97,1.35,0.59,0,stay_out,True,-0.7,-15.05,80.013,2.013,False,False,2.0604,,,True,1.5905,True,1.2842,True,-0.0095,True,0.2328,False,-1.5164,False,0.3497
sample-run,qrl,1002,qrl-1002-monaco,monaco,2026,Monaco Grand Prix,16,16,6,7,intermediate,intermediate,5,6,0.0,False,False,14.24,2.54,1.89,0,stay_out,True,-0.7,-15.75,77.687,-0.313,False,False,1.5756,,,True,1.9411,True,0.9835,True,-0.0367,True,-0.4002,False,-1.7974,False,0.6327
sample-run,qrl,1002,qrl-1002-monaco,monaco,2026,Monaco Grand Prix,17,17,5,6,intermediate,intermediate,6,7,0.0,False,False,11.75,0.99,2.41,0,stay_out,True,-0.6,-16.35,77.534,-0.466,False,False,2.4801,,,True,0.4535,True,0.6908,True,-0.4311,True,0.0053,False,0.5527,False,-0.0103
sample-run,qrl,1002,qrl-1002-monaco,monaco,2026,Monaco Grand Prix,18,18,5,6,intermediate,intermediate,7,8,0.0,False,False,13.74,1.32,2.18,0,stay_out,True,-0.6,-16.95,79.955,1.955,False,False,1.4944,,,True,1.7838,True,0.4503,True,-0.6413,True,-0.2232,False,0.6903,False,-1.9492
sample-run,qrl,1002,qrl-1002-monaco,monaco,2026,Monaco Grand Prix,19,19,5,6,intermediate,intermediate,8,9,0.0,False,False,9.45,2.28,2.19,0,stay_out,True,-0.6,-17.55,79.42,1.42,False,False,2.6984,,,True,2.5661,True,-2.0445,True,-0.228,True,0.2868,False,1.0178,False,-0.5306
sample-run,qrl,1002,qrl-1002-monaco,monaco,2026,Monaco Grand Prix,20,20,5,6,intermediate,intermediate,9,10,0.0,False,False,9.38,0.71,1.7,0,stay_out,True,-0.6,-18.15,78.559,0.559,False,False,3.0568,,,True,1.578,True,-1.0504,True,0.1517,True,-0.2577,False,-0.7938,False,-0.3612
sample-run,qrl,1002,qrl-1002-monaco,monaco,2026,Monaco Grand Prix,21,21,5,6,intermediate,intermediate,10,11,0.0,False,False,9.99,1.95,2.73,0,stay_out,True,-0.6,-18.75,77.47,-0.53,False,False,2.7589,,,True,2.0646,True,-0.4578,True,-0.7743,True,0.3897,False,1.6346,False,0.856
sample-run,qrl,1002,qrl-1002-monaco,monaco,2026,Monaco Grand Prix,22,22,5,6,intermediate,intermediate,11,12,0.0,False,False,16.23,0.54,2.38,0,stay_out,True,-0.6,-19.35,79.532,1.532,False,False,2.1871,,,True,1.4744,True,-0.0324,True,-1.1602,True,0.6896,False,-0.7067,False,-0.5703
sample-run,qrl,1002,qrl-1002-monaco,monaco,2026,Monaco Grand Prix,23,23,5,6,intermediate,intermediate,12,13,0.0,False,False,17.83,0.51,2.41,0,stay_out,True,-0.6,-19.95,78.149,0.149,False,False,2.2382,,,True,-0.1741,True,1.1123,True,0.7324,True,1.2014,False,-1.0521,False,0.1419
sample-run,qrl,1002,qrl-1002-monaco,monaco,2026,Monaco Grand Prix,24,24,4,5,intermediate,intermediate,13,14,0.0,False,False,9.01,2.09,1.29,0,stay_out,True,-0.5,-20.45,79.535,1.535,False,False,3.2524,,,True,1.0967,True,-0.0914,True,0.7944,True,-0.132,False,1.0397,False,-0.1684
sample-run,qrl,1002,qrl-1002-monaco,monaco,2026,Monaco Grand Prix,25,25,5,6,intermediate,intermediate,14,15,0.0,False,False,14.38,1.2,1.38,0,stay_out,True,-0.6,-21.05,77.03,-0.97,False,False,1.2708,,,True,3.4382,True,0.6603,True,0.4619,True,-0.7292,False,0.8141,False,1.8872
sample-run,qrl,1002,qrl-1002-monaco,monaco,2026,Monaco Grand Prix,26,26,5,6,intermediate,intermediate,15,16,0.0,False,True,16.72,2.1,2.41,0,stay_out,True,-0.6,-21.65,77.922,-0.078,False,False,3.0964,,,True,2.3874,True,2.1042,True,0.9602,True,-0.4823,False,-0.187,False,1.0606
sample-run,qrl,1002,qrl-1002-monaco,monaco,2026,Monaco Grand Prix,27,27,5,6,intermediate,intermediate,16,17,0.0,False,True,10.82,2.36,2.86,0,stay_out,True,-0.6,-22.25,77.653,-0.347,False,False,1.2831,,,True,1.0963,True,0.6575,True,1.6964,True,-1.0172,False,-0.3525,False,-0.2193
sample-run,qrl,1002,qrl-1002-monaco,monaco,2026,Monaco Grand Prix,28,28,5,6,intermediate,intermediate,0,0,0.042,False,False,15.06,0.84,1.7,4,pit_intermediate,True,-0.1,-22.35,81.258,3.258,False,False,3.2027,,,True,1.0597,True,-2.1866,True,0.7385,True,2.1418,True,0.274,True,0.3215
sample-run,qrl,1002,qrl-1002-monaco,monaco,2026,Monaco Grand Prix,29,29,5,6,intermediate,intermediate,0,0,0.204,False,False,15.26,2.02,0.85,4,pit_intermediate,True,-0.65,-23.0,80.577,2.577,False,False,1.6563,,,True,-0.2509,True,0.5736,True,-0.7837,True,-0.8851,True,0.5771,True,0.5695
sample-run,qrl,1002,qrl-1002-monaco,monaco,2026,Monaco Grand Prix,30,30,6,7,intermediate,intermediate,0,1,0.0,False,False,16.48,1.76,2.53,0,stay_out,True,-0.7,-23.7,78.217,0.217,False,False,3.0714,,,True,2.1945,True,0.4982,True,2.6612,True,-0.3518,False,-1.2898,False,1.7877
sample-run,qrl,1002,qrl-1002-monaco,monaco,2026,Monaco Grand Prix,31,31,6,7,intermediate,intermediate,1,2,0.0,False,False,15.62,2.84,1.58,0,stay_out,True,-0.7,-24.4,80.42,2.42,False,False,1.8948,,,True,1.0876,True,0.7746,True,1.0426,True,0.2422,False,1.6231,False,0.4428
sample-run,qrl,1002,qrl-1002-monaco,monaco,2026,Monaco Grand Prix,32,32,7,8,intermediate,intermediate,2,3,0.0,False,False,18.15,2.64,0.71,0,stay_out,True,-0.8,-25.2,79.208,1.208,False,False,3.378,,,True,2.9529,True,-0.6648,True,-1.246,True,0.2126,False,0.3257,False,-0.0788
sample-run,qrl,1002,qrl-1002-monaco,monaco,2026,Monaco Grand Prix,33,33,9,10,intermediate,intermediate,0,0,0.228,False,False,18.26,0.63,2.65,4,pit_intermediate,True,-1.05,-26.25,82.036,4.036,False,False,2.0557,,,True,0.8202,True,-0.1167,True,1.5654,True,1.1302,True,0.8041,True,0.4481
sample-run,qrl,1002,qrl-1002-monaco,monaco,2026,Monaco Grand Prix,34,34,9,10,intermediate,intermediate,0,1,0.0,False,False,27.3,2.89,0.63,0,stay_out,True,-1.0,-27.25,76.8,-1.2,False,False,1.6598,,,True,1.4986,True,-0.2604,True,-1.16,True,0.5644,False,-0.66,False,-0.3895
sample-run,qrl,1002,qrl-1002-monaco,monaco,2026,Monaco Grand Prix,35,35,9,10,intermediate,intermediate,1,2,0.0,False,False,26.8,0.97,2.76,0,stay_out,True,-1.0,-28.25,76.623,-1.377,False,False,1.4957,,,True,0.2287,True,-0.5185,True,-0.4758,True,0.1616,False,-1.251,False,-0.5291
sample-run,qrl,1002,qrl-1002-monaco,monaco,2026,Monaco Grand Prix,36,36,9,10,intermediate,intermediate,2,3,0.0,False,False,17.5,2.86,2.0,0,stay_out,True,-1.0,-29.25,79.567,1.567,False,False,2.2866,,,True,2.6715,True,-1.6201,True,-0.804,True,-0.2257,False,0.2855,False,0.2814
sample-run,qrl,1002,qrl-1002-monaco,monaco,2026,Monaco Grand Prix,37,37,8,9,intermediate,intermediate,3,4,0.0,False,False,14.07,0.55,0.68,0,stay_out,True,-0.9,-30.15,79.295,1.295,False,False,2.0261,,,True,1.8762,True,-1.4341,True,-0.8908,True,-1.8298,False,-0.5094,False,-0.8898
sample-run,qrl,1002,qrl-1002-monaco,monaco,2026,Monaco Grand Prix,38,38,9,10,intermediate,intermediate,4,5,0.0,False,False,23.7,1.86,1.82,0,stay_out,True,-1.0,-31.15,77.197,-0.803,False,False,1.587,,,True,0.0592,True,0.8167,True,-1.0266,True,0.5123,False,1.5055,False,-0.92
sample-run,qrl,1002,qrl-1002-monaco,monaco,2026,Monaco Grand Prix,39,39,9,10,intermediate,intermediate,5,6,0.0,False,False,28.73,0.77,1.62,0,stay_out,True,-1.0,-32.15,79.608,1.608,False,False,2.7452,,,True,0.5983,True,2.0067,True,1.6478,True,-0.3089,False,-1.6551,False,-1.0218
sample-run,qrl,1002,qrl-1002-monaco,monaco,2026,Monaco Grand Prix,40,40,9,10,intermediate,intermediate,0,0,0.173,False,False,20.87,1.59,1.31,4,pit_intermediate,True,-1.05,-33.2,80.664,2.664,False,False,3.1978,,,True,-0.0189,True,-0.4626,True,0.5503,True,0.551,True,0.6295,True,0.852
sample-run,qrl,1002,qrl-1002-monaco,monaco,2026,Monaco Grand Prix,41,41,9,10,intermediate,intermediate,0,1,0.0,False,False,26.12,2.49,2.11,0,stay_out,True,-1.0,-34.2,78.499,0.499,False,False,1.3913,,,True,1.736,True,2.0044,True,-0.2376,True,0.9785,False,-0.6763,False,0.0971
sample-run,qrl,1002,qrl-1002-monaco,monaco,2026,Monaco Grand Prix,42,42,8,9,intermediate,intermediate,1,2,0.0,False,False,15.37,0.73,1.7,0,stay_out,True,-0.9,-35.1,79.23,1.23,False,False,1.4695,,,True,-0.6955,True,1.8917,True,0.1642,True,2.0049,False,-0.9479,False,0.8276
sample-run,qrl,1002,qrl-1002-monaco,monaco,2026,Monaco Grand Prix,43,43,9,10,intermediate,intermediate,2,3,0.0,False,False,23.16,2.74,1.82,0,stay_out,True,-1.0,-36.1,77.709,-0.291,False,False,2.907,,,True,1.0135,True,0.4895,True,-0.6701,True,-0.5145,False,-1.262,False,-0.9286
sample-run,qrl,1002,qrl-1002-monaco,monaco,2026,Monaco Grand Prix,44,44,10,11,intermediate,intermediate,3,4,0.0,False,False,31.38,2.76,2.16,0,stay_out,True,-1.1,-37.2,76.613,-1.387,False,False,2.7106,,,True,1.8489,True,0.7862,True,-0.3062,True,-0.0798,False,0.005,False,0.2036
sample-run,qrl,1002,qrl-1002-monaco,monaco,2026,Monaco Grand Prix,45,45,9,10,intermediate,intermediate,4,5,0.0,False,False,23.85,1.22,2.98,0,stay_out,True,-1.0,-38.2,79.669,1.669,False,False,1.236,,,True,0.707,True,-0.6155,True,-0.1604,True,-1.2072,False,-0.6019,False,-1.4835
sample-run,qrl,1002,qrl-1002-monaco,monaco,2026,Monaco Grand Prix,46,46,9,10,intermediate,intermediate,5,6,0.0,False,False,29.01,2.84,1.15,0,stay_out,True,-1.0,-39.2,77.238,-0.762,False,False,1.392,,,True,2.1451,True,-0.2513,True,0.6584,True,0.2925,False,-0.9759,False,-1.101
sample-run,qrl,1002,qrl-1002-monaco,monaco,2026,Monaco Grand Prix,47,47,8,9,intermediate,intermediate,6,7,0.0,False,False,23.64,2.28,0.98,0,stay_out,True,-0.9,-40.1,75.782,-2.218,False,False,2.5941,,,True,2.5849,True,1.3045,True,-0.2334,True,1.7488,False,-0.0645,False,-0.0239
sample-run,qrl,1002,qrl-1002-monaco,monaco,2026,Monaco Grand Prix,48,48,9,10,intermediate,intermediate,0,0,0.047,False,False,18.87,1.66,0.56,4,pit_intermediate,True,-1.05,-41.15,80.122,2.122,False,False,2.269,,,True,1.2188,True,0.644,True,-0.7457,True,0.8063,True,1.7932,True,1.5661
sample-run,qrl,1002,qrl-1002-monaco,monaco,2026,Monaco Grand Prix,49,49,8,9,intermediate,intermediate,0,1,0.0,False,False,23.17,0.85,2.32,0,stay_out,True,-0.9,-42.05,77.985,-0.015,False,False,1.4936,,,True,1.5581,True,0.7251,True,-0.0725,True,1.6103,False,-1.4859,False,-1.2662
sample-run,qrl,1002,qrl-1002-monaco,monaco,2026,Monaco Grand Prix,50,50,9,10,intermediate,intermediate,1,2,0.0,False,False,17.04,0.98,2.28,0,stay_out,True,-1.0,-43.05,79.126,1.126,False,False,3.4235,,,True,3.0054,True,1.254,True,1.0953,True,0.7156,False,-0.3096,False,-0.1011
sample-run,qrl,1002,qrl-1002-monaco,monaco,2026,Monaco Grand Prix,51,51,8,9,intermediate,intermediate,2,3,0.0,False,False,26.46,1.07,2.04,0,stay_out,True,-0.9,-43.95,76.84,-1.16,False,False,1.5124,,,True,2.8908,True,-0.114,True,1.4661,True,-0.5616,False,1.2957,False,-0.6871
sample-run,qrl,1002,qrl-1002-monaco,monaco,2026,Monaco Grand Prix,52,52,9,10,intermediate,intermediate,0,0,0.229,False,False,16.47,2.65,2.38,4,pit_intermediate,True,-1.05,-45.0,80.477,2.477,False,False,1.2259,,,True,0.7913,True,-0.7192,True,1.0346,True,1.0753,True,3.4861,True,2.101
sample-run,qrl,1002,qrl-1002-monaco,monaco,2026,Monaco Grand Prix,53,53,10,11,intermediate,intermediate,0,1,0.0,False,False,30.21,2.92,2.83,0,stay_out,True,-1.1,-46.1,76.241,-1.759,False,False,3.3495,,,True,0.9624,True,0.8003,True,0.6273,True,-0.207,False,0.9518,False,-0.3301
sample-run,qrl,1002,qrl-1002-monaco,monaco,2026,Monaco Grand Prix,54,54,10,11,intermediate,intermediate,1,2,0.0,False,False,30.51,0.72,0.88,0,stay_out,True,-1.1,-47.2,77.05,-0.95,False,False,2.4402,,,True,2.9055,True,-0.2666,True,1.0941,True,0.4428,False,-0.5512,False,-1.3589
sample-run,qrl,1002,qrl-1002-monaco,monaco,2026,Monaco Grand Prix,55,55,10,11,intermediate,intermediate,2,3,0.0,False,False,17.4,2.5,1.98,0,stay_out,True,-1.1,-48.3,79.403,1.403,False,False,2.8746,,,True,1.9668,True,0.6452,True,0.5344,True,-0.4387,False,0.1854,False,-1.6905
sample-run,qrl,1002,qrl-1002-monaco,monaco,2026,Monaco Grand Prix,56,56,11,12,intermediate,intermediate,3,4,0.0,False,False,24.15,1.31,0.79,0,stay_out,True,-1.2,-49.5,79.739,1.739,False,False,1.5769,,,True,0.7113,True,-1.4538,True,0.4824,True,0.1602,False,0.5443,False,1.5467
sample-run,qrl,1002,qrl-1002-monaco,monaco,2026,Monaco Grand Prix,57,57,11,12,intermediate,intermediate,4,5,0.0,False,False,35.96,2.9,0.72,0,stay_out,True,-1.2,-50.7,76.773,-1.227,False,False,2.7885,,,True,2.5083,True,0.7171,True,2.2346,True,-0.7527,False,0.9545,False,-0.451
sample-run,qrl,1002,qrl-1002-monaco,monaco,2026,Monaco Grand Prix,58,58,10,11,intermediate,intermediate,5,6,0.0,False,False,22.77,1.58,1.9,0,stay_out,True,-1.1,-51.8,77.192,-0.808,False,False,2.8275,,,True,0.5997,True,-0.4173,True,0.2461,True,1.4014,False,-0.7937,False,0.0285
sample-run,qrl,1002,qrl-1002-monaco,monaco,2026,Monaco Grand Prix,59,59,10,11,intermediate,intermediate,6,7,0.0,False,False,23.16,1.41,2.54,0,stay_out,True,-1.1,-52.9,77.654,-0.346,False,False,1.4985,,,True,0.2051,True,-1.7096,True,0.9433,True,1.2039,False,2.0768,False,-0.2626
sample-run,qrl,1002,qrl-1002-monaco,monaco,2026,Monaco Grand Prix,60,60,11,12,intermediate,intermediate,7,8,0.0,False,False,22.57,1.99,1.24,0,stay_out,True,-1.2,-54.1,78.363,0.363,False,False,1.627,,,True,0.5008,True,0.1112,True,-1.4155,True,0.1963,False,1.1927,False,1.264
sample-run,qrl,1002,qrl-1002-monaco,monaco,2026,Monaco Grand Prix,61,61,11,12,intermediate,intermediate,8,9,0.0,False,False,35.62,2.51,1.12,0,stay_out,True,-1.2,-55.3,76.142,-1.858,False,False,3.12,,,True,1.5688,True,0.3619,True,-0.66,True,-0.2655,False,0.0904,False,0.5778
sample-run,qrl,1002,qrl-1002-monaco,monaco,2026,Monaco Grand Prix,62,62,10,11,intermediate,intermediate,0,0,0.251,False,False,25.17,2.96,2.74,4,pit_intermediate,True,-1.15,-56.45,78.168,0.168,False,False,2.167,,,True,-0.4591,True,-0.6475,True,1.4513,True,0.6674,True,2.5244,True,0.7351
sample-run,qrl,1002,qrl-1002-monaco,monaco,2026,Monaco Grand Prix,63,63,9,10,intermediate,intermediate,0,1,0.0,False,False,24.83,1.75,0.55,0,stay_out,True,-1.0,-57.45,77.082,-0.918,False,False,1.9424,,,True,1.8585,True,1.4561,True,0.3957,True,0.2307,False,-0.0145,False,-1.2978
sample-run,qrl,1002,qrl-1002-monaco,monaco,2026,Monaco Grand Prix,64,64,9,10,intermediate,intermediate,1,2,0.0,False,False,25.24,1.82,2.77,0,stay_out,True,-1.0,-58.45,79.159,1.159,False,False,1.4178,,,True,2.8658,True,0.2421,True,-1.1552,True,-0.0662,False,2.2206,False,0.3124
sample-run,qrl,1002,qrl-1002-monaco,monaco,2026,Monaco Grand Prix,65,65,9,10,intermediate,intermediate,2,3,0.0,False,False,18.22,1.67,0.94,0,stay_out,True,-1.0,-59.45,78.706,0.706,False,False,2.5862,,,True,1.8156,True,-0.2338,True,1.3299,True,-0.0927,False,-0.5348,False,-1.6777
sample-run,qrl,1002,qrl-1002-monaco,monaco,2026,Monaco Grand Prix,66,66,9,10,intermediate,intermediate,3,4,0.0,False,False,23.22,2.71,1.79,0,stay_out,True,-1.0,-60.45,77.716,-0.284,False,False,1.7268,,,True,2.2,True,-0.928,True,1.0229,True,0.7386,False,1.6396,False,-0.4549
sample-run,qrl,1002,qrl-1002-monaco,monaco,2026,Monaco Grand Prix,67,67,9,10,intermediate,intermediate,4,5,0.0,False,False,23.97,2.52,1.89,0,stay_out,True,-1.0,-61.45,78.316,0.316,False,False,1.3476,,,True,1.4349,True,0.275,True,-0.7159,True,-1.0651,False,-0.5302,False,-0.358
sample-run,qrl,1002,qrl-1002-monaco,monaco,2026,Monaco Grand Prix,68,68,9,10,intermediate,intermediate,5,6,0.0,False,False,17.8,2.88,0.85,0,stay_out,True,-1.0,-62.45,79.153,1.153,False,False,1.9825,,,True,2.5204,True,-0.8249,True,-0.131,True,0.7201,False,0.9125,False,-0.736
sample-run,qrl,1002,qrl-1002-monaco,monaco,2026,Monaco Grand Prix,69,69,8,9,intermediate,intermediate,6,7,0.0,False,False,22.96,0.54,1.1,0,stay_out,True,-0.9,-63.35,79.174,1.174,False,False,2.7057,,,True,0.2635,True,1.5165,True,-0.0491,True,0.1737,False,-1.1627,False,1.5439
sample-run,qrl,1002,qrl-1002-monaco,monaco,2026,Monaco Grand Prix,70,70,8,9,intermediate,intermediate,7,8,0.0,False,False,13.52,1.66,2.21,0,stay_out,True,-0.9,-64.25,77.408,-0.592,False,False,2.0515,,,True,-0.3593,True,0.9588,True,-0.6788,True,-0.4466,False,0.1273,False,0.3654
sample-run,qrl,1002,qrl-1002-monaco,monaco,2026,Monaco Grand Prix,71,71,7,8,intermediate,intermediate,8,9,0.0,False,False,20.38,0.51,0.98,0,stay_out,True,-0.8,-65.05,79.449,1.449,False,False,2.8195,,,True,2.4224,True,-0.5625,True,0.2968,True,1.0815,False,-1.3353,False,-0.6736
sample-run,qrl,1002,qrl-1002-monaco,monaco,2026,Monaco Grand Prix,72,72,8,9,intermediate,intermediate,9,10,0.0,False,False,19.87,2.96,1.43,0,stay_out,True,-0.9,-65.95,77.966,-0.034,False,False,1.8476,,,True,1.8308,True,-1.3887,True,0.4531,True,-0.3786,False,-1.6918,False,-1.8111
sample-run,qrl,1002,qrl-1002-monaco,monaco,2026,Monaco Grand Prix,73,73,7,8,intermediate,intermediate,10,11,0.0,False,False,23.26,1.03,2.06,0,stay_out,True,-0.8,-66.75,78.186,0.186,False,False,2.6361,,,True,1.3547,True,-0.589,True,0.8558,True,0.1226,False,0.7557,False,0.8597
sample-run,qrl,1002,qrl-1002-monaco,monaco,2026,Monaco Grand Prix,74,74,8,9,intermediate,intermediate,11,12,0.0,False,False,18.2,0.78,0.58,0,stay_out,True,-0.9,-67.65,79.557,1.557,False,False,1.4472,,,True,1.8676,True,0.8077,True,-1.2136,True,-1.3141,False,-1.1575,False,-0.608
sample-run,qrl,1002,qrl-1002-monaco,monaco,2026,Monaco Grand Prix,75,75,7,8,intermediate,intermediate,0,0,0.115,False,False,21.71,1.14,1.05,4,pit_intermediate,True,-0.85,-68.5,80.529,2.529,False,False,3.538,,,True,1.4548,True,-0.7131,True,0.8577,True,-0.8874,True,1.3467,True,2.647
sample-run,qrl,1002,qrl-1002-monaco,monaco,2026,Monaco Grand Prix,76,76,6,7,intermediate,intermediate,0,1,0.0,False,False,19.95,1.9,1.73,0,stay_out,True,-0.7,-69.2,79.767,1.767,False,False,1.6635,,,True,1.0239,True,0.3559,True,-0.6954,True,0.6648,False,-2.0821,False,0.0375
sample-run,qrl,1002,qrl-1002-monaco,monaco,2026,Monaco Grand Prix,77,77,5,6,intermediate,intermediate,1,2,0.0,False,False,16.28,1.22,1.78,0,stay_out,True,-0.6,-69.8,76.689,-1.311,True,False,2.9121,,,True,1.7617,True,-1.1692,True,0.371,True,-1.8417,False,-0.1568,False,1.3322
sample-run,dqn,1003,dqn-1003-monaco,monaco,2026,Monaco Grand Prix,0,0,11,12,medium,medium,0,1,0.0,False,False,29.11,1.89,2.43,0,stay_out,True,-1.2,-1.2,77.251,-0.749,False,False,1.0347,,,True,3.0428,True,-0.1152,True,1.9799,True,0.7536,False,0.9486,False,-1.6653
sample-run,dqn,1003,dqn-1003-monaco,monaco,2026,Monaco Grand Prix,1,1,10,11,medium,medium,1,2,0.0,False,False,30.12,1.67,1.4,0,stay_out,True,-1.1,-2.3,77.912,-0.088,False,False,0.8465,,,True,0.5193,True,-0.9736,True,0.5668,True,1.2675,False,0.4148,False,0.1167
sample-run,dqn,1003,dqn-1003-monaco,monaco,2026,Monaco Grand Prix,2,2,9,10,medium,medium,2,3,0.0,False,False,17.61,1.98,0.69,0,stay_out,True,-1.0,-3.3,77.782,-0.218,False,False,1.154,,,True,3.0317,True,-1.4939,True,-0.1874,True,-0.9364,False,1.6769,False,-0.1797
sample-run,dqn,1003,dqn-1003-monaco,monaco,2026,Monaco Grand Prix,3,3,9,10,intermediate,intermediate,0,0,0.179,False,False,19.3,2.0,1.14,4,pit_intermediate,True,-1.05,-4.35,81.746,3.746,False,False,0.4303,,,True,-1.4277,True,1.2207,True,1.0912,True,0.6947,True,1.2193,True,0.0441
sample-run,dqn,1003,dqn-1003-monaco,monaco,2026,Monaco Grand Prix,4,4,10,11,intermediate,intermediate,0,1,0.0,False,False,25.72,1.46,1.95,0,stay_out,True,-1.1,-5.45,78.618,0.618,False,False,1.1452,,,True,1.0754,True,0.065,True,1.1971,True,0.2765,False,1.3529,False,0.5483
sample-run,dqn,1003,dqn-1003-monaco,monaco,2026,Monaco Grand Prix,5,5,10,11,intermediate,intermediate,0,0,0.019,False,False,25.45,2.74,2.56,4,pit_intermediate,True,-1.15,-6.6,83.302,5.302,False,False,1.0676,,,True,0.8929,True,0.5772,True,0.9735,True,0.18,True,3.0779,True,0.9455
sample-run,dqn,1003,dqn-1003-monaco,monaco,2026,Monaco Grand Prix,6,6,11,12,intermediate,intermediate,0,1,0.0,False,False,25.92,2.17,2.06,0,stay_out,True,-1.2,-7.8,78.004,0.004,False,False,0.8029,,,True,1.5114,True,0.6278,True,0.2509,True,-0.0181,False,-0.7623,False,-0.3082
sample-run,dqn,1003,dqn-1003-monaco,monaco,2026,Monaco Grand Prix,7,7,12,13,intermediate,intermediate,1,2,0.0,False,False,32.62,2.72,2.26,0,stay_out,True,-1.3,-9.1,77.661,-0.339,False,False,1.0679,,,True,1.268,True,-0.3901,True,-2.129,True,1.2081,False,0.3377,False,0.7086
sample-run,dqn,1003,dqn-1003-monaco,monaco,2026,Monaco Grand Prix,8,8,11,12,intermediate,intermediate,2,3,0.0,False,False,35.0,1.37,0.97,0,stay_out,True,-1.2,-10.3,78.384,0.384,False,False,0.7125,,,True,2.3338,True,-0.2553,True,-0.6955,True,-0.5251,False,-0.2709,False,-0.1325
sample-run,dqn,1003,dqn-1003-monaco,monaco,2026,Monaco Grand Prix,9,9,11,12,intermediate,intermediate,3,4,0.0,False,False,30.04,1.25,1.69,0,stay_out,True,-1.2,-11.5,79.555,1.555,False,False,1.1725,,,True,2.2679,True,-0.0297,True,-1.6889,True,-0.3323,False,-0.409,False,-0.7271
sample-run,dqn,1003,dqn-1003-monaco,monaco,2026,Monaco Grand Prix,10,10,11,12,intermediate,intermediate,4,5,0.0,False,False,21.91,0.64,2.5,0,stay_out,True,-1.2,-12.7,77.981,-0.019,False,False,1.1583,,,True,2.2464,True,0.3378,True,-0.4326,True,-0.6073,False,-1.2609,False,-0.3381
sample-run,dqn,1003,dqn-1003-monaco,monaco,2026,Monaco Grand Prix,11,11,10,11,intermediate,intermediate,5,6,0.0,False,False,23.13,2.4,2.26,0,stay_out,True,-1.1,-13.8,77.401,-0.599,False,False,0.6187,,,True,2.0668,True,0.5017,True,-0.2791,True,0.586,False,-0.818,False,0.0399
sample-run,dqn,1003,dqn-1003-monaco,monaco,2026,Monaco Grand Prix,12,12,10,11,intermediate,intermediate,6,7,0.0,False,False,26.72,2.33,2.19,0,stay_out,True,-1.1,-14.9,78.235,0.235,False,False,0.4961,,,True,2.4495,True,1.2328,True,1.2489,True,-0.9856,False,-0.6951,False,0.0253
sample-run,dqn,1003,dqn-1003-monaco,monaco,2026,Monaco Grand Prix,13,13,11,12,intermediate,intermediate,7,8,0.0,False,False,18.36,0.92,2.11,0,stay_out,True,-1.2,-16.1,78.021,0.021,False,False,0.8155,,,True,1.6214,True,0.4737,True,-0.4713,True,0.5943,False,0.6081,False,0.0101
sample-run,dqn,1003,dqn-1003-monaco,monaco,2026,Monaco Grand Prix,14,14,12,13,intermediate,intermediate,8,9,0.0,False,False,37.52,1.98,2.54,0,stay_out,True,-1.3,-17.4,79.295,1.295,False,False,0.917,,,True,2.0266,True,1.2737,True,0.4289,True,-0.8818,False,2.3492,False,1.2462
sample-run,dqn,1003,dqn-1003-monaco,monaco,2026,Monaco Grand Prix,15,15,13,14,intermediate,intermediate,9,10,0.0,False,False,27.45,1.04,1.97,0,stay_out,True,-1.4,-18.8,78.586,0.586,False,False,0.435,,,True,2.0443,True,-0.1176,True,0.7332,True,1.0383,False,-0.0862,False,0.3567
sample-run,dqn,1003,dqn-1003-monaco,monaco,2026,Monaco Grand Prix,16,16,12,13,intermediate,intermediate,10,11,0.0,False,False,23.07,2.25,1.56,0,stay_out,True,-1.3,-20.1,79.774,1.774,False,False,1.1594,,,True,3.0717,True,-1.7271,True,0.7315,True,0.2249,False,-1.6826,False,0.4311
sample-run,dqn,1003,dqn-1003-monaco,monaco,2026,Monaco Grand Prix,17,17,12,13,intermediate,intermediate,11,12,0.0,False,False,19.79,2.91,1.97,0,stay_out,True,-1.3,-21.4,78.673,0.673,False,False,0.7325,,,True,1.0362,True,1.3496,True,1.2116,True,-0.3736,False,-0.9269,False,0.7871
sample-run,dqn,1003,dqn-1003-monaco,monaco,2026,Monaco Grand Prix,18,18,12,13,intermediate,intermediate,12,13,0.0,False,False,22.83,1.77,2.72,0,stay_out,True,-1.3,-22.7,78.563,0.563,False,False,1.0547,,,True,1.2476,True,2.0893,True,0.08,True,1.8444,False,0.6244,False,1.375
sample-run,dqn,1003,dqn-1003-monaco,monaco,2026,Monaco Grand Prix,19,19,13,14,intermediate,intermediate,13,14,0.0,False,False,21.42,1.76,1.54,0,stay_out,True,-1.4,-24.1,80.463,2.463,False,False,1.0237,,,True,1.3742,True,1.9539,True,0.1955,True,-0.7941,False,-0.0501,False,0.5189
sample-run,dqn,1003,dqn-1003-monaco,monaco,2026,Monaco Grand Prix,20,20,12,13,intermediate,intermediate,14,15,0.0,False,False,25.72,2.53,2.71,0,stay_out,True,-1.3,-25.4,77.771,-0.229,False,False,1.1594,,,True,1.9566,True,0.1542,True,-0.6339,True,1.2937,False,-0.3764,False,0.2531
sample-run,dqn,1003,dqn-1003-monaco,monaco,2026,Monaco Grand Prix,21,21,11,12,intermediate,intermediate,15,16,0.0,False,True,34.37,1.86,0.82,0,stay_out,True,-1.2,-26.6,78.082,0.082,False,False,0.5178,,,True,-1.3616,True,0.5379,True,-0.6557,True,-0.7412,False,-0.5656,False,0.4584
sample-run,dqn,1003,dqn-1003-monaco,monaco,2026,Monaco Grand Prix,22,22,11,12,intermediate,intermediate,16,17,0.0,False,True,35.17,2.67,2.13,0,stay_out,True,-1.2,-27.8,78.924,0.924,False,False,1.1829,,,True,1.4633,True,-0.6604,True,1.719,True,-0.4037,False,0.6709,False,-1.201
sample-run,dqn,1003,dqn-1003-monaco,monaco,2026,Monaco Grand Prix,23,23,11,12,intermediate,intermediate,17,18,0.0,False,True,22.31,1.96,0.9,0,stay_out,True,-1.2,-29.0,79.577,1.577,False,False,0.6867,,,True,0.8481,True,-0.3892,True,0.3128,True,-1.7814,False,0.1237,False,-0.4742
sample-run,dqn,1003,dqn-1003-monaco,monaco,2026,Monaco Grand Prix,24,24,11,12,intermediate,intermediate,18,19,0.0,False,True,23.65,2.95,1.57,0,stay_out,True,-1.2,-30.2,77.75,-0.25,False,False,1.0547,,,True,1.731,True,-0.78,True,0.0509,True,-1.0392,False,0.0395,False,0.8857
sample-run,dqn,1003,dqn-1003-monaco,monaco,2026,Monaco Grand Prix,25,25,11,12,intermediate,intermediate,19,20,0.0,False,True,34.47,1.77,1.93,0,stay_out,True,-1.2,-31.4,80.98,2.98,False,False,0.8793,,,True,0.6555,True,-0.9704,True,-0.1482,True,1.1384,False,-0.4762,False,0.1346
sample-run,dqn,1003,dqn-1003-monaco,monaco,2026,Monaco Grand Prix,26,26,11,12,intermediate,intermediate,20,21,0.0,False,True,22.14,1.92,2.68,0,stay_out,True,-1.2,-32.6,77.135,-0.865,False,False,1.1579,,,True,1.1927,True,1.2584,True,-1.0112,True,0.0371,False,0.0689,False,0.8729
sample-run,dqn,1003,dqn-1003-monaco,monaco,2026,Monaco Grand Prix,27,27,10,11,soft,soft,0,0,0.0,False,False,26.8,2.08,0.92,1,pit_soft,True,-0.6,-33.2,79.169,1.169,False,False,0.6769,,,True,-0.5321,True,1.7648,True,-1.3233,True,0.0616,False,0.4914,False,0.8687
sample-run,dqn,1003,dqn-1003-monaco,monaco,2026,Monaco Grand Prix,28,28,10,11,intermediate,intermediate,0,0,0.035,False,False,32.57,0.87,2.68,4,pit_intermediate,True,-1.15,-34.35,80.886,2.886,False,False,0.8918,,,True,-0.179,True,-0.8386,True,0.9985,True,-0.9469,True,0.2833,True,-0.1634
sample-run,dqn,1003,dqn-1003-monaco,monaco,2026,Monaco Grand Prix,29,29,10,11,intermediate,intermediate,0,1,0.0,False,False,18.04,2.25,2.66,0,stay_out,True,-1.1,-35.45,77.208,-0.792,False,False,0.9575,,,True,2.031,True,-0.701,True,-0.7035,True,0.7735,False,-0.284,False,0.1385
sample-run,dqn,1003,dqn-1003-monaco,monaco,2026,Monaco Grand Prix,30,30,10,11,intermediate,intermediate,1,2,0.0,False,False,17.92,1.55,2.41,0,stay_out,True,-1.1,-36.55,78.496,0.496,False,False,1.0711,,,True,1.2361,True,-2.1307,True,1.0622,True,0.85,False,-0.7221,False,0.3981
sample-run,dqn,1003,dqn-1003-monaco,monaco,2026,Monaco Grand Prix,31,31,9,10,intermediate,intermediate,2,3,0.0,False,False,17.91,2.83,0.96,0,stay_out,True,-1.0,-37.55,77.64,-0.36,False,False,1.0947,,,True,-0.3898,True,-0.18,True,1.8087,True,0.345,False,-0.6964,False,0.4768
sample-run,dqn,1003,dqn-1003-monaco,monaco,2026,Monaco Grand Prix,32,32,8,9,intermediate,intermediate,3,4,0.0,False,False,15.22,0.99,2.05,0,stay_out,True,-0.9,-38.45,76.165,-1.835,False,False,1.0932,,,True,1.7545,True,-1.7223,True,0.1888,True,2.8586,False,-1.7719,False,0.1073
sample-run,dqn,1003,dqn-1003-monaco,monaco,2026,Monaco Grand Prix,33,33,8,9,intermediate,intermediate,4,5,0.0,False,False,24.59,2.83,1.06,0,stay_out,True,-0.9,-39.35,79.097,1.097,False,False,0.7569,,,True,0.1375,True,0.9147,True,-0.6039,True,0.3577,False,0.7212,False,0.7211
sample-run,dqn,1003,dqn-1003-monaco,monaco,2026,Monaco Grand Prix,34,34,7,8,intermediate,intermediate,5,6,0.0,False,False,23.63,1.35,2.3,0,stay_out,True,-0.8,-40.15,78.47,0.47,False,False,0.4459,,,True,0.1171,True,-0.0307,True,0.4909,True,0.4397,False,0.18,False,1.1252
sample-run,dqn,1003,dqn-1003-monaco,monaco,2026,Monaco Grand Prix,35,35,7,8,intermediate,intermediate,0,0,0.071,False,False,16.99,0.93,2.66,4,pit_intermediate,True,-0.85,-41.0,80.627,2.627,False,False,0.631,,,True,1.7401,True,-1.2444,True,-1.102,True,0.3517,True,-0.3569,True,-0.7915
sample-run,dqn,1003,dqn-1003-monaco,monaco,2026,Monaco Grand Prix,36,36,7,8,intermediate,intermediate,0,1,0.0,False,False,14.26,1.5,1.85,0,stay_out,True,-0.8,-41.8,79.582,1.582,False,False,0.6687,,,True,-0.1701,True,1.2576,True,0.9585,True,0.0422,False,2.0256,False,0.2771
sample-run,dqn,1003,dqn-1003-monaco,monaco,2026,Monaco Grand Prix,37,37,7,8,intermediate,intermediate,1,2,0.0,False,False,19.46,1.74,0.83,0,stay_out,True,-0.8,-42.6,77.763,-0.237,False,False,0.8567,,,True,1.8793,True,-1.534,True,0.8519,True,-0.2697,False,1.6155,False,0.6157
sample-run,dqn,1003,dqn-1003-monaco,monaco,2026,Monaco Grand Prix,38,38,6,7,intermediate,intermediate,2,3,0.0,False,False,18.3,0.95,2.97,0,stay_out,True,-0.7,-43.3,77.035,-0.965,False,False,1.0473,,,True,2.3701,True,0.4163,True,1.5801,True,-1.0092,False,2.1182,False,-0.5524
sample-run,dqn,1003,dqn-1003-monaco,monaco,2026,Monaco Grand Prix,39,39,6,7,intermediate,intermediate,0,0,0.116,False,False,15.57,2.98,1.74,4,pit_intermediate,True,-0.75,-44.05,80.961,2.961,False,False,1.1851,,,True,-0.4919,True,-1.3373,True,-0.8054,True,-0.4444,True,0.66,True,-0.7675
sample-run,dqn,1003,dqn-1003-monaco,monaco,2026,Monaco Grand Prix,40,40,6,7,intermediate,intermediate,0,0,0.068,False,False,17.64,1.45,2.36,4,pit_intermediate,True,-0.75,-44.8,80.048,2.048,False,False,1.1975,,,True,0.9146,True,0.9664,True,2.0495,True,-1.1223,True,2.9224,True,-0.5186
sample-run,dqn,1003,dqn-1003-monaco,monaco,2026,Monaco Grand Prix,41,41,6,7,intermediate,intermediate,0,1,0.0,False,False,14.13,2.19,1.57,0,stay_out,True,-0.7,-45.5,75.548,-2.452,False,False,1.1363,,,True,2.1028,True,-0.3988,True,1.2503,True,0.2765,False,-0.975,False,-1.037
sample-run,dqn,1003,dqn-1003-monaco,monaco,2026,Monaco Grand Prix,42,42,5,6,intermediate,intermediate,1,2,0.0,False,False,14.22,2.11,2.55,0,stay_out,True,-0.6,-46.1,78.125,0.125,False,False,0.6777,,,True,2.2011,True,0.4863,True,-1.1046,True,-0.0139,False,-1.4863,False,-0.3001
sample-run,dqn,1003,dqn-1003-monaco,monaco,2026,Monaco Grand Prix,43,43,5,6,intermediate,intermediate,2,3,0.0,False,False,12.56,2.33,1.24,0,stay_out,True,-0.6,-46.7,79.334,1.334,False,False,1.0852,,,True,1.1106,True,1.7332,True,0.6119,True,-0.8869,False,-0.8762,False,-0.7738
sample-run,dqn,1003,dqn-1003-monaco,monaco,2026,Monaco Grand Prix,44,44,5,6,intermediate,intermediate,3,4,0.0,False,False,11.17,1.17,0.5,0,stay_out,True,-0.6,-47.3,77.58,-0.42,False,False,0.9541,,,True,0.5939,True,1.9646,True,-0.2835,True,1.0166,False,0.3222,False,-0.5622
sample-run,dqn,1003,dqn-1003-monaco,monaco,2026,Monaco Grand Prix,45,45,4,5,intermediate,intermediate,4,5,0.0,False,False,10.57,2.36,2.69,0,stay_out,True,-0.5,-47.8,77.56,-0.44,False,False,0.8129,,,True,0.355,True,-0.1183,True,0.3575,True,1.8021,False,-1.0942,False,-2.0808
sample-run,dqn,1003,dqn-1003-monaco,monaco,2026,Monaco Grand Prix,46,46,5,6,intermediate,intermediate,5,6,0.0,False,False,12.9,2.94,1.99,0,stay_out,True,-0.6,-48.4,77.473,-0.527,False,False,0.7547,,,True,1.9484,True,0.7839,True,0.0505,True,0.5872,False,-0.3255,False,-1.6832
sample-run,dqn,1003,dqn-1003-monaco,monaco,2026,Monaco Grand Prix,47,47,4,5,intermediate,intermediate,0,0,0.05,False,False,13.69,1.79,1.51,4,pit_intermediate,True,-0.55,-48.95,81.329,3.329,False,False,0.6708,,,True,0.2606,True,1.4467,True,1.1598,True,-0.8336,True,1.8937,True,-0.7919
sample-run,dqn,1003,dqn-1003-monaco,monaco,2026,Monaco Grand Prix,48,48,5,6,intermediate,intermediate,0,1,0.0,False,False,9.72,2.2,2.41,0,stay_out,True,-0.6,-49.55,79.016,1.016,False,False,1.1226,,,True,2.2393,True,0.774,True,1.1784,True,-0.1427,False,1.3722,False,-1.6628
sample-run,dqn,1003,dqn-1003-monaco,monaco,2026,Monaco Grand Prix,49,49,4,5,intermediate,intermediate,1,2,0.0,True,False,8.57,2.45,0.79,0,stay_out,True,-0.5,-50.05,77.11,-0.89,False,False,0.5253,,,True,0.2946,True,0.129,True,0.4805,True,-0.8353,False,0.1255,False,-1.1958
sample-run,dqn,1003,dqn-1003-monaco,monaco,2026,Monaco Grand Prix,50,50,3,4,intermediate,intermediate,2,3,0.0,False,False,10.84,2.12,1.01,0,stay_out,True,-0.4,-50.45,80.315,2.315,False,False,1.1048,,,True,1.9682,True,-0.4454,True,-0.6157,True,0.2601,False,0.8581,False,0.1279
sample-run,dqn,1003,dqn-1003-monaco,monaco,2026,Monaco Grand Prix,51,51,3,4,intermediate,intermediate,3,4,0.0,False,False,8.29,2.3,1.38,0,stay_out,True,-0.4,-50.85,77.296,-0.704,False,False,0.8808,,,True,0.6958,True,-1.3171,True,0.297,True,-0.1356,False,0.8417,False,-0.4737
sample-run,dqn,1003,dqn-1003-monaco,monaco,2026,Monaco Grand Prix,52,52,4,5,intermediate,intermediate,4,5,0.0,False,False,14.12,2.7,0.78,0,stay_out,True,-0.5,-51.35,78.053,0.053,False,False,0.9874,,,True,0.3046,True,-1.3703,True,0.5503,True,1.1494,False,0.3985,False,-1.0519
sample-run,dqn,1003,dqn-1003-monaco,monaco,2026,Monaco Grand Prix,53,53,3,4,intermediate,intermediate,5,6,0.0,False,False,8.16,2.64,0.89,0,stay_out,True,-0.4,-51.75,76.656,-1.344,False,False,0.8594,,,True,0.7142,True,0.2261,True,0.7709,True,-1.5616,False,0.6658,False,0.7929
sample-run,dqn,1003,dqn-1003-monaco,monaco,2026,Monaco Grand Prix,54,54,3,4,intermediate,intermediate,6,7,0.0,False,False,10.76,0.89,1.32,0,stay_out,True,-0.4,-52.15,76.359,-1.641,False,False,0.9908,,,True,1.2742,True,-1.1825,True,-0.9618,True,0.4846,False,-0.5543,False,2.1564
sample-run,dqn,1003,dqn-1003-monaco,monaco,2026,Monaco Grand Prix,55,55,4,5,intermediate,intermediate,7,8,0.0,False,False,13.84,1.76,2.56,0,stay_out,True,-0.5,-52.65,77.38,-0.62,False,False,1.1173,,,True,1.6523,True,0.1651,True,2.6453,True,-0.5523,False,-0.5241,False,-0.0611
sample-run,dqn,1003,dqn-1003-monaco,monaco,2026,Monaco Grand Prix,56,56,4,5,intermediate,intermediate,8,9,0.0,False,False,11.66,2.74,1.82,0,stay_out,True,-0.5,-53.15,79.45,1.45,False,False,0.639,,,True,2.0471,True,0.8726,True,-0.8912,True,-0.8716,False,-0.6169,False,0.7005
sample-run,dqn,1003,dqn-1003-monaco,monaco,2026,Monaco Grand Prix,57,57,3,4,intermediate,intermediate,9,10,0.0,True,False,7.24,1.18,1.76,0,stay_out,True,-0.4,-53.55,80.082,2.082,False,False,0.9827,,,True,2.1264,True,-0.0322,True,-0.4969,True,0.1422,False,-2.734,False,0.7156
sample-run,dqn,1003,dqn-1003-monaco,monaco,2026,Monaco Grand Prix,58,58,3,4,intermediate,intermediate,10,11,0.0,False,False,6.77,1.77,2.08,0,stay_out,True,-0.4,-53.95,76.97,-1.03,False,False,0.5348,,,True,3.6704,True,-0.0452,True,-0.6721,True,0.7476,False,0.8913,False,0.3146
sample-run,dqn,1003,dqn-1003-monaco,monaco,2026,Monaco Grand Prix,59,59,3,4,intermediate,intermediate,0,0,0.014,False,False,10.7,2.36,2.71,4,pit_intermediate,True,-0.45,-54.4,80.7,2.7,False,False,0.4026,,,True,0.1612,True,1.1601,True,0.8505,True,0.1905,True,0.6035,True,-0.8487
sample-run,dqn,1003,dqn-1003-monaco,monaco,2026,Monaco Grand Prix,60,60,4,5,intermediate,intermediate,0,1,0.0,False,False,13.22,2.77,2.98,0,stay_out,True,-0.5,-54.9,79.449,1.449,False,False,0.9177,,,True,1.291,True,0.8059,True,3.1041,True,-2.5151,False,-0.3052,False,-0.0728
sample-run,dqn,1003,dqn-1003-monaco,monaco,2026,Monaco Grand Prix,61,61,4,5,intermediate,intermediate,0,0,0.017,False,False,7.82,1.19,2.31,4,pit_intermediate,True,-0.55,-55.45,81.372,3.372,False,False,0.4361,,,True,1.4147,True,-0.14,True,1.0099,True,-1.4723,True,2.5192,True,0.5404
sample-run,dqn,1003,dqn-1003-monaco,monaco,2026,Monaco Grand Prix,62,62,4,5,intermediate,intermediate,0,1,0.0,False,False,11.76,2.13,0.71,0,stay_out,True,-0.5,-55.95,78.519,0.519,False,False,0.9806,,,True,1.1291,True,0.5384,True,-0.5916,True,0.4597,False,0.0859,False,-0.1598
sample-run,dqn,1003,dqn-1003-monaco,monaco,2026,Monaco Grand Prix,63,63,5,6,intermediate,intermediate,1,2,0.0,False,False,13.9,1.01,2.15,0,stay_out,True,-0.6,-56.55,77.243,-0.757,False,False,1.0949,,,True,-0.3005,True,-1.8991,True,-0.0124,True,-0.2105,False,1.2541,False,1.8044
sample-run,dqn,1003,dqn-1003-monaco,monaco,2026,Monaco Grand Prix,64,64,6,7,intermediate,intermediate,0,0,0.065,False,False,18.71,0.64,2.97,4,pit_intermediate,True,-0.75,-57.3,81.733,3.733,False,False,0.5141,,,True,-0.1689,True,-0.1871,True,-0.8192,True,-1.4112,True,0.593,True,-0.0658
sample-run,dqn,1003,dqn-1003-monaco,monaco,2026,Monaco Grand Prix,65,65,6,7,intermediate,intermediate,0,1,0.0,False,False,10.93,2.61,0.75,0,stay_out,True,-0.7,-58.0,78.688,0.688,False,False,0.4182,,,True,1.7295,True,0.2441,True,-0.8898,True,-0.8079,False,-1.411,False,0.0419
sample-run,dqn,1003,dqn-1003-monaco,monaco,2026,Monaco Grand Prix,66,66,6,7,intermediate,intermediate,1,2,0.0,False,False,17.54,2.3,2.94,0,stay_out,True,-0.7,-58.7,75.924,-2.076,False,False,0.7066,,,True,1.0181,True,0.9795,True,1.6458,True,-0.6889,False,-0.8042,False,-1.4355
sample-run,dqn,1003,dqn-1003-monaco,monaco,2026,Monaco Grand Prix,67,67,6,7,intermediate,intermediate,2,3,0.0,False,False,15.4,1.11,1.34,0,stay_out,True,-0.7,-59.4,78.935,0.935,False,False,0.7206,,,True,2.239,True,0.025,True,-0.6284,True,-0.223,False,0.2141,False,1.3439
sample-run,dqn,1003,dqn-1003-monaco,monaco,2026,Monaco Grand Prix,68,68,7,8,intermediate,intermediate,3,4,0.0,False,False,20.0,2.56,1.57,0,stay_out,True,-0.8,-60.2,77.664,-0.336,False,False,0.9591,,,True,1.2591,True,1.441,True,0.0891,True,-1.2521,False,-1.2526,False,1.9677
sample-run,dqn,1003,dqn-1003-monaco,monaco,2026,Monaco Grand Prix,69,69,7,8,intermediate,intermediate,4,5,0.0,False,False,22.71,1.55,1.74,0,stay_out,True,-0.8,-61.0,78.563,0.563,False,False,0.9159,,,True,2.5516,True,-0.181,True,0.5905,True,-0.7605,False,-0.2571,False,0.1983
sample-run,dqn,1003,dqn-1003-monaco,monaco,2026,Monaco Grand Prix,70,70,6,7,intermediate,intermediate,5,6,0.0,False,False,13.79,1.07,1.8,0,stay_out,True,-0.7,-61.7,75.979,-2.021,False,False,0.4611,,,True,1.7301,True,-0.2481,True,-0.2908,True,-0.0282,False,0.6352,False,0.3096
sample-run,dqn,1003,dqn-1003-monaco,monaco,2026,Monaco Grand Prix,71,71,6,7,intermediate,intermediate,6,7,0.0,False,False,20.23,2.61,1.73,0,stay_out,True,-0.7,-62.4,79.889,1.889,False,False,0.9074,,,True,0.1623,True,1.0492,True,-1.3325,True,-0.5285,False,0.4887,False,-0.7853
sample-run,dqn,1003,dqn-1003-monaco,monaco,2026,Monaco Grand Prix,72,72,6,7,intermediate,intermediate,7,8,0.0,False,False,15.59,2.94,1.66,0,stay_out,True,-0.7,-63.1,79.458,1.458,False,False,0.7891,,,True,1.4812,True,-0.1315,True,1.1161,True,0.9103,False,1.2445,False,0.8265
sample-run,dqn,1003,dqn-1003-monaco,monaco,2026,Monaco Grand Prix,73,73,6,7,intermediate,intermediate,8,9,0.0,False,False,14.71,1.95,2.44,0,stay_out,True,-0.7,-63.8,77.229,-0.771,False,False,0.6868,,,True,1.0928,True,-0.2229,True,0.5144,True,0.6437,False,-1.5708,False,0.0859
sample-run,dqn,1003,dqn-1003-monaco,monaco,2026,Monaco Grand Prix,74,74,6,7,intermediate,intermediate,9,10,0.0,True,False,15.89,1.71,1.14,0,stay_out,True,-0.7,-64.5,79.031,1.031,False,False,0.746,,,True,2.9852,True,0.4798,True,0.5744,True,0.9374,False,-0.8273,False,-0.5033
sample-run,dqn,1003,dqn-1003-monaco,monaco,2026,Monaco Grand Prix,75,75,8,9,intermediate,intermediate,0,0,0.449,False,False,18.05,0.69,1.6,4,pit_intermediate,True,-0.95,-65.45,81.8,3.8,False,False,1.0329,,,True,1.7736,True,-0.0548,True,-2.3785,True,-1.2537,True,1.2902,True,-0.582
sample-run,dqn,1003,dqn-1003-monaco,monaco,2026,Monaco Grand Prix,76,76,7,8,intermediate,intermediate,0,1,0.0,False,False,23.43,0.55,2.23,0,stay_out,True,-0.8,-66.25,76.118,-1.882,False,False,0.7291,,,True,1.6082,True,-0.1664,True,-1.2863,True,-0.8762,False,0.4156,False,-0.672
sample-run,dqn,1003,dqn-1003-monaco,monaco,2026,Monaco Grand Prix,77,77,7,8,intermediate,intermediate,1,2,0.0,False,False,21.59,0.88,1.63,0,stay_out,True,-0.8,-67.05,79.245,1.245,True,False,0.915,,,True,0.824,True,-0.1063,True,-0.3598,True,0.9664,False,-0.6695,False,-0.8247
sample-run,qrl,1003,qrl-1003-monaco,monaco,2026,Monaco Grand Prix,0,0,13,14,medium,medium,0,1,0.0,False,False,26.07,1.98,2.43,0,stay_out,True,-1.4,-1.4,76.159,-1.841,False,False,2.9276,,,True,1.6236,True,-1.0112,True,0.0323,True,0.1375,False,0.561,False,-0.0971
sample-run,qrl,1003,qrl-1003-monaco,monaco,2026,Monaco Grand Prix,1,1,13,14,medium,medium,1,2,0.0,False,False,41.48,0.51,2.09,0,stay_out,True,-1.4,-2.8,79.155,1.155,False,False,2.6195,,,True,1.2061,True,-0.1283,True,1.7275,True,1.2934,False,0.4787,False,-0.2362
sample-run,qrl,1003,qrl-1003-monaco,monaco,2026,Monaco Grand Prix,2,2,14,15,medium,medium,2,3,0.0,False,False,36.13,0.51,2.58,0,stay_out,True,-1.5,-4.3,77.918,-0.082,False,False,2.9239,,,True,-0.3301,True,-0.059,True,-0.8954,True,-2.4398,False,0.5181,False,1.9082
sample-run,qrl,1003,qrl-1003-monaco,monaco,2026,Monaco Grand Prix,3,3,14,15,medium,medium,3,4,0.0,False,False,23.77,1.69,2.7,0,stay_out,True,-1.5,-5.8,76.522,-1.478,False,False,2.5058,,,True,0.3974,True,0.7158,True,-0.995,True,-0.017,False,-0.5427,False,0.2176
sample-run,qrl,1003,qrl-1003-monaco,monaco,2026,Monaco Grand Prix,4,4,15,16,medium,medium,4,5,0.0,False,False,39.84,2.7,0.81,0,stay_out,True,-1.6,-7.4,75.248,-2.752,False,False,2.4992,,,True,3.8102,True,0.9139,True,0.4273,True,1.7102,False,-2.216,False,0.7007
sample-run,qrl,1003,qrl-1003-monaco,monaco,2026,Monaco Grand Prix,5,5,15,16,medium,medium,5,6,0.0,False,False,28.43,0.65,1.87,0,stay_out,True,-1.6,-9.0,78.334,0.334,False,False,3.0859,,,True,1.664,True,-1.3356,True,-0.056,True,0.7085,False,0.3017,False,1.5606
sample-run,qrl,1003,qrl-1003-monaco,monaco,2026,Monaco Grand Prix,6,6,14,15,intermediate,intermediate,0,0,0.173,False,False,28.37,1.12,2.14,4,pit_intermediate,True,-1.55,-10.55,82.218,4.218,False,False,3.2037,,,True,-1.1865,True,-0.0279,True,0.7742,True,0.0998,True,2.2846,True,-0.4489
sample-run,qrl,1003,qrl-1003-monaco,monaco,2026,Monaco Grand Prix,7,7,14,15,intermediate,intermediate,0,1,0.0,False,False,41.04,1.57,2.25,0,stay_out,True,-1.5,-12.05,77.283,-0.717,False,False,1.8234,,,True,1.4647,True,2.0664,True,0.7887,True,-0.1129,False,-0.3574,False,0.2038
sample-run,qrl,1003,qrl-1003-monaco,monaco,2026,Monaco Grand Prix,8,8,14,15,intermediate,intermediate,1,2,0.0,False,False,38.86,1.46,1.71,0,stay_out,True,-1.5,-13.55,76.067,-1.933,False,False,1.7182,,,True,0.1157,True,-0.2446,True,0.0528,True,0.3835,False,-0.6642,False,-0.2545
sample-run,qrl,1003,qrl-1003-monaco,monaco,2026,Monaco Grand Prix,9,9,15,16,intermediate,intermediate,0,0,0.011,False,False,37.96,2.94,1.24,4,pit_intermediate,True,-1.65,-15.2,81.865,3.865,False,False,2.5851,,,True,-0.2917,True,0.1832,True,-0.1915,True,-0.1763,True,1.3111,True,0.5278
sample-run,qrl,1003,qrl-1003-monaco,monaco,2026,Monaco Grand Prix,10,10,15,16,intermediate,intermediate,0,1,0.0,False,False,26.69,0.56,1.13,0,stay_out,True,-1.6,-16.8,78.337,0.337,False,False,2.041,,,True,1.897,True,1.5849,True,1.6371,True,1.4588,False,-0.1626,False,1.4768
sample-run,qrl,1003,qrl-1003-monaco,monaco,2026,Monaco Grand Prix,11,11,14,15,intermediate,intermediate,1,2,0.0,False,False,40.82,1.68,1.49,0,stay_out,True,-1.5,-18.3,78.22,0.22,False,False,1.4097,,,True,0.5623,True,2.5469,True,-0.7645,True,0.4752,False,0.131,False,1.0403
sample-run,qrl,1003,qrl-1003-monaco,monaco,2026,Monaco Grand Prix,12,12,14,15,intermediate,intermediate,2,3,0.0,False,False,29.11,1.76,0.78,0,stay_out,True,-1.5,-19.8,79.642,1.642,False,False,3.2876,,,True,1.7137,True,-2.237,True,-0.7178,True,-0.0404,False,-0.4095,False,-1.9037
sample-run,qrl,1003,qrl-1003-monaco,monaco,2026,Monaco Grand Prix,13,13,14,15,intermediate,intermediate,0,0,0.033,False,False,39.47,0.58,2.26,4,pit_intermediate,True,-1.55,-21.35,81.561,3.561,False,False,2.2157,,,True,-0.7235,True,-0.3285,True,-1.1547,True,-2.1785,True,2.8122,True,-1.0941
sample-run,qrl,1003,qrl-1003-monaco,monaco,2026,Monaco Grand Prix,14,14,14,15,intermediate,intermediate,0,1,0.0,False,False,35.55,0.81,1.72,0,stay_out,True,-1.5,-22.85,79.401,1.401,False,False,1.2864,,,True,0.6266,True,-0.4299,True,0.551,True,0.4274,False,-1.558,False,2.044
sample-run,qrl,1003,qrl-1003-monaco,monaco,2026,Monaco Grand Prix,15,15,14,15,intermediate,intermediate,1,2,0.0,False,False,43.2,0.63,2.6,0,stay_out,True,-1.5,-24.35,78.949,0.949,False,False,3.5729,,,True,0.1306,True,0.8722,True,-0.3472,True,-0.5785,False,0.2897,False,-1.9601
sample-run,qrl,1003,qrl-1003-monaco,monaco,2026,Monaco Grand Prix,16,16,15,16,intermediate,intermediate,2,3,0.0,False,False,40.9,0.52,2.11,0,stay_out,True,-1.6,-25.95,76.887,-1.113,False,False,3.2942,,,True,1.3034,True,-0.2623,True,-0.6318,True,1.9619,False,-0.0003,False,-0.4378
sample-run,qrl,1003,qrl-1003-monaco,monaco,2026,Monaco Grand Prix,17,17,14,15,intermediate,intermediate,3,4,0.0,False,False,36.84,1.93,1.8,0,stay_out,True,-1.5,-27.45,78.868,0.868,False,False,2.6385,,,True,0.4899,True,-0.6898,True,0.2966,True,-0.3443,False,-1.2523,False,-0.0254
sample-run,qrl,1003,qrl-1003-monaco,monaco,2026,Monaco Grand Prix,18,18,13,14,intermediate,intermediate,0,0,0.053,False,False,30.39,1.2,0.99,4,pit_intermediate,True,-1.45,-28.9,81.783,3.783,False,False,3.4598,,,True,-0.0425,True,1.17,True,-0.4043,True,2.0593,True,1.7106,True,-1.5655
sample-run,qrl,1003,qrl-1003-monaco,monaco,2026,Monaco Grand Prix,19,19,12,13,intermediate,intermediate,0,1,0.0,False,False,23.15,1.08,2.84,0,stay_out,True,-1.3,-30.2,81.6,3.6,False,False,1.87,,,True,1.9706,True,-0.0409,True,0.2459,True,0.9576,False,1.7867,False,-0.1202
sample-run,qrl,1003,qrl-1003-monaco,monaco,2026,Monaco Grand Prix,20,20,12,13,intermediate,intermediate,1,2,0.0,False,False,32.22,2.94,1.51,0,stay_out,True,-1.3,-31.5,79.359,1.359,False,False,2.1353,,,True,1.9639,True,-0.4518,True,-0.4856,True,-0.3155,False,0.0963,False,0.9494
sample-run,qrl,1003,qrl-1003-monaco,monaco,2026,Monaco Grand Prix,21,21,12,13,intermediate,intermediate,2,3,0.0,False,False,22.55,0.51,1.41,0,stay_out,True,-1.3,-32.8,80.021,2.021,False,False,2.6229,,,True,1.0087,True,0.871,True,0.2403,True,-0.2268,False,0.7402,False,0.1805
sample-run,qrl,1003,qrl-1003-monaco,monaco,2026,Monaco Grand Prix,22,22,12,13,intermediate,intermediate,3,4,0.0,False,False,22.81,2.3,0.71,0,stay_out,True,-1.3,-34.1,78.512,0.512,False,False,2.0535,,,True,0.3138,True,-0.73,True,0.4286,True,-0.4939,False,-1.1002,False,-0.3075
sample-run,qrl,1003,qrl-1003-monaco,monaco,2026,Monaco Grand Prix,23,23,13,14,intermediate,intermediate,4,5,0.0,False,False,30.14,0.7,0.75,0,stay_out,True,-1.4,-35.5,78.825,0.825,False,False,1.915,,,True,2.1902,True,1.1357,True,0.5267,True,0.1122,False,2.1419,False,-0.0479
sample-run,qrl,1003,qrl-1003-monaco,monaco,2026,Monaco Grand Prix,24,24,12,13,intermediate,intermediate,5,6,0.0,False,False,27.06,2.89,1.84,0,stay_out,True,-1.3,-36.8,77.392,-0.608,False,False,2.0159,,,True,-1.2605,True,1.96,True,-0.3844,True,-1.382,False,1.2112,False,1.6661
sample-run,qrl,1003,qrl-1003-monaco,monaco,2026,Monaco Grand Prix,25,25,12,13,intermediate,intermediate,6,7,0.0,False,False,32.92,1.4,1.65,0,stay_out,True,-1.3,-38.1,78.78,0.78,False,False,1.8262,,,True,0.625,True,-0.5896,True,0.3847,True,-1.0784,False,0.8473,False,-0.8045
sample-run,qrl,1003,qrl-1003-monaco,monaco,2026,Monaco Grand Prix,26,26,11,12,intermediate,intermediate,7,8,0.0,False,False,18.84,1.55,2.27,0,stay_out,True,-1.2,-39.3,76.846,-1.154,False,False,2.9095,,,True,1.2147,True,-2.7203,True,0.0605,True,-0.9545,False,-1.1795,False,-0.8005
sample-run,qrl,1003,qrl-1003-monaco,monaco,2026,Monaco Grand Prix,27,27,10,11,intermediate,intermediate,8,9,0.0,False,False,20.43,1.56,2.01,0,stay_out,True,-1.1,-40.4,77.036,-0.964,False,False,1.7485,,,True,1.0688,True,-2.9911,True,-0.0244,True,-0.5187,False,1.1326,False,-0.48
sample-run,qrl,1003,qrl-1003-monaco,monaco,2026,Monaco Grand Prix,28,28,9,10,intermediate,intermediate,9,10,0.0,False,False,28.18,2.35,2.2,0,stay_out,True,-1.0,-41.4,78.819,0.819,False,False,3.4715,,,True,1.8276,True,-0.6709,True,-0.5897,True,0.7784,False,-0.2829,False,-0.3597
sample-run,qrl,1003,qrl-1003-monaco,monaco,2026,Monaco Grand Prix,29,29,8,9,intermediate,intermediate,10,11,0.0,True,False,21.01,2.91,2.12,0,stay_out,True,-0.9,-42.3,79.716,1.716,False,False,1.8705,,,True,1.955,True,0.3017,True,-0.1994,True,1.5688,False,0.3681,False,-0.3895
sample-run,qrl,1003,qrl-1003-monaco,monaco,2026,Monaco Grand Prix,30,30,7,8,intermediate,intermediate,11,12,0.0,False,False,22.48,1.77,1.9,0,stay_out,True,-0.8,-43.1,79.084,1.084,False,False,2.8512,,,True,2.1089,True,-1.6558,True,-1.0165,True,0.7732,False,0.8747,False,-0.2433
sample-run,qrl,1003,qrl-1003-monaco,monaco,2026,Monaco Grand Prix,31,31,8,9,intermediate,intermediate,12,13,0.0,False,False,25.77,2.7,2.67,0,stay_out,True,-0.9,-44.0,79.45,1.45,False,False,1.4884,,,True,1.3883,True,0.1146,True,-1.6249,True,-0.4749,False,1.3151,False,1.338
sample-run,qrl,1003,qrl-1003-monaco,monaco,2026,Monaco Grand Prix,32,32,7,8,intermediate,intermediate,13,14,0.0,False,False,23.12,1.92,1.93,0,stay_out,True,-0.8,-44.8,80.167,2.167,False,False,1.2466,,,True,1.3927,True,0.1531,True,0.5125,True,1.2003,False,-2.1315,False,-0.3456
sample-run,qrl,1003,qrl-1003-monaco,monaco,2026,Monaco Grand Prix,33,33,7,8,intermediate,intermediate,0,0,0.224,False,False,15.18,2.92,0.73,4,pit_intermediate,True,-0.85,-45.65,79.91,1.91,False,False,2.0576,,,True,0.1291,True,1.0618,True,-0.5413,True,-0.085,True,2.2745,True,-0.6157
sample-run,qrl,1003,qrl-1003-monaco,monaco,2026,Monaco Grand Prix,34,34,6,7,intermediate,intermediate,0,1,0.0,False,False,11.6,1.86,1.5,0,stay_out,True,-0.7,-46.35,78.678,0.678,False,False,1.8576,,,True,3.746,True,0.5118,True,-1.9541,True,-0.6078,False,0.3791,False,0.0979
sample-run,qrl,1003,qrl-1003-monaco,monaco,2026,Monaco Grand Prix,35,35,6,7,intermediate,intermediate,0,0,0.011,False,False,18.48,2.01,0.57,4,pit_intermediate,True,-0.75,-47.1,83.166,5.166,False,False,1.3803,,,True,-0.9708,True,0.9976,True,-0.2134,True,-0.1655,True,3.3721,True,-0.1954
sample-run,qrl,1003,qrl-1003-monaco,monaco,2026,Monaco Grand Prix,36,36,6,7,intermediate,intermediate,0,1,0.0,False,False,20.57,1.02,1.53,0,stay_out,True,-0.7,-47.8,78.436,0.436,False,False,2.3351,,,True,1.3024,True,0.2268,True,0.8948,True,0.1893,False,0.2089,False,-1.3978
sample-run,qrl,1003,qrl-1003-monaco,monaco,2026,Monaco Grand Prix,37,37,5,6,intermediate,intermediate,1,2,0.0,False,False,17.73,1.52,1.26,0,stay_out,True,-0.6,-48.4,76.865,-1.135,False,False,1.7128,,,True,2.1057,True,1.6386,True,-1.0834,True,-0.7941,False,-2.6205,False,-1.5413
sample-run,qrl,1003,qrl-1003-monaco,monaco,2026,Monaco Grand Prix,38,38,5,6,intermediate,intermediate,2,3,0.0,False,False,12.22,1.13,0.57,0,stay_out,True,-0.6,-49.0,79.25,1.25,False,False,3.597,,,True,2.5502,True,0.179,True,-0.6158,True,1.2135,False,-0.3898,False,-1.3147
sample-run,qrl,1003,qrl-1003-monaco,monaco,2026,Monaco Grand Prix,39,39,4,5,intermediate,intermediate,3,4,0.0,False,False,12.31,2.74,1.12,0,stay_out,True,-0.5,-49.5,78.621,0.621,False,False,1.7238,,,True,1.2279,True,-0.8194,True,1.5319,True,2.317,False,1.007,False,1.3238
sample-run,qrl,1003,qrl-1003-monaco,monaco,2026,Monaco Grand Prix,40,40,5,6,intermediate,intermediate,4,5,0.0,True,False,15.42,1.81,1.78,0,stay_out,True,-0.6,-50.1,79.203,1.203,False,False,3.2064,,,True,3.1114,True,0.6377,True,-0.8726,True,-1.2169,False,-0.5967,False,-0.0819
sample-run,qrl,1003,qrl-1003-monaco,monaco,2026,Monaco Grand Prix,41,41,5,6,intermediate,intermediate,5,6,0.0,False,False,17.64,0.85,0.63,0,stay_out,True,-0.6,-50.7,75.381,-2.619,False,False,3.5309,,,True,1.8451,True,0.0874,True,0.6007,True,1.7881,False,0.9243,False,0.2204
sample-run,qrl,1003,qrl-1003-monaco,monaco,2026,Monaco Grand Prix,42,42,5,6,intermediate,intermediate,6,7,0.0,True,False,13.29,1.16,1.47,0,stay_out,True,-0.6,-51.3,77.143,-0.857,False,False,2.1016,,,True,-0.5356,True,0.5049,True,0.6854,True,0.2289,False,-1.0713,False,-0.4672
sample-run,qrl,1003,qrl-1003-monaco,monaco,2026,Monaco Grand Prix,43,43,4,5,intermediate,intermediate,7,8,0.0,False,False,7.54,2.75,0.81,0,stay_out,True,-0.5,-51.8,77.324,-0.676,False,False,1.9264,,,True,0.239,True,-1.35,True,-0.0793,True,-0.7495,False,2.031,False,0.1168
sample-run,qrl,1003,qrl-1003-monaco,monaco,2026,Monaco Grand Prix,44,44,4,5,intermediate,intermediate,8,9,0.0,False,False,9.09,2.45,0.95,0,stay_out,True,-0.5,-52.3,78.866,0.866,False,False,1.9976,,,True,1.2753,True,0.0258,True,0.9768,True,-0.284,False,-1.2611,False,0.4648
sample-run,qrl,1003,qrl-1003-monaco,monaco,2026,Monaco Grand Prix,45,45,3,4,intermediate,intermediate,9,10,0.0,False,False,9.25,0.77,1.99,0,stay_out,True,-0.4,-52.7,75.762,-2.238,False,False,1.3149,,,True,2.947,True,-0.0211,True,-0.7475,True,-0.1829,False,-0.0017,False,-0.8061
sample-run,qrl,1003,qrl-1003-monaco,monaco,2026,Monaco Grand Prix,46,46,3,4,intermediate,intermediate,10,11,0.0,False,False,7.58,0.91,0.58,0,stay_out,True,-0.4,-53.1,78.182,0.182,False,False,2.8008,,,True,1.9432,True,0.9259,True,-0.8123,True,1.4485,False,-1.9392,False,0.2342
sample-run,qrl,1003,qrl-1003-monaco,monaco,2026,Monaco Grand Prix,47,47,3,4,intermediate,intermediate,11,12,0.0,False,False,7.77,2.54,0.6,0,stay_out,True,-0.4,-53.5,78.864,0.864,False,False,1.5859,,,True,-0.6222,True,1.6276,True,-1.5257,True,0.2208,False,0.3268,False,-1.6609
sample-run,qrl,1003,qrl-1003-monaco,monaco,2026,Monaco Grand Prix,48,48,3,4,intermediate,intermediate,12,13,0.0,False,False,10.18,0.67,2.32,0,stay_out,True,-0.4,-53.9,78.757,0.757,False,False,3.2514,,,True,0.3148,True,-0.4224,True,-0.5528,True,-1.3901,False,0.5741,False,1.5821
sample-run,qrl,1003,qrl-1003-monaco,monaco,2026,Monaco Grand Prix,49,49,2,3,intermediate,intermediate,13,14,0.0,False,False,6.69,1.43,1.85,0,stay_out,True,-0.3,-54.2,77.848,-0.152,False,False,2.0991,,,True,1.2262,True,1.9039,True,-0.5568,True,-0.7732,False,0.6807,False,-0.8545
sample-run,qrl,1003,qrl-1003-monaco,monaco,2026,Monaco Grand Prix,50,50,2,3,intermediate,intermediate,14,15,0.0,False,False,5.92,2.84,2.24,0,stay_out,True,-0.3,-54.5,78.514,0.514,False,False,1.2515,,,True,2.9871,True,0.5276,True,-0.2969,True,0.1086,False,2.2212,False,0.2071
sample-run,qrl,1003,qrl-1003-monaco,monaco,2026,Monaco Grand Prix,51,51,2,3,intermediate,intermediate,15,16,0.0,False,True,6.34,1.07,1.94,0,stay_out,True,-0.3,-54.8,77.298,-0.702,False,False,2.0678,,,True,1.2368,True,-0.3145,True,-1.323,True,1.094,False,-0.2157,False,-1.2368
sample-run,qrl,1003,qrl-1003-monaco,monaco,2026,Monaco Grand Prix,52,52,1,2,intermediate,intermediate,16,17,0.0,False,True,4.16,2.39,1.5,0,stay_out,True,-0.2,-55.0,79.164,1.164,False,False,2.2151,,,True,1.1403,True,0.4947,True,-0.1326,True,-1.0679,False,1.536,False,-0.384
sample-run,qrl,1003,qrl-1003-monaco,monaco,2026,Monaco Grand Prix,53,53,1,1,intermediate,intermediate,17,18,0.0,False,True,2.81,1.07,0.61,0,stay_out,True,-0.1,-55.1,79.021,1.021,False,False,2.3601,,,True,0.7864,True,-1.1787,True,1.7922,True,0.5971,False,0.1022,False,-1.4772
sample-run,qrl,1003,qrl-1003-monaco,monaco,2026,Monaco Grand Prix,54,54,1,1,intermediate,intermediate,18,19,0.0,False,True,2.56,2.52,0.82,0,stay_out,True,-0.1,-55.2,77.744,-0.256,False,False,1.4008,,,True,1.8839,True,-0.3117,True,0.5741,True,0.7442,False,1.1089,False,0.2094
sample-run,qrl,1003,qrl-1003-monaco,monaco,2026,Monaco Grand Prix,55,55,1,1,intermediate,intermediate,19,20,0.0,False,True,1.67,0.95,2.78,0,stay_out,True,-0.1,-55.3,79.609,1.609,False,False,2.3092,,,True,1.3267,True,-1.4322,True,-1.5537,True,-0.6441,False,-1.4087,False,0.81
sample-run,qrl,1003,qrl-1003-monaco,monaco,2026,Monaco Grand Prix,56,56,1,2,hard,hard,0,0,0.0,False,False,5.31,2.93,0.58,3,pit_hard,True,0.3,-55.0,80.479,2.479,False,False,1.8923,,,True,-2.6063,True,-0.9252,True,-1.4295,True,1.2372,False,0.3177,False,-0.1028
sample-run,qrl,1003,qrl-1003-monaco,monaco,2026,Monaco Grand Prix,57,57,1,2,hard,hard,0,1,0.0,False,False,5.43,2.38,0.91,0,stay_out,True,-0.2,-55.2,77.566,-0.434,False,False,2.6839,,,True,1.1945,True,-0.9007,True,1.4873,True,0.38,False,1.6143,False,0.9669
sample-run,qrl,1003,qrl-1003-monaco,monaco,2026,Monaco Grand Prix,58,58,1,2,hard,hard,1,2,0.0,False,False,5.94,2.57,2.28,0,stay_out,True,-0.2,-55.4,76.521,-1.479,False,False,2.2331,,,True,1.3212,True,-1.4256,True,1.2206,True,-0.1252,False,-0.2207,False,0.2523
sample-run,qrl,1003,qrl-1003-monaco,monaco,2026,Monaco Grand Prix,59,59,1,2,hard,hard,2,3,0.0,False,False,5.58,2.8,2.79,0,stay_out,True,-0.2,-55.6,77.847,-0.153,False,False,1.2272,,,True,2.7835,True,0.0747,True,-1.0323,True,-1.3267,False,-0.6993,False,0.2603
sample-run,qrl,1003,qrl-1003-monaco,monaco,2026,Monaco Grand Prix,60,60,1,1,hard,hard,3,4,0.0,False,False,2.85,2.87,1.38,0,stay_out,True,-0.1,-55.7,80.672,2.672,False,False,3.5184,,,True,2.6023,True,1.2933,True,-2.0545,True,-0.1315,False,0.4801,False,-0.054
sample-run,qrl,1003,qrl-1003-monaco,monaco,2026,Monaco Grand Prix,61,61,1,1,hard,hard,4,5,0.0,False,False,1.87,1.13,0.64,0,stay_out,True,-0.1,-55.8,79.676,1.676,False,False,1.4015,,,True,1.42,True,-1.5937,True,-1.3706,True,-0.0464,False,-0.6298,False,1.6047
sample-run,qrl,1003,qrl-1003-monaco,monaco,2026,Monaco Grand Prix,62,62,1,1,hard,hard,5,6,0.0,False,False,1.57,1.05,2.99,0,stay_out,True,-0.1,-55.9,79.897,1.897,False,False,2.5524,,,True,1.3519,True,0.6967,True,0.9876,True,1.3902,False,-0.2614,False,-1.0762
sample-run,qrl,1003,qrl-1003-monaco,monaco,2026,Monaco Grand Prix,63,63,1,1,hard,hard,6,7,0.0,False,False,2.55,1.53,0.9,0,stay_out,True,-0.1,-56.0,77.436,-0.564,False,False,3.1121,,,True,1.2244,True,-0.0286,True,-0.9294,True,1.0311,False,0.5634,False,0.6462
sample-run,qrl,1003,qrl-1003-monaco,monaco,2026,Monaco Grand Prix,64,64,1,1,hard,hard,7,8,0.0,False,False,2.99,1.96,2.34,0,stay_out,True,-0.1,-56.1,76.08,-1.92,False,False,2.1138,,,True,1.9577,True,-1.0243,True,1.4882,True,1.8584,False,0.7613,False,-1.0335
sample-run,qrl,1003,qrl-1003-monaco,monaco,2026,Monaco Grand Prix,65,65,1,1,hard,hard,8,9,0.0,False,False,2.53,0.57,2.28,0,stay_out,True,-0.1,-56.2,76.961,-1.039,False,False,2.4843,,,True,2.6279,True,1.0575,True,-0.6125,True,0.4301,False,-0.6438,False,-0.833
sample-run,qrl,1003,qrl-1003-monaco,monaco,2026,Monaco Grand Prix,66,66,1,2,hard,hard,9,10,0.0,False,False,5.52,2.48,0.64,0,stay_out,True,-0.2,-56.4,76.485,-1.515,False,False,1.3673,,,True,0.8923,True,-0.8067,True,-0.9532,True,-1.8153,False,0.2217,False,1.0446
sample-run,qrl,1003,qrl-1003-monaco,monaco,2026,Monaco Grand Prix,67,67,1,2,hard,hard,10,11,0.0,False,False,5.21,0.57,1.7,0,stay_out,True,-0.2,-56.6,78.567,0.567,False,False,1.754,,,True,1.8107,True,0.1393,True,1.802,True,0.1425,False,-1.2054,False,-1.1883
sample-run,qrl,1003,qrl-1003-monaco,monaco,2026,Monaco Grand Prix,68,68,1,2,hard,hard,11,12,0.0,False,False,5.52,1.74,1.84,0,stay_out,True,-0.2,-56.8,76.459,-1.541,False,False,2.9471,,,True,0.0038,True,-0.2973,True,-0.5623,True,1.2036,False,-0.1154,False,0.0419
sample-run,qrl,1003,qrl-1003-monaco,monaco,2026,Monaco Grand Prix,69,69,1,1,hard,hard,12,13,0.0,False,False,2.22,1.56,2.13,0,stay_out,True,-0.1,-56.9,79.445,1.445,False,False,3.1365,,,True,0.6621,True,0.4992,True,0.4799,True,0.034,False,0.6693,False,1.1377
sample-run,qrl,1003,qrl-1003-monaco,monaco,2026,Monaco Grand Prix,70,70,1,1,hard,hard,13,14,0.0,False,False,2.08,2.46,2.26,0,stay_out,True,-0.1,-57.0,77.208,-0.792,False,False,2.6414,,,True,1.8096,True,-0.6989,True,0.0371,True,1.3191,False,1.2526,False,-0.1379
sample-run,qrl,1003,qrl-1003-monaco,monaco,2026,Monaco Grand Prix,71,71,1,1,hard,hard,14,15,0.0,False,False,2.92,0.86,2.25,0,stay_out,True,-0.1,-57.1,77.841,-0.159,False,False,1.6569,,,True,0.1978,True,-0.0217,True,0.259,True,0.7806,False,-0.1405,False,1.1118
sample-run,qrl,1003,qrl-1003-monaco,monaco,2026,Monaco Grand Prix,72,72,1,1,hard,hard,15,16,0.0,False,True,1.99,0.66,0.69,0,stay_out,True,-0.1,-57.2,79.353,1.353,False,False,2.5202,,,True,1.0418,True,0.8774,True,0.6994,True,-1.8385,False,-1.7598,False,-0.4291
sample-run,qrl,1003,qrl-1003-monaco,monaco,2026,Monaco Grand Prix,73,73,1,1,hard,hard,16,17,0.0,False,True,2.85,2.25,2.56,0,stay_out,True,-0.1,-57.3,77.268,-0.732,False,False,2.1629,,,True,3.178,True,1.3492,True,0.0759,True,1.1993,False,0.6781,False,-0.1759
sample-run,qrl,1003,qrl-1003-monaco,monaco,2026,Monaco Grand Prix,74,74,1,1,hard,hard,17,18,0.0,False,True,2.91,2.8,1.57,0,stay_out,True,-0.1,-57.4,79.002,1.002,False,False,1.5012,,,True,1.8343,True,-0.8712,True,0.2255,True,0.8083,False,-2.044,False,-1.0665
sample-run,qrl,1003,qrl-1003-monaco,monaco,2026,Monaco Grand Prix,75,75,1,1,medium,medium,0,0,0.0,False,False,2.14,2.4,2.72,2,pit_medium,True,0.4,-57.0,79.064,1.064,False,False,2.289,,,True,-1.3317,True,-0.9249,True,2.6983,True,-1.4362,False,0.1189,False,1.0737
sample-run,qrl,1003,qrl-1003-monaco,monaco,2026,Monaco Grand Prix,76,76,1,1,intermediate,intermediate,0,0,0.148,False,False,2.56,0.8,2.99,4,pit_intermediate,True,-0.15,-57.15,82.043,4.043,False,False,3.2067,,,True,-0.8015,True,-0.6029,True,1.7722,True,-2.1978,True,2.7903,True,1.5969
sample-run,qrl,1003,qrl-1003-monaco,monaco,2026,Monaco Grand Prix,77,77,1,2,intermediate,intermediate,0,1,0.0,False,False,4.85,1.37,2.16,0,stay_out,True,-0.2,-57.35,79.279,1.279,True,False,2.2051,,,True,2.2717,True,-0.5166,True,1.2798,True,-0.4517,False,-0.0121,False,0.3168
sample-run,dqn,1004,dqn-1004-monaco,monaco,2026,Monaco Grand Prix,0,0,4,5,medium,medium,0,1,0.0,False,False,10.27,0.93,2.62,0,stay_out,True,-0.5,-0.5,78.998,0.998,False,False,0.9821,,,True,3.0485,True,1.5721,True,-0.1483,True,-1.1015,False,-1.4728,False,0.5195
sample-run,dqn,1004,dqn-1004-monaco,monaco,2026,Monaco Grand Prix,1,1,5,6,medium,medium,1,2,0.0,False,False,15.82,2.17,1.47,0,stay_out,True,-0.6,-1.1,77.235,-0.765,False,False,0.7134,,,True,0.2792,True,0.1898,True,0.9779,True,-0.3106,False,1.2753,False,0.4032
sample-run,dqn,1004,dqn-1004-monaco,monaco,2026,Monaco Grand Prix,2,2,6,7,medium,medium,2,3,0.0,False,False,13.18,2.92,2.71,0,stay_out,True,-0.7,-1.8,77.428,-0.572,False,False,1.0586,,,True,0.444,True,-1.7941,True,-0.091,True,-2.7066,False,-1.4437,False,-0.6542
sample-run,dqn,1004,dqn-1004-monaco,monaco,2026,Monaco Grand Prix,3,3,6,7,medium,medium,3,4,0.0,False,False,16.35,1.3,1.79,0,stay_out,True,-0.7,-2.5,78.995,0.995,False,False,0.6782,,,True,1.491,True,0.0455,True,-0.3633,True,-0.5834,False,-0.8533,False,-0.0113
sample-run,dqn,1004,dqn-1004-monaco,monaco,2026,Monaco Grand Prix,4,4,7,8,intermediate,intermediate,0,0,0.184,False,False,13.24,0.68,1.26,4,pit_intermediate,True,-0.85,-3.35,80.915,2.915,False,False,1.047,,,True,-0.3936,True,-0.4028,True,0.2914,True,0.019,True,3.9438,True,-0.145
sample-run,dqn,1004,dqn-1004-monaco,monaco,2026,Monaco Grand Prix,5,5,7,8,intermediate,intermediate,0,1,0.0,False,False,18.19,0.97,1.86,0,stay_out,True,-0.8,-4.15,80.248,2.248,False,False,1.163,,,True,2.1292,True,1.3236,True,1.1689,True,-1.5204,False,-0.664,False,-0.18
sample-run,dqn,1004,dqn-1004-monaco,monaco,2026,Monaco Grand Prix,6,6,6,7,intermediate,intermediate,1,2,0.0,False,False,19.33,1.38,1.53,0,stay_out,True,-0.7,-4.85,78.368,0.368,False,False,1.0984,,,True,1.8076,True,2.2712,True,0.1369,True,-0.6631,False,-0.9006,False,-0.5048
sample-run,dqn,1004,dqn-1004-monaco,monaco,2026,Monaco Grand Prix,7,7,6,7,intermediate,intermediate,2,3,0.0,False,False,18.21,1.93,2.0,0,stay_out,True,-0.7,-5.55,78.683,0.683,False,False,0.7501,,,True,2.0145,True,2.0006,True,1.8797,True,0.4127,False,0.9575,False,0.244
sample-run,dqn,1004,dqn-1004-monaco,monaco,2026,Monaco Grand Prix,8,8,6,7,intermediate,intermediate,3,4,0.0,False,False,18.6,0.79,2.28,0,stay_out,True,-0.7,-6.25,77.509,-0.491,False,False,1.1056,,,True,-0.6151,True,1.6051,True,-0.888,True,-1.0933,False,-0.6886,False,0.3964
sample-run,dqn,1004,dqn-1004-monaco,monaco,2026,Monaco Grand Prix,9,9,6,7,intermediate,intermediate,4,5,0.0,False,False,11.36,1.97,2.53,0,stay_out,True,-0.7,-6.95,78.553,0.553,False,False,0.9728,,,True,2.1259,True,0.2188,True,-0.3094,True,-0.9203,False,1.4645,False,0.6197
sample-run,dqn,1004,dqn-1004-monaco,monaco,2026,Monaco Grand Prix,10,10,5,6,intermediate,intermediate,5,6,0.0,False,False,10.34,1.32,1.47,0,stay_out,True,-0.6,-7.55,79.151,1.151,False,False,0.5326,,,True,-0.3779,True,0.5827,True,-1.0454,True,0.7066,False,1.45,False,-0.1116
sample-run,dqn,1004,dqn-1004-monaco,monaco,2026,Monaco Grand Prix,11,11,6,7,intermediate,intermediate,6,7,0.0,False,False,13.73,2.81,2.54,0,stay_out,True,-0.7,-8.25,77.636,-0.364,False,False,0.9505,,,True,0.8002,True,-0.1272,True,0.3782,True,1.847,False,-0.0202,False,-1.9216
sample-run,dqn,1004,dqn-1004-monaco,monaco,2026,Monaco Grand Prix,12,12,6,7,intermediate,intermediate,7,8,0.0,False,False,17.01,0.61,1.79,0,stay_out,True,-0.7,-8.95,76.446,-1.554,False,False,0.5745,,,True,-0.8019,True,0.5482,True,1.2106,True,-0.6429,False,0.5039,False,-0.2633
sample-run,dqn,1004,dqn-1004-monaco,monaco,2026,Monaco Grand Prix,13,13,7,8,intermediate,intermediate,8,9,0.0,False,False,20.63,1.17,2.9,0,stay_out,True,-0.8,-9.75,78.782,0.782,False,False,0.7859,,,True,3.9096,True,-0.2683,True,0.7841,True,-0.9267,False,0.3294,False,-1.665
sample-run,dqn,1004,dqn-1004-monaco,monaco,2026,Monaco Grand Prix,14,14,7,8,intermediate,intermediate,9,10,0.0,False,False,19.57,2.35,1.89,0,stay_out,True,-0.8,-10.55,77.364,-0.636,False,False,0.4057,,,True,0.8455,True,-0.5761,True,-0.3635,True,0.2366,False,-1.1989,False,0.9892
sample-run,dqn,1004,dqn-1004-monaco,monaco,2026,Monaco Grand Prix,15,15,7,8,intermediate,intermediate,10,11,0.0,False,False,13.56,2.24,2.64,0,stay_out,True,-0.8,-11.35,79.526,1.526,False,False,0.4161,,,True,0.2117,True,-0.4555,True,-0.4402,True,-0.2442,False,0.0367,False,-0.4405
sample-run,dqn,1004,dqn-1004-monaco,monaco,2026,Monaco Grand Prix,16,16,6,7,intermediate,intermediate,11,12,0.0,False,False,12.53,1.46,0.96,0,stay_out,True,-0.7,-12.05,77.548,-0.452,False,False,0.625,,,True,1.5161,True,0.6129,True,-0.431,True,-0.2795,False,-0.3151,False,-1.3358
sample-run,dqn,1004,dqn-1004-monaco,monaco,2026,Monaco Grand Prix,17,17,5,6,intermediate,intermediate,12,13,0.0,False,False,16.76,2.37,0.72,0,stay_out,True,-0.6,-12.65,78.802,0.802,False,False,1.0246,,,True,1.4978,True,0.7053,True,-1.1917,True,-2.5086,False,0.336,False,-0.1999
sample-run,dqn,1004,dqn-1004-monaco,monaco,2026,Monaco Grand Prix,18,18,4,5,intermediate,intermediate,13,14,0.0,False,False,9.42,2.81,2.47,0,stay_out,True,-0.5,-13.15,76.197,-1.803,False,False,0.7005,,,True,-0.4501,True,-2.2385,True,0.3414,True,-3.1845,False,0.2018,False,0.3208
sample-run,dqn,1004,dqn-1004-monaco,monaco,2026,Monaco Grand Prix,19,19,4,5,intermediate,intermediate,14,15,0.0,False,False,11.15,1.71,1.68,0,stay_out,True,-0.5,-13.65,79.197,1.197,False,False,1.1476,,,True,1.7987,True,-0.0439,True,0.2069,True,-0.6437,False,0.0524,False,1.0016
sample-run,dqn,1004,dqn-1004-monaco,monaco,2026,Monaco Grand Prix,20,20,4,5,intermediate,intermediate,15,16,0.0,False,True,9.64,0.59,1.01,0,stay_out,True,-0.5,-14.15,80.08,2.08,False,False,0.8101,,,True,0.9876,True,-1.5867,True,-0.6316,True,0.2782,False,0.0959,False,-0.0362
sample-run,dqn,1004,dqn-1004-monaco,monaco,2026,Monaco Grand Prix,21,21,4,5,intermediate,intermediate,16,17,0.0,False,True,13.62,1.65,1.12,0,stay_out,True,-0.5,-14.65,81.254,3.254,False,False,1.1306,,,True,2.5646,True,0.7997,True,-1.5552,True,-2.1607,False,-0.0059,False,0.8448
sample-run,dqn,1004,dqn-1004-monaco,monaco,2026,Monaco Grand Prix,22,22,5,6,intermediate,intermediate,17,18,0.0,False,True,12.6,2.8,2.52,0,stay_out,True,-0.6,-15.25,77.868,-0.132,False,False,0.7521,,,True,2.7346,True,-0.7333,True,1.5738,True,0.1213,False,-0.5682,False,-0.0383
sample-run,dqn,1004,dqn-1004-monaco,monaco,2026,Monaco Grand Prix,23,23,4,5,intermediate,intermediate,18,19,0.0,False,True,12.76,2.75,1.85,0,stay_out,True,-0.5,-15.75,79.141,1.141,False,False,1.0861,,,True,-0.0587,True,0.4534,True,0.6429,True,1.8743,False,-1.1151,False,-0.067
sample-run,dqn,1004,dqn-1004-monaco,monaco,2026,Monaco Grand Prix,24,24,4,5,intermediate,intermediate,19,20,0.0,False,True,11.84,0.61,1.23,0,stay_out,True,-0.5,-16.25,79.176,1.176,False,False,0.5269,,,True,2.4237,True,-1.3888,True,-0.254,True,-0.7875,False,-1.2261,False,-1.6656
sample-run,dqn,1004,dqn-1004-monaco,monaco,2026,Monaco Grand Prix,25,25,4,5,intermediate,intermediate,20,21,0.0,True,True,11.36,0.76,2.12,0,stay_out,True,-0.5,-16.75,80.363,2.363,False,False,1.1609,,,True,2.8352,True,0.4342,True,1.4406,True,0.3138,False,-0.2694,False,-0.6673
sample-run,dqn,1004,dqn-1004-monaco,monaco,2026,Monaco Grand Prix,26,26,4,5,intermediate,intermediate,21,22,0.0,False,True,9.23,2.21,1.67,0,stay_out,True,-0.5,-17.25,81.25,3.25,False,False,0.622,,,True,0.7173,True,0.4531,True,1.2335,True,1.2207,False,0.5744,False,0.2101
sample-run,dqn,1004,dqn-1004-monaco,monaco,2026,Monaco Grand Prix,27,27,6,7,medium,medium,0,0,0.0,False,False,19.51,2.73,2.26,2,pit_medium,True,-0.2,-17.45,80.898,2.898,False,False,1.1046,,,True,0.3153,True,0.237,True,1.8347,True,-1.653,False,0.8839,False,0.6124
sample-run,dqn,1004,dqn-1004-monaco,monaco,2026,Monaco Grand Prix,28,28,6,7,medium,medium,0,1,0.0,False,False,17.43,0.68,0.64,0,stay_out,True,-0.7,-18.15,77.823,-0.177,False,False,0.5368,,,True,2.3705,True,-0.0608,True,0.4919,True,0.818,False,0.2848,False,0.6833
sample-run,dqn,1004,dqn-1004-monaco,monaco,2026,Monaco Grand Prix,29,29,6,7,medium,medium,1,2,0.0,False,False,20.96,1.9,1.29,0,stay_out,True,-0.7,-18.85,78.996,0.996,False,False,0.4427,,,True,1.9573,True,-0.8293,True,0.1014,True,-0.183,False,0.6952,False,0.581
sample-run,dqn,1004,dqn-1004-monaco,monaco,2026,Monaco Grand Prix,30,30,5,6,medium,medium,2,3,0.0,False,False,12.01,1.93,1.93,0,stay_out,True,-0.6,-19.45,78.337,0.337,False,False,0.882,,,True,1.846,True,-0.3224,True,-0.3281,True,1.0818,False,-0.2008,False,0.4448
sample-run,dqn,1004,dqn-1004-monaco,monaco,2026,Monaco Grand Prix,31,31,6,7,medium,medium,3,4,0.0,False,False,18.57,1.74,2.34,0,stay_out,True,-0.7,-20.15,78.651,0.651,False,False,1.0913,,,True,0.5906,True,-0.5134,True,-1.8331,True,-0.9834,False,-0.2197,False,0.0934
sample-run,dqn,1004,dqn-1004-monaco,monaco,2026,Monaco Grand Prix,32,32,6,7,medium,medium,4,5,0.0,False,False,19.63,2.81,2.74,0,stay_out,True,-0.7,-20.85,78.786,0.786,False,False,0.5714,,,True,0.6543,True,0.2795,True,0.9067,True,-0.6766,False,0.6475,False,0.9683
sample-run,dqn,1004,dqn-1004-monaco,monaco,2026,Monaco Grand Prix,33,33,6,7,medium,medium,5,6,0.0,False,False,17.15,1.32,0.77,0,stay_out,True,-0.7,-21.55,79.591,1.591,False,False,0.5626,,,True,2.2004,True,1.1161,True,-1.3469,True,-1.2435,False,0.581,False,0.198
sample-run,dqn,1004,dqn-1004-monaco,monaco,2026,Monaco Grand Prix,34,34,6,7,medium,medium,6,7,0.0,False,False,20.73,0.89,1.59,0,stay_out,True,-0.7,-22.25,75.649,-2.351,False,False,1.1263,,,True,0.5082,True,-1.7724,True,-2.7579,True,-0.9553,False,0.1884,False,-0.4298
sample-run,dqn,1004,dqn-1004-monaco,monaco,2026,Monaco Grand Prix,35,35,6,7,medium,medium,7,8,0.0,False,False,13.68,0.65,1.49,0,stay_out,True,-0.7,-22.95,78.25,0.25,False,False,0.5143,,,True,2.115,True,-2.4864,True,0.0072,True,-0.8882,False,-0.034,False,-0.8686
sample-run,dqn,1004,dqn-1004-monaco,monaco,2026,Monaco Grand Prix,36,36,7,8,medium,medium,8,9,0.0,False,False,14.61,2.87,1.94,0,stay_out,True,-0.8,-23.75,76.507,-1.493,False,False,1.0849,,,True,2.4064,True,-0.872,True,0.2296,True,-0.5058,False,0.2372,False,0.4666
sample-run,dqn,1004,dqn-1004-monaco,monaco,2026,Monaco Grand Prix,37,37,6,7,medium,medium,9,10,0.0,False,False,11.99,2.29,2.28,0,stay_out,True,-0.7,-24.45,79.289,1.289,False,False,0.8304,,,True,-1.261,True,0.7779,True,0.2929,True,-2.1038,False,1.0294,False,1.0585
sample-run,dqn,1004,dqn-1004-monaco,monaco,2026,Monaco Grand Prix,38,38,6,7,medium,medium,10,11,0.0,False,False,19.7,0.71,2.83,0,stay_out,True,-0.7,-25.15,76.66,-1.34,False,False,0.7483,,,True,0.5671,True,0.3786,True,-0.8051,True,1.3912,False,-0.1356,False,-1.4156
sample-run,dqn,1004,dqn-1004-monaco,monaco,2026,Monaco Grand Prix,39,39,6,7,medium,medium,11,12,0.0,False,False,19.33,2.94,2.89,0,stay_out,True,-0.7,-25.85,76.982,-1.018,False,False,0.8044,,,True,2.4947,True,-0.4469,True,0.2795,True,0.3815,False,2.317,False,-0.2474
sample-run,dqn,1004,dqn-1004-monaco,monaco,2026,Monaco Grand Prix,40,40,6,7,medium,medium,12,13,0.0,False,False,14.96,1.65,2.9,0,stay_out,True,-0.7,-26.55,76.279,-1.721,False,False,0.8359,,,True,3.6105,True,0.8756,True,-0.5371,True,-0.6713,False,-0.9719,False,-0.9421
sample-run,dqn,1004,dqn-1004-monaco,monaco,2026,Monaco Grand Prix,41,41,5,6,medium,medium,13,14,0.0,False,False,16.97,0.62,0.91,0,stay_out,True,-0.6,-27.15,79.427,1.427,False,False,0.839,,,True,3.365,True,0.6483,True,-0.7487,True,-0.4565,False,-1.3177,False,-0.96
sample-run,dqn,1004,dqn-1004-monaco,monaco,2026,Monaco Grand Prix,42,42,5,6,medium,medium,14,15,0.0,False,False,14.86,2.12,1.71,0,stay_out,True,-0.6,-27.75,78.493,0.493,False,False,0.9496,,,True,0.4563,True,0.4314,True,0.6097,True,-0.0597,False,0.1172,False,-0.2499
sample-run,dqn,1004,dqn-1004-monaco,monaco,2026,Monaco Grand Prix,43,43,4,5,intermediate,intermediate,0,0,0.138,False,False,8.66,2.92,1.84,4,pit_intermediate,True,-0.55,-28.3,81.33,3.33,False,False,0.9056,,,True,0.1665,True,0.4289,True,0.6622,True,1.9574,True,2.3334,True,0.778
sample-run,dqn,1004,dqn-1004-monaco,monaco,2026,Monaco Grand Prix,44,44,3,4,intermediate,intermediate,0,1,0.0,False,False,9.5,2.87,1.18,0,stay_out,True,-0.4,-28.7,77.449,-0.551,False,False,0.6822,,,True,1.4349,True,-1.1403,True,-0.6848,True,-0.3154,False,-0.7501,False,0.8346
sample-run,dqn,1004,dqn-1004-monaco,monaco,2026,Monaco Grand Prix,45,45,2,3,intermediate,intermediate,1,2,0.0,False,False,7.44,1.88,0.58,0,stay_out,True,-0.3,-29.0,80.089,2.089,False,False,0.5351,,,True,1.8971,True,-0.1649,True,0.7328,True,-2.1354,False,0.1828,False,1.0063
sample-run,dqn,1004,dqn-1004-monaco,monaco,2026,Monaco Grand Prix,46,46,1,2,intermediate,intermediate,2,3,0.0,False,False,4.94,0.74,2.5,0,stay_out,True,-0.2,-29.2,76.238,-1.762,False,False,1.1578,,,True,2.7867,True,-1.0896,True,-0.7752,True,0.1685,False,-0.1065,False,-1.3743
sample-run,dqn,1004,dqn-1004-monaco,monaco,2026,Monaco Grand Prix,47,47,2,3,intermediate,intermediate,3,4,0.0,False,False,6.63,0.94,2.02,0,stay_out,True,-0.3,-29.5,78.662,0.662,False,False,0.5236,,,True,1.3391,True,-0.0371,True,1.0915,True,0.0524,False,-0.4484,False,-1.5594
sample-run,dqn,1004,dqn-1004-monaco,monaco,2026,Monaco Grand Prix,48,48,1,2,intermediate,intermediate,4,5,0.0,False,False,5.67,0.82,2.78,0,stay_out,True,-0.2,-29.7,76.213,-1.787,False,False,0.5621,,,True,-0.1419,True,1.0741,True,0.5665,True,-2.0858,False,-1.1765,False,-0.137
sample-run,dqn,1004,dqn-1004-monaco,monaco,2026,Monaco Grand Prix,49,49,1,1,intermediate,intermediate,5,6,0.0,False,False,2.31,2.05,2.8,0,stay_out,True,-0.1,-29.8,76.54,-1.46,False,False,0.5336,,,True,1.6758,True,1.1519,True,-0.5474,True,0.2778,False,-0.0788,False,2.7092
sample-run,dqn,1004,dqn-1004-monaco,monaco,2026,Monaco Grand Prix,50,50,1,1,intermediate,intermediate,6,7,0.0,False,False,2.16,2.86,2.9,0,stay_out,True,-0.1,-29.9,78.619,0.619,False,False,0.5959,,,True,0.2483,True,1.0544,True,-0.0145,True,1.3679,False,-0.3028,False,-1.6215
sample-run,dqn,1004,dqn-1004-monaco,monaco,2026,Monaco Grand Prix,51,51,1,1,intermediate,intermediate,7,8,0.0,False,False,1.54,1.6,1.55,0,stay_out,True,-0.1,-30.0,78.229,0.229,False,False,1.1475,,,True,0.5293,True,0.132,True,1.2762,True,0.3521,False,0.262,False,-1.5479
sample-run,dqn,1004,dqn-1004-monaco,monaco,2026,Monaco Grand Prix,52,52,1,1,intermediate,intermediate,8,9,0.0,False,False,2.32,2.62,2.25,0,stay_out,True,-0.1,-30.1,78.425,0.425,False,False,0.7253,,,True,-0.7812,True,-0.1051,True,1.3295,True,-1.1347,False,-1.5495,False,-0.426
sample-run,dqn,1004,dqn-1004-monaco,monaco,2026,Monaco Grand Prix,53,53,1,1,intermediate,intermediate,9,10,0.0,False,False,2.81,1.98,0.83,0,stay_out,True,-0.1,-30.2,77.867,-0.133,False,False,0.944,,,True,-0.2834,True,0.8762,True,1.3661,True,0.1162,False,0.5993,False,0.4096
sample-run,dqn,1004,dqn-1004-monaco,monaco,2026,Monaco Grand Prix,54,54,1,1,intermediate,intermediate,10,11,0.0,False,False,2.74,1.2,1.13,0,stay_out,True,-0.1,-30.3,77.867,-0.133,False,False,1.1784,,,True,0.5255,True,1.3872,True,0.7272,True,1.2484,False,1.0724,False,0.3024
sample-run,dqn,1004,dqn-1004-monaco,monaco,2026,Monaco Grand Prix,55,55,1,1,intermediate,intermediate,11,12,0.0,False,False,2.51,2.56,1.28,0,stay_out,True,-0.1,-30.4,78.697,0.697,False,False,0.607,,,True,3.7716,True,0.1459,True,0.5947,True,0.5762,False,1.7832,False,-0.358
sample-run,dqn,1004,dqn-1004-monaco,monaco,2026,Monaco Grand Prix,56,56,1,1,intermediate,intermediate,12,13,0.0,False,False,2.51,1.57,1.08,0,stay_out,True,-0.1,-30.5,77.235,-0.765,False,False,0.6518,,,True,2.038,True,-1.6401,True,0.7716,True,-1.0578,False,-2.1109,False,0.5248
sample-run,dqn,1004,dqn-1004-monaco,monaco,2026,Monaco Grand Prix,57,57,1,1,intermediate,intermediate,13,14,0.0,False,False,2.68,0.93,1.94,0,stay_out,True,-0.1,-30.6,77.005,-0.995,False,False,0.9548,,,True,0.9695,True,1.3835,True,-0.8484,True,-0.072,False,-0.5322,False,-0.6988
sample-run,dqn,1004,dqn-1004-monaco,monaco,2026,Monaco Grand Prix,58,58,1,1,intermediate,intermediate,14,15,0.0,False,False,2.91,2.04,2.81,0,stay_out,True,-0.1,-30.7,79.604,1.604,False,False,0.5625,,,True,2.2934,True,-0.2887,True,-0.2325,True,0.8392,False,0.0624,False,0.6665
sample-run,dqn,1004,dqn-1004-monaco,monaco,2026,Monaco Grand Prix,59,59,1,2,intermediate,intermediate,15,16,0.0,False,True,5.29,0.51,2.22,0,stay_out,True,-0.2,-30.9,78.179,0.179,False,False,0.7301,,,True,0.8037,True,0.7417,True,0.6753,True,1.4825,False,-1.0153,False,2.144
sample-run,dqn,1004,dqn-1004-monaco,monaco,2026,Monaco Grand Prix,60,60,1,2,intermediate,intermediate,16,17,0.0,False,True,5.39,0.72,1.94,0,stay_out,True,-0.2,-31.1,76.561,-1.439,False,False,0.5816,,,True,0.506,True,-0.2434,True,-0.1559,True,-1.2741,False,-0.7712,False,-0.5384
sample-run,dqn,1004,dqn-1004-monaco,monaco,2026,Monaco Grand Prix,61,61,1,2,intermediate,intermediate,17,18,0.0,False,True,3.34,2.5,1.13,0,stay_out,True,-0.2,-31.3,76.839,-1.161,False,False,0.6005,,,True,0.808,True,0.0158,True,-1.9616,True,-0.4313,False,1.0911,False,-0.5129
sample-run,dqn,1004,dqn-1004-monaco,monaco,2026,Monaco Grand Prix,62,62,1,1,hard,hard,0,0,0.0,False,False,1.99,2.45,0.68,3,pit_hard,True,0.4,-30.9,80.524,2.524,False,False,0.7072,,,True,0.8866,True,-1.974,True,0.4346,True,2.1115,False,0.1602,False,-0.6524
sample-run,dqn,1004,dqn-1004-monaco,monaco,2026,Monaco Grand Prix,63,63,1,1,hard,hard,0,1,0.0,False,False,2.0,0.89,2.37,0,stay_out,True,-0.1,-31.0,78.519,0.519,False,False,0.8796,,,True,2.6738,True,-2.2695,True,-0.93,True,0.1466,False,1.8632,False,-1.3937
sample-run,dqn,1004,dqn-1004-monaco,monaco,2026,Monaco Grand Prix,64,64,1,1,hard,hard,1,2,0.0,False,False,2.18,1.85,2.29,0,stay_out,True,-0.1,-31.1,77.912,-0.088,False,False,0.6854,,,True,2.6154,True,-0.0884,True,0.2082,True,-1.2814,False,-0.8196,False,0.6427
sample-run,dqn,1004,dqn-1004-monaco,monaco,2026,Monaco Grand Prix,65,65,1,1,hard,hard,2,3,0.0,False,False,1.62,2.91,1.41,0,stay_out,True,-0.1,-31.2,80.662,2.662,False,False,0.6775,,,True,1.1057,True,0.4456,True,-0.1508,True,-1.0904,False,-0.1526,False,0.3959
sample-run,dqn,1004,dqn-1004-monaco,monaco,2026,Monaco Grand Prix,66,66,1,2,hard,hard,3,4,0.0,False,False,3.85,1.65,2.98,0,stay_out,True,-0.2,-31.4,77.056,-0.944,False,False,0.4089,,,True,0.6836,True,-0.328,True,0.0633,True,-0.7175,False,-1.9097,False,-0.6206
sample-run,dqn,1004,dqn-1004-monaco,monaco,2026,Monaco Grand Prix,67,67,1,2,intermediate,intermediate,0,0,0.401,False,False,5.15,2.1,1.96,4,pit_intermediate,True,-0.25,-31.65,80.426,2.426,False,False,0.465,,,True,1.2021,True,-1.1204,True,-2.3042,True,-0.1555,True,2.1847,True,0.0479
sample-run,dqn,1004,dqn-1004-monaco,monaco,2026,Monaco Grand Prix,68,68,1,2,intermediate,intermediate,0,1,0.0,False,False,5.06,2.37,1.62,0,stay_out,True,-0.2,-31.85,78.444,0.444,False,False,0.9287,,,True,-0.1304,True,0.5171,True,-1.281,True,-0.4348,False,1.3945,False,-1.6724
sample-run,dqn,1004,dqn-1004-monaco,monaco,2026,Monaco Grand Prix,69,69,1,1,intermediate,intermediate,1,2,0.0,False,False,2.64,1.19,0.94,0,stay_out,True,-0.1,-31.95,79.074,1.074,False,False,0.9074,,,True,1.9055,True,1.1302,True,-1.0667,True,-0.3324,False,0.9004,False,0.5699
sample-run,dqn,1004,dqn-1004-monaco,monaco,2026,Monaco Grand Prix,70,70,1,1,intermediate,intermediate,2,3,0.0,False,False,2.53,0.96,1.58,0,stay_out,True,-0.1,-32.05,76.935,-1.065,False,False,0.9746,,,True,1.2334,True,0.9594,True,1.2492,True,-0.811,False,0.5586,False,0.3882
sample-run,dqn,1004,dqn-1004-monaco,monaco,2026,Monaco Grand Prix,71,71,1,1,intermediate,intermediate,3,4,0.0,False,False,2.81,1.15,2.97,0,stay_out,True,-0.1,-32.15,77.402,-0.598,False,False,0.787,,,True,2.1529,True,-0.9046,True,-0.2488,True,-1.5784,False,-0.2848,False,-2.1277
sample-run,dqn,1004,dqn-1004-monaco,monaco,2026,Monaco Grand Prix,72,72,1,1,intermediate,intermediate,4,5,0.0,False,False,1.71,2.15,2.57,0,stay_out,True,-0.1,-32.25,78.18,0.18,False,False,1.023,,,True,1.1953,True,1.2627,True,-0.7836,True,0.4255,False,-0.6847,False,-0.8838
sample-run,dqn,1004,dqn-1004-monaco,monaco,2026,Monaco Grand Prix,73,73,1,2,intermediate,intermediate,0,0,0.234,False,False,4.79,1.89,0.71,4,pit_intermediate,True,-0.25,-32.5,82.603,4.603,False,False,1.1272,,,True,-0.619,True,0.9233,True,0.189,True,1.2936,True,2.4803,True,-1.0466
sample-run,dqn,1004,dqn-1004-monaco,monaco,2026,Monaco Grand Prix,74,74,1,2,intermediate,intermediate,0,1,0.0,False,False,5.18,0.63,2.13,0,stay_out,True,-0.2,-32.7,79.073,1.073,False,False,0.477,,,True,2.5463,True,-1.0605,True,0.1994,True,0.9321,False,2.6826,False,-0.2904
sample-run,dqn,1004,dqn-1004-monaco,monaco,2026,Monaco Grand Prix,75,75,1,1,intermediate,intermediate,1,2,0.0,False,False,2.7,2.47,1.65,0,stay_out,True,-0.1,-32.8,76.662,-1.338,False,False,0.9759,,,True,1.5559,True,-0.0933,True,-1.7485,True,-0.1726,False,-0.1366,False,0.5523
sample-run,dqn,1004,dqn-1004-monaco,monaco,2026,Monaco Grand Prix,76,76,1,2,intermediate,intermediate,2,3,0.0,False,False,4.35,1.66,1.24,0,stay_out,True,-0.2,-33.0,79.076,1.076,False,False,0.858,,,True,2.5009,True,-0.18,True,0.1511,True,0.4084,False,0.2264,False,1.4992
sample-run,dqn,1004,dqn-1004-monaco,monaco,2026,Monaco Grand Prix,77,77,1,1,intermediate,intermediate,3,4,0.0,False,False,2.17,1.71,1.04,0,stay_out,True,-0.1,-33.1,77.759,-0.241,True,False,0.9441,,,True,1.1995,True,1.7244,True,0.0614,True,1.13,False,-0.4122,False,0.7767
sample-run,qrl,1004,qrl-1004-monaco,monaco,2026,Monaco Grand Prix,0,0,10,11,medium,medium,0,1,0.0,False,False,17.86,2.5,0.71,0,stay_out,True,-1.1,-1.1,79.239,1.239,False,False,2.4906,,,True,1.8136,True,-0.2742,True,-0.8057,True,-0.6489,False,0.245,False,0.0276
sample-run,qrl,1004,qrl-1004-monaco,monaco,2026,Monaco Grand Prix,1,1,10,11,medium,medium,1,2,0.0,False,False,19.73,2.41,2.81,0,stay_out,True,-1.1,-2.2,80.173,2.173,False,False,1.7817,,,True,0.3469,True,-0.9367,True,-0.3854,True,-3.3513,False,1.0337,False,-0.0493
sample-run,qrl,1004,qrl-1004-monaco,monaco,2026,Monaco Grand Prix,2,2,10,11,medium,medium,2,3,0.0,False,False,32.52,0.52,1.13,0,stay_out,True,-1.1,-3.3,80.777,2.777,False,False,1.4218,,,True,2.2967,True,-0.4,True,-0.5132,True,1.1995,False,-0.5697,False,-0.2856
sample-run,qrl,1004,qrl-1004-monaco,monaco,2026,Monaco Grand Prix,3,3,11,12,medium,medium,3,4,0.0,False,False,26.85,2.75,1.18,0,stay_out,True,-1.2,-4.5,76.335,-1.665,False,False,3.1831,,,True,2.1699,True,0.9458,True,0.4395,True,0.5838,False,-1.396,False,-0.0357
sample-run,qrl,1004,qrl-1004-monaco,monaco,2026,Monaco Grand Prix,4,4,12,13,medium,medium,4,5,0.0,False,False,30.39,2.39,1.91,0,stay_out,True,-1.3,-5.8,77.122,-0.878,False,False,2.0659,,,True,2.4496,True,0.7283,True,-0.0362,True,-1.0862,False,-0.5085,False,0.0749
sample-run,qrl,1004,qrl-1004-monaco,monaco,2026,Monaco Grand Prix,5,5,12,13,medium,medium,5,6,0.0,False,False,30.31,0.74,2.05,0,stay_out,True,-1.3,-7.1,78.176,0.176,False,False,3.1326,,,True,2.3031,True,1.2779,True,0.3427,True,-0.4576,False,-1.1995,False,0.5461
sample-run,qrl,1004,qrl-1004-monaco,monaco,2026,Monaco Grand Prix,6,6,12,13,medium,medium,6,7,0.0,False,False,35.82,2.37,0.89,0,stay_out,True,-1.3,-8.4,76.737,-1.263,False,False,1.2959,,,True,3.9128,True,1.2494,True,-1.5976,True,0.2255,False,0.6146,False,1.0542
sample-run,qrl,1004,qrl-1004-monaco,monaco,2026,Monaco Grand Prix,7,7,12,13,intermediate,intermediate,0,0,0.095,False,False,28.02,1.6,1.72,4,pit_intermediate,True,-1.35,-9.75,80.715,2.715,False,False,2.881,,,True,0.2205,True,0.7632,True,0.8877,True,1.2321,True,1.5001,True,-0.2165
sample-run,qrl,1004,qrl-1004-monaco,monaco,2026,Monaco Grand Prix,8,8,12,13,intermediate,intermediate,0,1,0.0,False,False,30.41,1.69,1.83,0,stay_out,True,-1.3,-11.05,78.141,0.141,False,False,3.3357,,,True,0.7289,True,1.064,True,0.5285,True,-0.1925,False,0.9191,False,-1.1218
sample-run,qrl,1004,qrl-1004-monaco,monaco,2026,Monaco Grand Prix,9,9,12,13,intermediate,intermediate,1,2,0.0,False,False,37.24,0.67,2.94,0,stay_out,True,-1.3,-12.35,77.736,-0.264,False,False,1.7797,,,True,0.7259,True,-0.7741,True,1.2503,True,-1.0407,False,1.1782,False,-0.1906
sample-run,qrl,1004,qrl-1004-monaco,monaco,2026,Monaco Grand Prix,10,10,13,14,intermediate,intermediate,2,3,0.0,False,False,23.79,1.3,1.04,0,stay_out,True,-1.4,-13.75,77.256,-0.744,False,False,3.2428,,,True,2.6138,True,0.7368,True,-0.5682,True,0.1322,False,0.2789,False,-1.2972
sample-run,qrl,1004,qrl-1004-monaco,monaco,2026,Monaco Grand Prix,11,11,13,14,intermediate,intermediate,3,4,0.0,False,False,41.26,1.24,0.91,0,stay_out,True,-1.4,-15.15,78.984,0.984,False,False,1.6171,,,True,1.3074,True,1.0134,True,0.9587,True,-0.029,False,1.5626,False,0.3751
sample-run,qrl,1004,qrl-1004-monaco,monaco,2026,Monaco Grand Prix,12,12,13,14,intermediate,intermediate,4,5,0.0,False,False,33.14,0.62,2.93,0,stay_out,True,-1.4,-16.55,77.569,-0.431,False,False,2.5927,,,True,3.46,True,-0.0206,True,1.6206,True,-2.9175,False,0.1307,False,-0.1663
sample-run,qrl,1004,qrl-1004-monaco,monaco,2026,Monaco Grand Prix,13,13,14,15,intermediate,intermediate,5,6,0.0,False,False,23.97,0.99,2.63,0,stay_out,True,-1.5,-18.05,78.491,0.491,False,False,2.745,,,True,0.6154,True,-0.2706,True,-0.3219,True,-0.5272,False,0.8191,False,-0.3184
sample-run,qrl,1004,qrl-1004-monaco,monaco,2026,Monaco Grand Prix,14,14,15,16,intermediate,intermediate,6,7,0.0,False,False,45.72,0.72,1.19,0,stay_out,True,-1.6,-19.65,78.513,0.513,False,False,3.5123,,,True,1.8067,True,-0.2247,True,0.6584,True,-0.608,False,-1.3368,False,-1.1959
sample-run,qrl,1004,qrl-1004-monaco,monaco,2026,Monaco Grand Prix,15,15,15,16,intermediate,intermediate,7,8,0.0,False,False,39.13,2.96,2.57,0,stay_out,True,-1.6,-21.25,77.927,-0.073,False,False,3.362,,,True,3.0764,True,-0.1576,True,0.7105,True,0.5572,False,0.7839,False,1.1359
sample-run,qrl,1004,qrl-1004-monaco,monaco,2026,Monaco Grand Prix,16,16,15,16,intermediate,intermediate,8,9,0.0,False,False,33.7,0.89,0.74,0,stay_out,True,-1.6,-22.85,76.534,-1.466,False,False,2.6454,,,True,1.029,True,1.3356,True,0.092,True,0.2545,False,-0.0259,False,1.091
sample-run,qrl,1004,qrl-1004-monaco,monaco,2026,Monaco Grand Prix,17,17,14,15,intermediate,intermediate,9,10,0.0,False,False,29.26,1.13,2.49,0,stay_out,True,-1.5,-24.35,79.947,1.947,False,False,1.6205,,,True,2.2579,True,-1.2095,True,0.4388,True,0.7351,False,0.9088,False,0.147
sample-run,qrl,1004,qrl-1004-monaco,monaco,2026,Monaco Grand Prix,18,18,13,14,intermediate,intermediate,10,11,0.0,False,False,33.0,0.72,1.32,0,stay_out,True,-1.4,-25.75,76.605,-1.395,False,False,2.0658,,,True,2.2311,True,0.0948,True,-0.1707,True,-0.26,False,0.2445,False,0.9909
sample-run,qrl,1004,qrl-1004-monaco,monaco,2026,Monaco Grand Prix,19,19,13,14,intermediate,intermediate,11,12,0.0,False,False,39.51,1.41,2.54,0,stay_out,True,-1.4,-27.15,77.102,-0.898,False,False,3.4708,,,True,-0.1214,True,0.3727,True,1.1129,True,0.2924,False,-0.9031,False,-2.8438
sample-run,qrl,1004,qrl-1004-monaco,monaco,2026,Monaco Grand Prix,20,20,13,14,intermediate,intermediate,12,13,0.0,False,False,28.41,2.57,2.85,0,stay_out,True,-1.4,-28.55,78.983,0.983,False,False,1.5567,,,True,1.4802,True,0.1605,True,2.6814,True,0.8331,False,-1.3735,False,-0.3415
sample-run,qrl,1004,qrl-1004-monaco,monaco,2026,Monaco Grand Prix,21,21,13,14,intermediate,intermediate,13,14,0.0,False,False,30.73,2.07,1.96,0,stay_out,True,-1.4,-29.95,78.586,0.586,False,False,1.4393,,,True,1.9486,True,1.2887,True,-1.3878,True,0.0785,False,0.4191,False,-0.2286
sample-run,qrl,1004,qrl-1004-monaco,monaco,2026,Monaco Grand Prix,22,22,12,13,intermediate,intermediate,14,15,0.0,False,False,24.58,1.8,2.13,0,stay_out,True,-1.3,-31.25,78.108,0.108,False,False,1.7581,,,True,1.0155,True,-1.2598,True,-2.2058,True,-1.5431,False,-0.3044,False,0.7432
sample-run,qrl,1004,qrl-1004-monaco,monaco,2026,Monaco Grand Prix,23,23,12,13,intermediate,intermediate,15,16,0.0,True,True,34.72,0.86,1.78,0,stay_out,True,-1.3,-32.55,78.296,0.296,False,False,3.0541,,,True,2.9342,True,2.0728,True,1.7647,True,-0.1425,False,1.9728,False,-1.037
sample-run,qrl,1004,qrl-1004-monaco,monaco,2026,Monaco Grand Prix,24,24,11,12,intermediate,intermediate,16,17,0.0,False,True,34.07,2.55,1.31,0,stay_out,True,-1.2,-33.75,79.668,1.668,False,False,1.3015,,,True,-0.1611,True,0.013,True,-0.1006,True,-1.7707,False,-0.2415,False,-0.3118
sample-run,qrl,1004,qrl-1004-monaco,monaco,2026,Monaco Grand Prix,25,25,10,11,soft,soft,0,0,0.0,False,False,17.75,2.0,1.11,1,pit_soft,True,-0.6,-34.35,79.8,1.8,False,False,2.2991,,,True,-2.0319,True,0.6901,True,0.9733,True,-0.0959,False,1.416,False,-0.6821
sample-run,qrl,1004,qrl-1004-monaco,monaco,2026,Monaco Grand Prix,26,26,11,12,soft,soft,0,1,0.0,False,False,35.9,2.71,2.89,0,stay_out,True,-1.2,-35.55,77.84,-0.16,False,False,1.637,,,True,1.4575,True,1.0389,True,0.9124,True,-0.9204,False,-0.4631,False,-1.0413
sample-run,qrl,1004,qrl-1004-monaco,monaco,2026,Monaco Grand Prix,27,27,12,13,soft,soft,1,2,0.0,False,False,33.41,0.76,1.48,0,stay_out,True,-1.3,-36.85,77.388,-0.612,False,False,1.657,,,True,2.5679,True,1.5656,True,-0.432,True,1.0924,False,2.5734,False,1.6972
sample-run,qrl,1004,qrl-1004-monaco,monaco,2026,Monaco Grand Prix,28,28,13,14,soft,soft,2,3,0.0,False,False,29.92,2.17,2.89,0,stay_out,True,-1.4,-38.25,79.28,1.28,False,False,2.2645,,,True,2.2055,True,0.4705,True,-0.2135,True,0.3822,False,-0.0955,False,-0.2401
sample-run,qrl,1004,qrl-1004-monaco,monaco,2026,Monaco Grand Prix,29,29,12,13,soft,soft,3,4,0.0,False,False,34.88,1.34,2.21,0,stay_out,True,-1.3,-39.55,74.504,-3.496,False,False,2.3347,,,True,0.7633,True,0.4876,True,-0.1487,True,-0.2852,False,-0.1513,False,0.3292
sample-run,qrl,1004,qrl-1004-monaco,monaco,2026,Monaco Grand Prix,30,30,12,13,soft,soft,4,5,0.0,False,False,20.72,1.88,1.0,0,stay_out,True,-1.3,-40.85,78.892,0.892,False,False,1.4189,,,True,1.6767,True,-1.3526,True,-1.6802,True,-1.8507,False,1.1419,False,1.1776
sample-run,qrl,1004,qrl-1004-monaco,monaco,2026,Monaco Grand Prix,31,31,12,13,soft,soft,5,6,0.0,False,False,25.77,2.62,0.93,0,stay_out,True,-1.3,-42.15,77.004,-0.996,False,False,2.9133,,,True,2.2763,True,-0.5123,True,0.3335,True,-1.377,False,1.7478,False,-0.5331
sample-run,qrl,1004,qrl-1004-monaco,monaco,2026,Monaco Grand Prix,32,32,12,13,soft,soft,6,7,0.0,False,False,22.48,0.61,2.88,0,stay_out,True,-1.3,-43.45,78.067,0.067,False,False,2.814,,,True,2.4795,True,0.1303,True,0.783,True,-0.3357,False,-0.1549,False,0.0318
sample-run,qrl,1004,qrl-1004-monaco,monaco,2026,Monaco Grand Prix,33,33,12,13,soft,soft,7,8,0.0,False,False,31.23,2.51,2.07,0,stay_out,True,-1.3,-44.75,77.197,-0.803,False,False,1.2742,,,True,1.827,True,-0.0399,True,-0.6801,True,1.0317,False,0.2058,False,0.2347
sample-run,qrl,1004,qrl-1004-monaco,monaco,2026,Monaco Grand Prix,34,34,11,12,soft,soft,8,9,0.0,False,False,30.57,1.01,2.88,0,stay_out,True,-1.2,-45.95,79.487,1.487,False,False,1.7971,,,True,2.5103,True,-0.6114,True,-1.61,True,0.343,False,-0.3074,False,0.5758
sample-run,qrl,1004,qrl-1004-monaco,monaco,2026,Monaco Grand Prix,35,35,11,12,soft,soft,9,10,0.0,False,False,23.56,2.0,1.41,0,stay_out,True,-1.2,-47.15,79.471,1.471,False,False,3.1954,,,True,1.1786,True,-0.593,True,1.5955,True,-0.3627,False,0.5752,False,-0.5948
sample-run,qrl,1004,qrl-1004-monaco,monaco,2026,Monaco Grand Prix,36,36,11,12,soft,soft,10,11,0.0,False,False,20.63,1.03,2.76,0,stay_out,True,-1.2,-48.35,78.029,0.029,False,False,1.8868,,,True,2.1404,True,0.4082,True,-0.7816,True,0.2181,False,0.3079,False,-2.3962
sample-run,qrl,1004,qrl-1004-monaco,monaco,2026,Monaco Grand Prix,37,37,10,11,soft,soft,11,12,0.0,False,False,32.88,2.91,1.01,0,stay_out,True,-1.1,-49.45,79.816,1.816,False,False,3.34,,,True,3.0433,True,-1.5087,True,-0.6935,True,-0.1725,False,0.5498,False,-0.5602
sample-run,qrl,1004,qrl-1004-monaco,monaco,2026,Monaco Grand Prix,38,38,9,10,soft,soft,12,13,0.0,False,False,27.93,0.87,1.25,0,stay_out,True,-1.0,-50.45,77.296,-0.704,False,False,2.2573,,,True,2.0746,True,-0.6511,True,-0.7571,True,0.9234,False,-0.4493,False,-1.7565
sample-run,qrl,1004,qrl-1004-monaco,monaco,2026,Monaco Grand Prix,39,39,8,9,soft,soft,13,14,0.0,False,False,19.28,1.86,1.6,0,stay_out,True,-0.9,-51.35,79.16,1.16,False,False,2.1765,,,True,1.7423,True,0.8793,True,-0.0542,True,0.4503,False,0.4236,False,0.7477
sample-run,qrl,1004,qrl-1004-monaco,monaco,2026,Monaco Grand Prix,40,40,8,9,soft,soft,14,15,0.0,False,False,18.04,0.93,0.59,0,stay_out,True,-0.9,-52.25,77.278,-0.722,False,False,3.5905,,,True,2.0137,True,2.2349,True,0.4931,True,0.5734,False,2.279,False,-0.4756
sample-run,qrl,1004,qrl-1004-monaco,monaco,2026,Monaco Grand Prix,41,41,7,8,soft,soft,15,16,0.0,False,True,18.55,1.92,0.74,0,stay_out,True,-0.8,-53.05,77.879,-0.121,False,False,2.6381,,,True,1.9056,True,-0.5084,True,2.0957,True,0.3023,False,-0.5497,False,-0.7931
sample-run,qrl,1004,qrl-1004-monaco,monaco,2026,Monaco Grand Prix,42,42,6,7,medium,medium,0,0,0.0,False,False,17.38,1.47,0.55,2,pit_medium,True,-0.2,-53.25,80.226,2.226,False,False,1.948,,,True,-0.602,True,1.4315,True,1.148,True,-0.4105,False,-2.617,False,-1.3188
sample-run,qrl,1004,qrl-1004-monaco,monaco,2026,Monaco Grand Prix,43,43,7,8,intermediate,intermediate,0,0,0.04,False,False,16.82,1.99,2.13,4,pit_intermediate,True,-0.85,-54.1,82.429,4.429,False,False,2.5693,,,True,0.5542,True,-1.6922,True,-0.0804,True,0.3833,True,2.0515,True,-1.5834
sample-run,qrl,1004,qrl-1004-monaco,monaco,2026,Monaco Grand Prix,44,44,7,8,intermediate,intermediate,0,1,0.0,False,False,21.83,1.09,1.4,0,stay_out,True,-0.8,-54.9,76.554,-1.446,False,False,1.2571,,,True,3.6267,True,0.6757,True,0.0654,True,0.3563,False,2.4685,False,0.2381
sample-run,qrl,1004,qrl-1004-monaco,monaco,2026,Monaco Grand Prix,45,45,7,8,intermediate,intermediate,1,2,0.0,False,False,12.44,2.8,0.71,0,stay_out,True,-0.8,-55.7,79.444,1.444,False,False,2.8216,,,True,2.6806,True,1.9419,True,-0.3508,True,-1.1592,False,0.3764,False,-0.3938
sample-run,qrl,1004,qrl-1004-monaco,monaco,2026,Monaco Grand Prix,46,46,7,8,intermediate,intermediate,2,3,0.0,False,False,14.0,1.99,2.86,0,stay_out,True,-0.8,-56.5,75.925,-2.075,False,False,1.4974,,,True,0.7693,True,0.2961,True,0.8849,True,-1.7203,False,1.8359,False,0.1034
sample-run,qrl,1004,qrl-1004-monaco,monaco,2026,Monaco Grand Prix,47,47,8,9,intermediate,intermediate,0,0,0.272,False,False,25.78,2.04,0.53,4,pit_intermediate,True,-0.95,-57.45,81.784,3.784,False,False,3.1076,,,True,1.0608,True,0.7134,True,0.2573,True,-0.5203,True,2.2534,True,0.6665
sample-run,qrl,1004,qrl-1004-monaco,monaco,2026,Monaco Grand Prix,48,48,8,9,intermediate,intermediate,0,1,0.0,False,False,14.44,2.22,2.9,0,stay_out,True,-0.9,-58.35,78.441,0.441,False,False,3.0727,,,True,-0.7873,True,0.6402,True,-0.5715,True,1.3018,False,-0.7305,False,1.219
sample-run,qrl,1004,qrl-1004-monaco,monaco,2026,Monaco Grand Prix,49,49,9,10,intermediate,intermediate,1,2,0.0,False,False,23.56,1.57,1.26,0,stay_out,True,-1.0,-59.35,77.21,-0.79,False,False,2.0012,,,True,1.5619,True,1.4248,True,-2.0816,True,-1.6063,False,-1.8379,False,-2.0867
sample-run,qrl,1004,qrl-1004-monaco,monaco,2026,Monaco Grand Prix,50,50,9,10,intermediate,intermediate,2,3,0.0,False,False,29.33,0.6,2.45,0,stay_out,True,-1.0,-60.35,77.707,-0.293,False,False,3.3965,,,True,0.872,True,1.0683,True,-0.237,True,-0.5031,False,0.2291,False,0.1047
sample-run,qrl,1004,qrl-1004-monaco,monaco,2026,Monaco Grand Prix,51,51,9,10,intermediate,intermediate,3,4,0.0,False,False,19.59,0.64,2.55,0,stay_out,True,-1.0,-61.35,78.283,0.283,False,False,2.921,,,True,0.8599,True,1.2317,True,-0.2287,True,-2.5621,False,-0.3497,False,-0.2028
sample-run,qrl,1004,qrl-1004-monaco,monaco,2026,Monaco Grand Prix,52,52,8,9,intermediate,intermediate,4,5,0.0,False,False,18.62,2.28,1.61,0,stay_out,True,-0.9,-62.25,78.391,0.391,False,False,2.8934,,,True,1.3662,True,0.2207,True,0.469,True,-0.5635,False,0.7057,False,-0.162
sample-run,qrl,1004,qrl-1004-monaco,monaco,2026,Monaco Grand Prix,53,53,9,10,intermediate,intermediate,5,6,0.0,False,False,15.29,1.51,2.47,0,stay_out,True,-1.0,-63.25,78.516,0.516,False,False,2.2046,,,True,0.5748,True,-0.1365,True,-0.1058,True,-0.1906,False,-0.2921,False,-0.5415
sample-run,qrl,1004,qrl-1004-monaco,monaco,2026,Monaco Grand Prix,54,54,10,11,intermediate,intermediate,6,7,0.0,False,False,25.59,0.97,1.67,0,stay_out,True,-1.1,-64.35,77.82,-0.18,False,False,1.3975,,,True,2.7433,True,-0.9686,True,0.6792,True,-2.5852,False,0.363,False,0.6753
sample-run,qrl,1004,qrl-1004-monaco,monaco,2026,Monaco Grand Prix,55,55,11,12,intermediate,intermediate,7,8,0.0,False,False,30.38,0.66,1.19,0,stay_out,True,-1.2,-65.55,78.777,0.777,False,False,2.4474,,,True,0.7214,True,-2.8194,True,-0.6674,True,0.2133,False,-0.7788,False,-0.1467
sample-run,qrl,1004,qrl-1004-monaco,monaco,2026,Monaco Grand Prix,56,56,10,11,intermediate,intermediate,8,9,0.0,False,False,24.21,1.11,1.25,0,stay_out,True,-1.1,-66.65,78.427,0.427,False,False,3.5295,,,True,1.5222,True,-0.0054,True,-0.7309,True,0.5423,False,1.8372,False,-2.189
sample-run,qrl,1004,qrl-1004-monaco,monaco,2026,Monaco Grand Prix,57,57,11,12,intermediate,intermediate,0,0,0.187,False,False,34.98,2.73,1.77,4,pit_intermediate,True,-1.25,-67.9,81.292,3.292,False,False,3.5179,,,True,0.9245,True,0.0886,True,0.0774,True,-0.2973,True,0.8656,True,1.9449
sample-run,qrl,1004,qrl-1004-monaco,monaco,2026,Monaco Grand Prix,58,58,10,11,intermediate,intermediate,0,1,0.0,False,False,17.93,1.72,1.99,0,stay_out,True,-1.1,-69.0,76.34,-1.66,False,False,3.4823,,,True,1.6086,True,0.2482,True,-0.4677,True,-0.7464,False,1.8371,False,-0.2667
sample-run,qrl,1004,qrl-1004-monaco,monaco,2026,Monaco Grand Prix,59,59,9,10,intermediate,intermediate,1,2,0.0,False,False,22.19,2.15,1.42,0,stay_out,True,-1.0,-70.0,77.261,-0.739,False,False,2.4007,,,True,0.9017,True,0.6998,True,-0.6461,True,-0.4123,False,0.2481,False,-0.2345
sample-run,qrl,1004,qrl-1004-monaco,monaco,2026,Monaco Grand Prix,60,60,8,9,intermediate,intermediate,2,3,0.0,False,False,25.79,2.7,2.92,0,stay_out,True,-0.9,-70.9,76.767,-1.233,False,False,2.5342,,,True,1.2314,True,0.413,True,0.8239,True,-1.0067,False,0.2471,False,-0.3825
sample-run,qrl,1004,qrl-1004-monaco,monaco,2026,Monaco Grand Prix,61,61,9,10,intermediate,intermediate,3,4,0.0,False,False,23.82,2.87,1.78,0,stay_out,True,-1.0,-71.9,79.127,1.127,False,False,2.83,,,True,1.7161,True,-0.5478,True,-1.4207,True,-0.4983,False,-0.4503,False,-1.6471
sample-run,qrl,1004,qrl-1004-monaco,monaco,2026,Monaco Grand Prix,62,62,9,10,intermediate,intermediate,4,5,0.0,False,False,25.38,2.42,2.33,0,stay_out,True,-1.0,-72.9,78.448,0.448,False,False,3.4612,,,True,1.6214,True,2.1368,True,-0.0766,True,-2.2084,False,0.7925,False,-0.2396
sample-run,qrl,1004,qrl-1004-monaco,monaco,2026,Monaco Grand Prix,63,63,9,10,intermediate,intermediate,5,6,0.0,False,False,17.7,1.01,2.12,0,stay_out,True,-1.0,-73.9,79.457,1.457,False,False,3.5149,,,True,2.3598,True,1.5991,True,-0.2029,True,0.3777,False,0.1597,False,0.2038
sample-run,qrl,1004,qrl-1004-monaco,monaco,2026,Monaco Grand Prix,64,64,10,11,intermediate,intermediate,0,0,0.274,False,False,25.45,2.01,2.46,4,pit_intermediate,True,-1.15,-75.05,78.733,0.733,False,False,3.4074,,,True,-0.3171,True,1.2743,True,-1.0984,True,0.1803,True,1.1609,True,-0.0391
sample-run,qrl,1004,qrl-1004-monaco,monaco,2026,Monaco Grand Prix,65,65,11,12,intermediate,intermediate,0,1,0.0,False,False,35.58,1.28,1.58,0,stay_out,True,-1.2,-76.25,76.855,-1.145,False,False,1.7581,,,True,3.0008,True,1.5405,True,0.619,True,2.321,False,-0.7692,False,1.0102
sample-run,qrl,1004,qrl-1004-monaco,monaco,2026,Monaco Grand Prix,66,66,10,11,intermediate,intermediate,1,2,0.0,False,False,23.23,2.66,1.28,0,stay_out,True,-1.1,-77.35,78.152,0.152,False,False,3.2065,,,True,2.3978,True,1.6359,True,1.4262,True,0.8385,False,-1.0418,False,-0.0893
sample-run,qrl,1004,qrl-1004-monaco,monaco,2026,Monaco Grand Prix,67,67,9,10,intermediate,intermediate,2,3,0.0,False,False,18.45,0.86,1.72,0,stay_out,True,-1.0,-78.35,80.565,2.565,False,False,2.9599,,,True,2.8093,True,-0.3745,True,-0.307,True,-0.5596,False,0.9731,False,-0.2114
sample-run,qrl,1004,qrl-1004-monaco,monaco,2026,Monaco Grand Prix,68,68,10,11,intermediate,intermediate,3,4,0.0,False,False,31.08,2.96,2.39,0,stay_out,True,-1.1,-79.45,77.51,-0.49,False,False,2.8673,,,True,2.574,True,-0.3656,True,1.376,True,-0.4169,False,-0.2074,False,1.0357
sample-run,qrl,1004,qrl-1004-monaco,monaco,2026,Monaco Grand Prix,69,69,9,10,intermediate,intermediate,4,5,0.0,False,False,15.66,1.6,0.56,0,stay_out,True,-1.0,-80.45,79.134,1.134,False,False,1.4647,,,True,0.9871,True,0.3452,True,-0.2421,True,-1.0293,False,-0.422,False,0.5396
sample-run,qrl,1004,qrl-1004-monaco,monaco,2026,Monaco Grand Prix,70,70,8,9,intermediate,intermediate,0,0,0.095,False,False,18.69,1.66,0.52,4,pit_intermediate,True,-0.95,-81.4,82.769,4.769,False,False,1.8374,,,True,-0.7712,True,1.1991,True,-1.4672,True,0.6927,True,2.2693,True,-0.5755
sample-run,qrl,1004,qrl-1004-monaco,monaco,2026,Monaco Grand Prix,71,71,9,10,intermediate,intermediate,0,1,0.0,False,False,25.77,1.88,1.94,0,stay_out,True,-1.0,-82.4,79.527,1.527,False,False,1.8605,,,True,0.8018,True,-0.2869,True,-1.3972,True,-1.2319,False,0.6837,False,0.1907
sample-run,qrl,1004,qrl-1004-monaco,monaco,2026,Monaco Grand Prix,72,72,8,9,intermediate,intermediate,1,2,0.0,False,False,17.76,2.5,2.38,0,stay_out,True,-0.9,-83.3,79.378,1.378,False,False,3.5483,,,True,1.7726,True,-0.8508,True,0.7272,True,0.5884,False,0.4854,False,-0.124
sample-run,qrl,1004,qrl-1004-monaco,monaco,2026,Monaco Grand Prix,73,73,8,9,intermediate,intermediate,2,3,0.0,False,False,22.14,1.93,1.78,0,stay_out,True,-0.9,-84.2,79.004,1.004,False,False,2.5337,,,True,2.5571,True,0.392,True,0.6275,True,1.4233,False,2.4494,False,0.3638
sample-run,qrl,1004,qrl-1004-monaco,monaco,2026,Monaco Grand Prix,74,74,8,9,intermediate,intermediate,3,4,0.0,False,False,24.97,2.95,2.87,0,stay_out,True,-0.9,-85.1,79.557,1.557,False,False,2.2299,,,True,2.9335,True,0.6509,True,-0.5636,True,-0.4178,False,0.1389,False,-0.6789
sample-run,qrl,1004,qrl-1004-monaco,monaco,2026,Monaco Grand Prix,75,75,8,9,intermediate,intermediate,0,0,0.056,False,False,15.8,1.99,1.67,4,pit_intermediate,True,-0.95,-86.05,81.625,3.625,False,False,1.695,,,True,-0.9038,True,-0.2049,True,2.3738,True,-0.9944,True,2.2783,True,0.1551
sample-run,qrl,1004,qrl-1004-monaco,monaco,2026,Monaco Grand Prix,76,76,7,8,intermediate,intermediate,0,1,0.0,False,False,21.42,0.79,1.19,0,stay_out,True,-0.8,-86.85,78.409,0.409,False,False,1.9044,,,True,2.19,True,-0.8805,True,0.9332,True,-1.5309,False,1.5313,False,-0.3096
sample-run,qrl,1004,qrl-1004-monaco,monaco,2026,Monaco Grand Prix,77,77,8,9,intermediate,intermediate,1,2,0.0,False,False,19.47,2.93,0.88,0,stay_out,True,-0.9,-87.75,79.219,1.219,True,False,3.2038,,,True,2.5894,True,-0.2547,True,2.8356,True,-1.1782,False,-0.5925,False,0.0465
sample-run,dqn,1005,dqn-1005-monaco,monaco,2026,Monaco Grand Prix,0,0,7,8,medium,medium,0,1,0.0,False,False,13.98,0.62,2.42,0,stay_out,True,-0.8,-0.8,76.856,-1.144,False,False,1.149,,,True,1.6504,True,0.2597,True,-0.4258,True,-0.6392,False,-1.1458,False,-2.3363
sample-run,dqn,1005,dqn-1005-monaco,monaco,2026,Monaco Grand Prix,1,1,8,9,medium,medium,1,2,0.0,False,False,24.42,2.09,2.67,0,stay_out,True,-0.9,-1.7,78.373,0.373,False,False,0.4381,,,True,0.4127,True,0.8292,True,-0.7333,True,0.6307,False,0.6053,False,-3.1081
sample-run,dqn,1005,dqn-1005-monaco,monaco,2026,Monaco Grand Prix,2,2,7,8,medium,medium,2,3,0.0,False,False,17.48,2.23,1.41,0,stay_out,True,-0.8,-2.5,80.024,2.024,False,False,1.0793,,,True,1.4089,True,1.0375,True,0.0426,True,-0.4079,False,-1.5526,False,0.4535
sample-run,dqn,1005,dqn-1005-monaco,monaco,2026,Monaco Grand Prix,3,3,6,7,medium,medium,3,4,0.0,False,False,19.2,2.64,0.65,0,stay_out,True,-0.7,-3.2,77.043,-0.957,False,False,1.0793,,,True,-0.5345,True,0.1445,True,-1.4886,True,-1.1798,False,-0.1972,False,-1.3977
sample-run,dqn,1005,dqn-1005-monaco,monaco,2026,Monaco Grand Prix,4,4,7,8,medium,medium,4,5,0.0,False,False,23.46,2.21,1.11,0,stay_out,True,-0.8,-4.0,76.765,-1.235,False,False,0.6127,,,True,2.5158,True,-1.5,True,0.9312,True,-0.8286,False,-0.0237,False,0.3228
sample-run,dqn,1005,dqn-1005-monaco,monaco,2026,Monaco Grand Prix,5,5,7,8,medium,medium,5,6,0.0,False,False,16.99,1.41,2.61,0,stay_out,True,-0.8,-4.8,78.515,0.515,False,False,0.6645,,,True,1.0587,True,-0.1786,True,0.0441,True,-1.0233,False,-0.4982,False,-0.1123
sample-run,dqn,1005,dqn-1005-monaco,monaco,2026,Monaco Grand Prix,6,6,6,7,medium,medium,6,7,0.0,False,False,11.73,0.77,1.13,0,stay_out,True,-0.7,-5.5,75.471,-2.529,False,False,0.8909,,,True,3.0291,True,-0.9664,True,-0.1435,True,1.0583,False,-0.6625,False,-0.4166
sample-run,dqn,1005,dqn-1005-monaco,monaco,2026,Monaco Grand Prix,7,7,7,8,intermediate,intermediate,0,0,0.021,False,False,12.54,1.85,1.82,4,pit_intermediate,True,-0.85,-6.35,81.646,3.646,False,False,0.8095,,,True,0.3076,True,-0.6096,True,-1.5995,True,-0.9132,True,1.445,True,0.9683
sample-run,dqn,1005,dqn-1005-monaco,monaco,2026,Monaco Grand Prix,8,8,8,9,intermediate,intermediate,0,1,0.0,False,False,23.52,0.58,0.9,0,stay_out,True,-0.9,-7.25,78.644,0.644,False,False,0.8114,,,True,1.2905,True,-0.2423,True,1.3818,True,0.831,False,-2.2772,False,1.0541
sample-run,dqn,1005,dqn-1005-monaco,monaco,2026,Monaco Grand Prix,9,9,9,10,intermediate,intermediate,1,2,0.0,False,False,22.84,2.76,2.62,0,stay_out,True,-1.0,-8.25,77.634,-0.366,False,False,0.7263,,,True,0.8386,True,1.0987,True,0.755,True,0.9721,False,-0.0031,False,1.1681
sample-run,dqn,1005,dqn-1005-monaco,monaco,2026,Monaco Grand Prix,10,10,9,10,intermediate,intermediate,2,3,0.0,True,False,28.73,1.34,2.8,0,stay_out,True,-1.0,-9.25,78.311,0.311,False,False,0.8277,,,True,1.6587,True,-0.1984,True,0.4451,True,-0.1149,False,-0.6597,False,1.4897
sample-run,dqn,1005,dqn-1005-monaco,monaco,2026,Monaco Grand Prix,11,11,8,9,intermediate,intermediate,3,4,0.0,False,False,14.39,0.98,1.65,0,stay_out,True,-0.9,-10.15,78.17,0.17,False,False,0.8214,,,True,2.938,True,0.1767,True,-0.3528,True,0.7091,False,-0.5554,False,-1.2485
sample-run,dqn,1005,dqn-1005-monaco,monaco,2026,Monaco Grand Prix,12,12,8,9,intermediate,intermediate,4,5,0.0,False,False,25.86,1.46,2.96,0,stay_out,True,-0.9,-11.05,78.122,0.122,False,False,0.976,,,True,0.3088,True,-1.3329,True,-0.3652,True,0.6101,False,0.6,False,2.3953
sample-run,dqn,1005,dqn-1005-monaco,monaco,2026,Monaco Grand Prix,13,13,8,9,intermediate,intermediate,5,6,0.0,False,False,25.88,2.55,1.65,0,stay_out,True,-0.9,-11.95,79.394,1.394,False,False,1.0462,,,True,1.9214,True,-0.9902,True,-0.088,True,-1.563,False,0.2181,False,0.0891
sample-run,dqn,1005,dqn-1005-monaco,monaco,2026,Monaco Grand Prix,14,14,7,8,intermediate,intermediate,6,7,0.0,False,False,21.01,2.4,1.87,0,stay_out,True,-0.8,-12.75,80.372,2.372,False,False,0.8944,,,True,2.7301,True,0.7268,True,0.4536,True,-0.4716,False,-0.6282,False,-1.4691
sample-run,dqn,1005,dqn-1005-monaco,monaco,2026,Monaco Grand Prix,15,15,7,8,intermediate,intermediate,7,8,0.0,False,False,21.26,1.91,1.42,0,stay_out,True,-0.8,-13.55,79.147,1.147,False,False,0.4404,,,True,1.8483,True,0.4669,True,-0.814,True,0.0383,False,2.8529,False,-0.2
sample-run,dqn,1005,dqn-1005-monaco,monaco,2026,Monaco Grand Prix,16,16,6,7,intermediate,intermediate,0,0,0.107,False,False,13.38,1.33,1.76,4,pit_intermediate,True,-0.75,-14.3,79.791,1.791,False,False,0.7852,,,True,-0.6522,True,0.7361,True,-1.0217,True,3.4818,True,2.4217,True,0.8045
sample-run,dqn,1005,dqn-1005-monaco,monaco,2026,Monaco Grand Prix,17,17,6,7,intermediate,intermediate,0,1,0.0,False,False,13.1,2.14,2.15,0,stay_out,True,-0.7,-15.0,77.116,-0.884,False,False,0.8035,,,True,2.5183,True,0.7448,True,-0.5345,True,-0.5463,False,-0.7357,False,0.0945
sample-run,dqn,1005,dqn-1005-monaco,monaco,2026,Monaco Grand Prix,18,18,5,6,intermediate,intermediate,1,2,0.0,False,False,16.06,2.03,0.97,0,stay_out,True,-0.6,-15.6,78.703,0.703,False,False,1.0836,,,True,0.2191,True,-1.0201,True,-0.6604,True,1.1352,False,0.9837,False,0.3389
sample-run,dqn,1005,dqn-1005-monaco,monaco,2026,Monaco Grand Prix,19,19,5,6,intermediate,intermediate,2,3,0.0,False,False,11.37,2.78,2.92,0,stay_out,True,-0.6,-16.2,77.735,-0.265,False,False,0.7038,,,True,2.2033,True,-1.1312,True,-0.3485,True,-0.0865,False,-0.5912,False,0.8165
sample-run,dqn,1005,dqn-1005-monaco,monaco,2026,Monaco Grand Prix,20,20,6,7,intermediate,intermediate,3,4,0.0,False,False,17.94,1.44,2.55,0,stay_out,True,-0.7,-16.9,76.79,-1.21,False,False,0.8864,,,True,2.5283,True,2.2469,True,0.7318,True,1.7585,False,-0.335,False,0.1712
sample-run,dqn,1005,dqn-1005-monaco,monaco,2026,Monaco Grand Prix,21,21,6,7,intermediate,intermediate,4,5,0.0,False,False,11.33,2.35,2.83,0,stay_out,True,-0.7,-17.6,77.356,-0.644,False,False,0.863,,,True,2.3209,True,-0.0429,True,-1.3963,True,-0.4179,False,0.2922,False,0.5182
sample-run,dqn,1005,dqn-1005-monaco,monaco,2026,Monaco Grand Prix,22,22,5,6,intermediate,intermediate,5,6,0.0,False,False,15.97,2.62,0.94,0,stay_out,True,-0.6,-18.2,79.322,1.322,False,False,0.8548,,,True,2.0334,True,0.7752,True,-0.8582,True,-1.6522,False,0.3654,False,0.4171
sample-run,dqn,1005,dqn-1005-monaco,monaco,2026,Monaco Grand Prix,23,23,5,6,intermediate,intermediate,6,7,0.0,False,False,9.21,2.36,2.19,0,stay_out,True,-0.6,-18.8,79.144,1.144,False,False,0.7246,,,True,0.2658,True,-1.2222,True,0.6236,True,1.9253,False,-0.2158,False,1.2633
sample-run,dqn,1005,dqn-1005-monaco,monaco,2026,Monaco Grand Prix,24,24,5,6,intermediate,intermediate,7,8,0.0,False,False,16.5,1.62,1.5,0,stay_out,True,-0.6,-19.4,77.943,-0.057,False,False,0.7906,,,True,2.4549,True,-1.1883,True,1.6871,True,-0.8379,False,-0.3418,False,-0.5526
sample-run,dqn,1005,dqn-1005-monaco,monaco,2026,Monaco Grand Prix,25,25,6,7,intermediate,intermediate,8,9,0.0,False,False,19.76,2.03,2.28,0,stay_out,True,-0.7,-20.1,77.354,-0.646,False,False,1.0312,,,True,0.7909,True,-0.3256,True,-2.5265,True,0.4373,False,-0.9899,False,1.4353
sample-run,dqn,1005,dqn-1005-monaco,monaco,2026,Monaco Grand Prix,26,26,6,7,intermediate,intermediate,9,10,0.0,False,False,15.39,1.96,1.41,0,stay_out,True,-0.7,-20.8,78.998,0.998,False,False,0.7243,,,True,1.8591,True,2.0239,True,-0.748,True,-0.1636,False,0.6024,False,0.0404
sample-run,dqn,1005,dqn-1005-monaco,monaco,2026,Monaco Grand Prix,27,27,5,6,intermediate,intermediate,10,11,0.0,False,False,11.63,2.59,1.23,0,stay_out,True,-0.6,-21.4,78.116,0.116,False,False,0.4633,,,True,2.132,True,-1.5776,True,-0.6408,True,0.0365,False,0.6702,False,0.4209
sample-run,dqn,1005,dqn-1005-monaco,monaco,2026,Monaco Grand Prix,28,28,5,6,intermediate,intermediate,11,12,0.0,False,False,12.18,2.55,2.2,0,stay_out,True,-0.6,-22.0,77.306,-0.694,False,False,0.4671,,,True,0.9609,True,-0.0804,True,1.3846,True,0.4886,False,-0.6705,False,0.1518
sample-run,dqn,1005,dqn-1005-monaco,monaco,2026,Monaco Grand Prix,29,29,4,5,intermediate,intermediate,12,13,0.0,False,False,8.68,2.79,1.94,0,stay_out,True,-0.5,-22.5,78.006,0.006,False,False,0.7597,,,True,1.8106,True,0.5572,True,-0.5248,True,0.5388,False,0.6075,False,-0.4231
sample-run,dqn,1005,dqn-1005-monaco,monaco,2026,Monaco Grand Prix,30,30,4,5,intermediate,intermediate,13,14,0.0,False,False,8.53,2.82,0.85,0,stay_out,True,-0.5,-23.0,78.836,0.836,False,False,1.158,,,True,1.338,True,0.8537,True,0.5959,True,0.5479,False,1.0724,False,-0.5035
sample-run,dqn,1005,dqn-1005-monaco,monaco,2026,Monaco Grand Prix,31,31,3,4,intermediate,intermediate,14,15,0.0,False,False,10.3,1.54,0.91,0,stay_out,True,-0.4,-23.4,78.167,0.167,False,False,1.0206,,,True,1.0619,True,1.4572,True,1.682,True,-0.5637,False,-2.4708,False,-1.5149
sample-run,dqn,1005,dqn-1005-monaco,monaco,2026,Monaco Grand Prix,32,32,2,3,intermediate,intermediate,15,16,0.0,False,True,5.1,1.89,2.56,0,stay_out,True,-0.3,-23.7,77.674,-0.326,False,False,0.4559,,,True,1.9221,True,0.5494,True,0.3092,True,-1.0892,False,1.1159,False,-0.0803
sample-run,dqn,1005,dqn-1005-monaco,monaco,2026,Monaco Grand Prix,33,33,4,5,intermediate,intermediate,0,0,0.441,False,False,9.54,2.52,0.54,4,pit_intermediate,True,-0.55,-24.25,80.325,2.325,False,False,0.9534,,,True,0.4873,True,-0.8148,True,0.3168,True,1.6301,True,0.2058,True,-1.401
sample-run,dqn,1005,dqn-1005-monaco,monaco,2026,Monaco Grand Prix,34,34,5,6,intermediate,intermediate,0,1,0.0,False,False,10.57,0.9,0.85,0,stay_out,True,-0.6,-24.85,76.685,-1.315,False,False,0.9301,,,True,1.0965,True,-0.1928,True,-1.2653,True,1.1005,False,0.548,False,-1.6194
sample-run,dqn,1005,dqn-1005-monaco,monaco,2026,Monaco Grand Prix,35,35,4,5,intermediate,intermediate,1,2,0.0,False,False,13.25,1.81,1.43,0,stay_out,True,-0.5,-25.35,77.049,-0.951,False,False,0.5566,,,True,1.6438,True,-2.2312,True,-1.1637,True,-1.259,False,-2.2627,False,-0.3127
sample-run,dqn,1005,dqn-1005-monaco,monaco,2026,Monaco Grand Prix,36,36,4,5,intermediate,intermediate,2,3,0.0,False,False,9.83,1.29,1.29,0,stay_out,True,-0.5,-25.85,78.959,0.959,False,False,0.7759,,,True,1.7016,True,-0.5832,True,0.0981,True,-0.8226,False,1.0875,False,-1.6505
sample-run,dqn,1005,dqn-1005-monaco,monaco,2026,Monaco Grand Prix,37,37,4,5,intermediate,intermediate,3,4,0.0,False,False,14.77,1.8,2.23,0,stay_out,True,-0.5,-26.35,77.753,-0.247,False,False,1.1316,,,True,1.4257,True,-0.2093,True,-1.9925,True,-0.3779,False,-1.7679,False,0.6511
sample-run,dqn,1005,dqn-1005-monaco,monaco,2026,Monaco Grand Prix,38,38,4,5,intermediate,intermediate,4,5,0.0,False,False,10.46,2.07,0.93,0,stay_out,True,-0.5,-26.85,78.497,0.497,False,False,1.0431,,,True,-0.061,True,1.6469,True,0.8569,True,0.5812,False,0.013,False,-0.4375
sample-run,dqn,1005,dqn-1005-monaco,monaco,2026,Monaco Grand Prix,39,39,4,5,intermediate,intermediate,5,6,0.0,False,False,8.91,2.03,1.39,0,stay_out,True,-0.5,-27.35,75.542,-2.458,False,False,0.867,,,True,3.9205,True,-0.1222,True,-1.3069,True,0.6399,False,-0.4861,False,0.542
sample-run,dqn,1005,dqn-1005-monaco,monaco,2026,Monaco Grand Prix,40,40,3,4,intermediate,intermediate,6,7,0.0,False,False,6.36,0.77,1.84,0,stay_out,True,-0.4,-27.75,79.103,1.103,False,False,0.4668,,,True,1.4305,True,-0.2445,True,0.6262,True,0.1278,False,-1.7285,False,0.6618
sample-run,dqn,1005,dqn-1005-monaco,monaco,2026,Monaco Grand Prix,41,41,3,4,intermediate,intermediate,7,8,0.0,False,False,10.06,0.67,0.79,0,stay_out,True,-0.4,-28.15,78.427,0.427,False,False,0.4219,,,True,1.6238,True,-1.7538,True,1.7251,True,0.2776,False,-1.4801,False,-0.0882
sample-run,dqn,1005,dqn-1005-monaco,monaco,2026,Monaco Grand Prix,42,42,3,4,intermediate,intermediate,8,9,0.0,False,False,8.87,1.0,2.06,0,stay_out,True,-0.4,-28.55,77.984,-0.016,False,False,1.0809,,,True,1.8638,True,-0.7754,True,-0.2898,True,0.0054,False,-0.3408,False,1.1562
sample-run,dqn,1005,dqn-1005-monaco,monaco,2026,Monaco Grand Prix,43,43,4,5,intermediate,intermediate,9,10,0.0,False,False,13.96,2.18,1.18,0,stay_out,True,-0.5,-29.05,77.974,-0.026,False,False,0.5107,,,True,-0.0849,True,1.5548,True,0.1344,True,0.4136,False,1.0441,False,-0.7174
sample-run,dqn,1005,dqn-1005-monaco,monaco,2026,Monaco Grand Prix,44,44,5,6,intermediate,intermediate,10,11,0.0,False,False,17.6,2.02,0.77,0,stay_out,True,-0.6,-29.65,79.405,1.405,False,False,0.7182,,,True,0.571,True,0.3044,True,0.0418,True,-1.2992,False,-0.9544,False,0.1209
sample-run,dqn,1005,dqn-1005-monaco,monaco,2026,Monaco Grand Prix,45,45,6,7,intermediate,intermediate,11,12,0.0,False,False,15.54,3.0,2.83,0,stay_out,True,-0.7,-30.35,78.321,0.321,False,False,0.6554,,,True,1.7303,True,0.7658,True,-0.0072,True,1.4389,False,0.6503,False,0.6468
sample-run,dqn,1005,dqn-1005-monaco,monaco,2026,Monaco Grand Prix,46,46,6,7,intermediate,intermediate,12,13,0.0,False,False,15.25,2.83,2.78,0,stay_out,True,-0.7,-31.05,79.694,1.694,False,False,0.9866,,,True,2.1161,True,0.745,True,0.2894,True,1.2122,False,-0.0258,False,0.7874
sample-run,dqn,1005,dqn-1005-monaco,monaco,2026,Monaco Grand Prix,47,47,6,7,intermediate,intermediate,13,14,0.0,False,False,18.93,1.86,1.86,0,stay_out,True,-0.7,-31.75,77.933,-0.067,False,False,1.0288,,,True,1.6542,True,0.3497,True,0.1074,True,0.6483,False,-0.5223,False,-0.2193
sample-run,dqn,1005,dqn-1005-monaco,monaco,2026,Monaco Grand Prix,48,48,6,7,intermediate,intermediate,14,15,0.0,False,False,16.48,2.02,2.07,0,stay_out,True,-0.7,-32.45,80.727,2.727,False,False,0.6127,,,True,2.6387,True,-0.5633,True,0.3588,True,0.5716,False,-1.1816,False,0.179
sample-run,dqn,1005,dqn-1005-monaco,monaco,2026,Monaco Grand Prix,49,49,6,7,intermediate,intermediate,15,16,0.0,False,True,17.05,1.05,2.7,0,stay_out,True,-0.7,-33.15,76.762,-1.238,False,False,0.7247,,,True,0.6915,True,0.5828,True,-2.5149,True,1.1782,False,-2.5657,False,-0.258
sample-run,dqn,1005,dqn-1005-monaco,monaco,2026,Monaco Grand Prix,50,50,6,7,intermediate,intermediate,0,0,0.234,False,False,11.41,2.11,2.37,4,pit_intermediate,True,-0.75,-33.9,81.708,3.708,False,False,0.9126,,,True,0.1618,True,0.8434,True,0.1735,True,0.0997,True,3.3282,True,-0.0257
sample-run,dqn,1005,dqn-1005-monaco,monaco,2026,Monaco Grand Prix,51,51,7,8,intermediate,intermediate,0,1,0.0,False,False,18.85,1.35,1.3,0,stay_out,True,-0.8,-34.7,74.838,-3.162,False,False,0.6579,,,True,0.891,True,-0.5761,True,2.1402,True,0.1954,False,-0.0995,False,0.0956
sample-run,dqn,1005,dqn-1005-monaco,monaco,2026,Monaco Grand Prix,52,52,7,8,intermediate,intermediate,1,2,0.0,False,False,17.12,1.53,2.27,0,stay_out,True,-0.8,-35.5,79.07,1.07,False,False,1.1776,,,True,1.7888,True,-1.2574,True,0.8128,True,-1.6245,False,-0.0254,False,0.7554
sample-run,dqn,1005,dqn-1005-monaco,monaco,2026,Monaco Grand Prix,53,53,7,8,intermediate,intermediate,2,3,0.0,False,False,22.6,2.18,2.98,0,stay_out,True,-0.8,-36.3,79.053,1.053,False,False,0.6766,,,True,1.6796,True,-2.0566,True,0.8917,True,0.3921,False,0.8492,False,-2.3037
sample-run,dqn,1005,dqn-1005-monaco,monaco,2026,Monaco Grand Prix,54,54,7,8,intermediate,intermediate,0,0,0.245,False,False,20.31,2.88,2.02,4,pit_intermediate,True,-0.85,-37.15,81.902,3.902,False,False,0.948,,,True,0.5871,True,-0.589,True,-0.2701,True,-2.167,True,0.4709,True,-0.2763
sample-run,dqn,1005,dqn-1005-monaco,monaco,2026,Monaco Grand Prix,55,55,6,7,intermediate,intermediate,0,1,0.0,False,False,10.85,2.35,2.67,0,stay_out,True,-0.7,-37.85,77.525,-0.475,False,False,0.5777,,,True,2.6109,True,0.2366,True,0.6068,True,-0.8692,False,0.0105,False,-0.7869
sample-run,dqn,1005,dqn-1005-monaco,monaco,2026,Monaco Grand Prix,56,56,7,8,intermediate,intermediate,1,2,0.0,False,False,15.15,1.33,1.06,0,stay_out,True,-0.8,-38.65,78.238,0.238,False,False,1.0838,,,True,1.6607,True,0.0776,True,-0.801,True,0.9417,False,0.5919,False,1.3266
sample-run,dqn,1005,dqn-1005-monaco,monaco,2026,Monaco Grand Prix,57,57,9,10,intermediate,intermediate,0,0,0.053,False,False,29.78,1.37,1.44,4,pit_intermediate,True,-1.05,-39.7,81.603,3.603,False,False,0.9898,,,True,-0.1676,True,0.0864,True,-0.8642,True,-0.5639,True,1.4035,True,-0.7036
sample-run,dqn,1005,dqn-1005-monaco,monaco,2026,Monaco Grand Prix,58,58,8,9,intermediate,intermediate,0,1,0.0,False,False,16.74,0.99,0.66,0,stay_out,True,-0.9,-40.6,79.546,1.546,False,False,0.7646,,,True,2.0702,True,0.509,True,-0.075,True,0.1695,False,0.6097,False,-0.1589
sample-run,dqn,1005,dqn-1005-monaco,monaco,2026,Monaco Grand Prix,59,59,8,9,intermediate,intermediate,1,2,0.0,False,False,24.57,0.54,1.1,0,stay_out,True,-0.9,-41.5,77.05,-0.95,False,False,0.7268,,,True,1.0479,True,-0.4782,True,-0.5012,True,0.7475,False,0.2035,False,0.6337
sample-run,dqn,1005,dqn-1005-monaco,monaco,2026,Monaco Grand Prix,60,60,8,9,intermediate,intermediate,2,3,0.0,False,False,17.82,2.94,2.49,0,stay_out,True,-0.9,-42.4,76.95,-1.05,False,False,0.4168,,,True,2.3956,True,0.1269,True,-0.9603,True,0.423,False,-0.1816,False,0.9071
sample-run,dqn,1005,dqn-1005-monaco,monaco,2026,Monaco Grand Prix,61,61,7,8,intermediate,intermediate,3,4,0.0,False,False,15.64,2.19,1.55,0,stay_out,True,-0.8,-43.2,77.686,-0.314,False,False,1.0404,,,True,0.7952,True,-0.8808,True,-0.4975,True,-0.4648,False,1.5777,False,0.0456
sample-run,dqn,1005,dqn-1005-monaco,monaco,2026,Monaco Grand Prix,62,62,7,8,intermediate,intermediate,4,5,0.0,False,False,23.97,1.61,2.62,0,stay_out,True,-0.8,-44.0,77.567,-0.433,False,False,0.5023,,,True,1.0836,True,-1.2663,True,1.0312,True,0.4894,False,-1.3365,False,-1.1138
sample-run,dqn,1005,dqn-1005-monaco,monaco,2026,Monaco Grand Prix,63,63,7,8,intermediate,intermediate,5,6,0.0,False,False,21.47,1.43,1.34,0,stay_out,True,-0.8,-44.8,76.337,-1.663,False,False,1.1089,,,True,1.2185,True,0.6334,True,-1.3592,True,0.1008,False,-1.1841,False,0.9142
sample-run,dqn,1005,dqn-1005-monaco,monaco,2026,Monaco Grand Prix,64,64,7,8,intermediate,intermediate,6,7,0.0,False,False,22.49,1.66,0.88,0,stay_out,True,-0.8,-45.6,78.038,0.038,False,False,0.7937,,,True,2.5002,True,0.7067,True,-1.0426,True,1.3979,False,-0.9277,False,-1.1655
sample-run,dqn,1005,dqn-1005-monaco,monaco,2026,Monaco Grand Prix,65,65,6,7,intermediate,intermediate,7,8,0.0,False,False,18.33,1.65,1.13,0,stay_out,True,-0.7,-46.3,78.982,0.982,False,False,0.5672,,,True,3.0075,True,-0.1761,True,-0.1269,True,0.0145,False,0.7642,False,-1.4951
sample-run,dqn,1005,dqn-1005-monaco,monaco,2026,Monaco Grand Prix,66,66,6,7,intermediate,intermediate,8,9,0.0,False,False,14.83,1.56,0.62,0,stay_out,True,-0.7,-47.0,78.103,0.103,False,False,0.4892,,,True,2.3734,True,-0.4495,True,1.0391,True,1.0205,False,-0.2201,False,0.0046
sample-run,dqn,1005,dqn-1005-monaco,monaco,2026,Monaco Grand Prix,67,67,6,7,intermediate,intermediate,9,10,0.0,False,False,19.76,2.32,2.0,0,stay_out,True,-0.7,-47.7,77.603,-0.397,False,False,1.1702,,,True,-0.5434,True,0.9709,True,-0.1006,True,-0.7234,False,-0.7041,False,0.5199
sample-run,dqn,1005,dqn-1005-monaco,monaco,2026,Monaco Grand Prix,68,68,6,7,intermediate,intermediate,10,11,0.0,False,False,14.52,0.84,2.27,0,stay_out,True,-0.7,-48.4,77.532,-0.468,False,False,1.0117,,,True,2.0825,True,-1.4195,True,-1.6212,True,-0.5858,False,-0.8577,False,-0.8584
sample-run,dqn,1005,dqn-1005-monaco,monaco,2026,Monaco Grand Prix,69,69,6,7,intermediate,intermediate,11,12,0.0,False,False,12.54,1.06,1.59,0,stay_out,True,-0.7,-49.1,77.494,-0.506,False,False,0.4816,,,True,2.2457,True,0.6446,True,-0.5856,True,-0.3363,False,0.8775,False,-1.5149
sample-run,dqn,1005,dqn-1005-monaco,monaco,2026,Monaco Grand Prix,70,70,6,7,intermediate,intermediate,12,13,0.0,False,False,14.79,1.26,1.02,0,stay_out,True,-0.7,-49.8,78.094,0.094,False,False,0.6362,,,True,-0.1807,True,1.8543,True,-0.8556,True,1.7,False,-0.1893,False,-0.0954
sample-run,dqn,1005,dqn-1005-monaco,monaco,2026,Monaco Grand Prix,71,71,6,7,intermediate,intermediate,13,14,0.0,False,False,17.7,1.89,1.57,0,stay_out,True,-0.7,-50.5,77.741,-0.259,False,False,0.5886,,,True,2.3219,True,0.5402,True,0.5225,True,0.2626,False,-0.8785,False,0.0891
sample-run,dqn,1005,dqn-1005-monaco,monaco,2026,Monaco Grand Prix,72,72,6,7,intermediate,intermediate,14,15,0.0,False,False,20.26,1.99,2.4,0,stay_out,True,-0.7,-51.2,77.655,-0.345,False,False,0.9878,,,True,0.927,True,1.5375,True,-0.0977,True,-0.7962,False,-0.6213,False,0.5992
sample-run,dqn,1005,dqn-1005-monaco,monaco,2026,Monaco Grand Prix,73,73,5,6,intermediate,intermediate,15,16,0.0,False,True,11.55,2.22,1.28,0,stay_out,True,-0.6,-51.8,79.406,1.406,False,False,0.8311,,,True,2.9238,True,0.8229,True,0.5986,True,-0.2606,False,-0.8059,False,1.607
sample-run,dqn,1005,dqn-1005-monaco,monaco,2026,Monaco Grand Prix,74,74,6,7,intermediate,intermediate,16,17,0.0,True,True,19.43,0.74,2.07,0,stay_out,True,-0.7,-52.5,78.372,0.372,False,False,0.7894,,,True,1.7894,True,1.2121,True,0.6849,True,0.6539,False,-1.3783,False,0.0259
sample-run,dqn,1005,dqn-1005-monaco,monaco,2026,Monaco Grand Prix,75,75,7,8,intermediate,intermediate,17,18,0.0,False,True,21.07,2.34,2.6,0,stay_out,True,-0.8,-53.3,77.324,-0.676,False,False,0.8815,,,True,1.9236,True,-1.3318,True,0.6166,True,-0.5448,False,-0.6664,False,0.2114
sample-run,dqn,1005,dqn-1005-monaco,monaco,2026,Monaco Grand Prix,76,76,6,7,intermediate,intermediate,18,19,0.0,False,True,19.63,0.76,2.13,0,stay_out,True,-0.7,-54.0,78.214,0.214,False,False,1.008,,,True,3.1884,True,-0.619,True,0.5966,True,2.1428,False,-1.4222,False,0.0528
sample-run,dqn,1005,dqn-1005-monaco,monaco,2026,Monaco Grand Prix,77,77,7,8,intermediate,intermediate,19,20,0.0,False,True,16.49,1.77,1.93,0,stay_out,True,-0.8,-54.8,80.181,2.181,True,False,0.4701,,,True,1.0476,True,0.7324,True,1.0035,True,1.1765,False,-0.3508,False,-0.6925
sample-run,qrl,1005,qrl-1005-monaco,monaco,2026,Monaco Grand Prix,0,0,9,10,medium,medium,0,1,0.0,False,False,18.36,1.64,1.9,0,stay_out,True,-1.0,-1.0,78.715,0.715,False,False,1.6685,,,True,0.8318,True,-0.4619,True,-0.1958,True,-1.6161,False,-0.67,False,-1.3481
sample-run,qrl,1005,qrl-1005-monaco,monaco,2026,Monaco Grand Prix,1,1,10,11,intermediate,intermediate,0,0,0.194,False,False,27.77,1.57,1.57,4,pit_intermediate,True,-1.15,-2.15,78.616,0.616,False,False,2.0433,,,True,-0.5534,True,0.048,True,2.7936,True,0.437,True,-0.7292,True,-0.7623
sample-run,qrl,1005,qrl-1005-monaco,monaco,2026,Monaco Grand Prix,2,2,11,12,intermediate,intermediate,0,1,0.0,False,False,26.06,1.04,1.02,0,stay_out,True,-1.2,-3.35,77.887,-0.113,False,False,3.0296,,,True,-0.8194,True,0.7923,True,0.3182,True,1.2261,False,2.9144,False,0.299
sample-run,qrl,1005,qrl-1005-monaco,monaco,2026,Monaco Grand Prix,3,3,10,11,intermediate,intermediate,1,2,0.0,False,False,32.44,2.35,1.09,0,stay_out,True,-1.1,-4.45,77.097,-0.903,False,False,1.2981,,,True,-0.0504,True,0.2964,True,1.0751,True,-0.6947,False,-0.6661,False,-1.197
sample-run,qrl,1005,qrl-1005-monaco,monaco,2026,Monaco Grand Prix,4,4,11,12,intermediate,intermediate,2,3,0.0,False,False,20.89,2.22,0.92,0,stay_out,True,-1.2,-5.65,77.643,-0.357,False,False,2.5725,,,True,1.8033,True,0.8101,True,0.2703,True,-1.4179,False,-1.2521,False,-0.867
sample-run,qrl,1005,qrl-1005-monaco,monaco,2026,Monaco Grand Prix,5,5,12,13,intermediate,intermediate,3,4,0.0,False,False,28.46,1.2,2.37,0,stay_out,True,-1.3,-6.95,77.38,-0.62,False,False,1.2846,,,True,2.0599,True,0.0105,True,-2.9289,True,-1.4262,False,-0.2579,False,-0.1423
sample-run,qrl,1005,qrl-1005-monaco,monaco,2026,Monaco Grand Prix,6,6,12,13,intermediate,intermediate,4,5,0.0,False,False,22.12,2.0,0.67,0,stay_out,True,-1.3,-8.25,76.547,-1.453,False,False,2.5958,,,True,4.4277,True,-1.8825,True,0.2779,True,1.9543,False,0.4163,False,-0.6645
sample-run,qrl,1005,qrl-1005-monaco,monaco,2026,Monaco Grand Prix,7,7,12,13,intermediate,intermediate,5,6,0.0,False,False,35.59,1.85,2.17,0,stay_out,True,-1.3,-9.55,79.275,1.275,False,False,1.8388,,,True,1.4904,True,0.5794,True,-0.9736,True,0.406,False,-0.1692,False,-1.549
sample-run,qrl,1005,qrl-1005-monaco,monaco,2026,Monaco Grand Prix,8,8,11,12,intermediate,intermediate,6,7,0.0,True,False,22.0,0.53,2.39,0,stay_out,True,-1.2,-10.75,78.184,0.184,False,False,1.2473,,,True,1.0581,True,0.5859,True,1.0322,True,-0.0159,False,-0.8108,False,-0.4284
sample-run,qrl,1005,qrl-1005-monaco,monaco,2026,Monaco Grand Prix,9,9,11,12,intermediate,intermediate,7,8,0.0,False,False,35.06,2.72,1.3,0,stay_out,True,-1.2,-11.95,77.534,-0.466,False,False,1.59,,,True,1.1964,True,-0.2538,True,-1.6611,True,2.0495,False,0.8425,False,-0.0469
sample-run,qrl,1005,qrl-1005-monaco,monaco,2026,Monaco Grand Prix,10,10,12,13,intermediate,intermediate,8,9,0.0,False,False,27.98,0.68,1.08,0,stay_out,True,-1.3,-13.25,79.457,1.457,False,False,3.4969,,,True,0.966,True,0.0665,True,-0.3723,True,1.7376,False,-1.6749,False,-0.0692
sample-run,qrl,1005,qrl-1005-monaco,monaco,2026,Monaco Grand Prix,11,11,12,13,intermediate,intermediate,9,10,0.0,False,False,30.34,1.68,0.91,0,stay_out,True,-1.3,-14.55,76.388,-1.612,False,False,1.4228,,,True,1.9231,True,-1.3133,True,-0.1021,True,0.9383,False,-0.6695,False,-0.695
sample-run,qrl,1005,qrl-1005-monaco,monaco,2026,Monaco Grand Prix,12,12,12,13,intermediate,intermediate,10,11,0.0,False,False,33.23,0.63,1.43,0,stay_out,True,-1.3,-15.85,76.261,-1.739,False,False,1.7258,,,True,2.6894,True,0.1385,True,0.5883,True,0.4494,False,0.2717,False,-0.0061
sample-run,qrl,1005,qrl-1005-monaco,monaco,2026,Monaco Grand Prix,13,13,11,12,intermediate,intermediate,11,12,0.0,False,False,23.78,1.71,0.97,0,stay_out,True,-1.2,-17.05,77.181,-0.819,False,False,2.5137,,,True,1.5323,True,1.1113,True,-1.1744,True,-0.3068,False,-1.1417,False,-1.5846
sample-run,qrl,1005,qrl-1005-monaco,monaco,2026,Monaco Grand Prix,14,14,11,12,intermediate,intermediate,12,13,0.0,False,False,28.43,2.92,1.01,0,stay_out,True,-1.2,-18.25,77.369,-0.631,False,False,1.5113,,,True,1.2437,True,0.2796,True,0.4717,True,-0.2185,False,-0.5588,False,0.7743
sample-run,qrl,1005,qrl-1005-monaco,monaco,2026,Monaco Grand Prix,15,15,11,12,intermediate,intermediate,13,14,0.0,False,False,31.92,0.54,1.43,0,stay_out,True,-1.2,-19.45,79.976,1.976,False,False,3.3816,,,True,1.6426,True,-0.635,True,1.4451,True,-0.9069,False,1.3174,False,-0.434
sample-run,qrl,1005,qrl-1005-monaco,monaco,2026,Monaco Grand Prix,16,16,11,12,intermediate,intermediate,14,15,0.0,False,False,26.92,1.42,0.81,0,stay_out,True,-1.2,-20.65,78.034,0.034,False,False,2.7617,,,True,0.5827,True,1.0875,True,-0.3236,True,1.0501,False,-0.4249,False,-1.0946
sample-run,qrl,1005,qrl-1005-monaco,monaco,2026,Monaco Grand Prix,17,17,11,12,intermediate,intermediate,15,16,0.0,True,True,22.84,2.81,1.73,0,stay_out,True,-1.2,-21.85,80.116,2.116,False,False,2.6643,,,True,3.1145,True,3.9455,True,1.7041,True,0.8434,False,0.4171,False,2.0374
sample-run,qrl,1005,qrl-1005-monaco,monaco,2026,Monaco Grand Prix,18,18,12,13,intermediate,intermediate,16,17,0.0,False,True,28.21,0.87,1.77,0,stay_out,True,-1.3,-23.15,80.395,2.395,False,False,1.4785,,,True,2.2341,True,-0.0154,True,0.5913,True,-0.9286,False,0.364,False,-1.8726
sample-run,qrl,1005,qrl-1005-monaco,monaco,2026,Monaco Grand Prix,19,19,11,12,hard,hard,0,0,0.0,False,False,22.52,0.7,1.59,3,pit_hard,True,-0.7,-23.85,79.809,1.809,False,False,3.384,,,True,0.6579,True,1.3278,True,-0.678,True,2.5073,False,-1.3483,False,-0.4973
sample-run,qrl,1005,qrl-1005-monaco,monaco,2026,Monaco Grand Prix,20,20,11,12,hard,hard,0,1,0.0,False,False,24.43,2.91,0.66,0,stay_out,True,-1.2,-25.05,76.857,-1.143,False,False,1.316,,,True,1.8475,True,-0.0503,True,0.5859,True,-1.0878,False,0.8791,False,0.2969
sample-run,qrl,1005,qrl-1005-monaco,monaco,2026,Monaco Grand Prix,21,21,10,11,hard,hard,1,2,0.0,False,False,24.9,2.24,2.78,0,stay_out,True,-1.1,-26.15,78.544,0.544,False,False,2.1978,,,True,2.2204,True,-0.8752,True,2.4501,True,-0.0899,False,-1.7846,False,-1.2987
sample-run,qrl,1005,qrl-1005-monaco,monaco,2026,Monaco Grand Prix,22,22,9,10,hard,hard,2,3,0.0,False,False,17.42,2.12,1.38,0,stay_out,True,-1.0,-27.15,79.438,1.438,False,False,3.1639,,,True,1.1829,True,-1.8688,True,1.4285,True,-0.1676,False,0.0571,False,-0.8655
sample-run,qrl,1005,qrl-1005-monaco,monaco,2026,Monaco Grand Prix,23,23,8,9,hard,hard,3,4,0.0,False,False,24.64,2.7,0.87,0,stay_out,True,-0.9,-28.05,79.358,1.358,False,False,2.7004,,,True,3.3143,True,-1.0901,True,-0.0924,True,-1.34,False,-0.2368,False,0.9244
sample-run,qrl,1005,qrl-1005-monaco,monaco,2026,Monaco Grand Prix,24,24,7,8,hard,hard,4,5,0.0,False,False,18.42,0.9,1.7,0,stay_out,True,-0.8,-28.85,79.651,1.651,False,False,1.3732,,,True,0.8728,True,-1.9053,True,0.5053,True,0.8566,False,-0.8782,False,-0.2604
sample-run,qrl,1005,qrl-1005-monaco,monaco,2026,Monaco Grand Prix,25,25,6,7,intermediate,intermediate,0,0,0.355,False,False,18.24,1.57,1.42,4,pit_intermediate,True,-0.75,-29.6,80.453,2.453,False,False,3.4477,,,True,1.4424,True,1.9557,True,0.3489,True,2.071,True,1.1931,True,-0.1975
sample-run,qrl,1005,qrl-1005-monaco,monaco,2026,Monaco Grand Prix,26,26,7,8,intermediate,intermediate,0,1,0.0,False,False,23.08,1.73,1.3,0,stay_out,True,-0.8,-30.4,76.798,-1.202,False,False,2.8574,,,True,1.1293,True,0.6926,True,1.0424,True,1.0338,False,-0.2301,False,-1.1296
sample-run,qrl,1005,qrl-1005-monaco,monaco,2026,Monaco Grand Prix,27,27,8,9,intermediate,intermediate,1,2,0.0,False,False,17.12,2.19,1.27,0,stay_out,True,-0.9,-31.3,78.007,0.007,False,False,2.6147,,,True,2.7977,True,-0.5242,True,1.0988,True,0.6759,False,-0.545,False,-0.9213
sample-run,qrl,1005,qrl-1005-monaco,monaco,2026,Monaco Grand Prix,28,28,8,9,intermediate,intermediate,2,3,0.0,False,False,15.7,1.55,0.62,0,stay_out,True,-0.9,-32.2,77.73,-0.27,False,False,2.3427,,,True,1.1062,True,0.4962,True,0.2263,True,-1.3861,False,0.091,False,0.3987
sample-run,qrl,1005,qrl-1005-monaco,monaco,2026,Monaco Grand Prix,29,29,8,9,intermediate,intermediate,3,4,0.0,False,False,20.69,1.55,2.7,0,stay_out,True,-0.9,-33.1,79.183,1.183,False,False,2.1021,,,True,2.0917,True,0.0286,True,-1.5186,True,1.1355,False,1.1684,False,-0.202
sample-run,qrl,1005,qrl-1005-monaco,monaco,2026,Monaco Grand Prix,30,30,8,9,intermediate,intermediate,4,5,0.0,False,False,14.56,2.22,1.01,0,stay_out,True,-0.9,-34.0,77.013,-0.987,False,False,2.1173,,,True,0.3644,True,-0.1784,True,0.1985,True,-0.5378,False,-2.4857,False,-0.153
sample-run,qrl,1005,qrl-1005-monaco,monaco,2026,Monaco Grand Prix,31,31,8,9,intermediate,intermediate,5,6,0.0,False,False,22.73,2.2,0.81,0,stay_out,True,-0.9,-34.9,79.247,1.247,False,False,2.8499,,,True,4.5608,True,-0.6273,True,3.1941,True,-0.7218,False,0.1258,False,-0.5837
sample-run,qrl,1005,qrl-1005-monaco,monaco,2026,Monaco Grand Prix,32,32,8,9,intermediate,intermediate,6,7,0.0,False,False,16.37,1.95,1.66,0,stay_out,True,-0.9,-35.8,76.334,-1.666,False,False,1.3334,,,True,1.6563,True,1.3301,True,0.4728,True,-0.1134,False,0.4859,False,0.0924
sample-run,qrl,1005,qrl-1005-monaco,monaco,2026,Monaco Grand Prix,33,33,7,8,intermediate,intermediate,7,8,0.0,False,False,22.25,2.09,1.08,0,stay_out,True,-0.8,-36.6,77.152,-0.848,False,False,1.5732,,,True,1.7376,True,-0.8724,True,0.372,True,0.1407,False,0.65,False,0.4389
sample-run,qrl,1005,qrl-1005-monaco,monaco,2026,Monaco Grand Prix,34,34,7,8,intermediate,intermediate,8,9,0.0,False,False,21.58,2.21,2.84,0,stay_out,True,-0.8,-37.4,79.894,1.894,False,False,3.5186,,,True,0.2094,True,0.1608,True,2.3579,True,1.7591,False,0.1087,False,0.1806
sample-run,qrl,1005,qrl-1005-monaco,monaco,2026,Monaco Grand Prix,35,35,6,7,intermediate,intermediate,9,10,0.0,False,False,18.7,1.89,2.95,0,stay_out,True,-0.7,-38.1,77.833,-0.167,False,False,2.0397,,,True,2.5401,True,1.2302,True,-0.2087,True,0.0061,False,-1.2993,False,-0.5661
sample-run,qrl,1005,qrl-1005-monaco,monaco,2026,Monaco Grand Prix,36,36,6,7,intermediate,intermediate,10,11,0.0,False,False,15.45,1.74,1.4,0,stay_out,True,-0.7,-38.8,80.084,2.084,False,False,1.4005,,,True,0.9216,True,0.6567,True,0.5579,True,-0.6832,False,-1.8165,False,1.7779
sample-run,qrl,1005,qrl-1005-monaco,monaco,2026,Monaco Grand Prix,37,37,6,7,intermediate,intermediate,11,12,0.0,False,False,17.74,0.83,0.59,0,stay_out,True,-0.7,-39.5,78.053,0.053,False,False,3.051,,,True,2.4184,True,0.8844,True,0.0623,True,1.1135,False,-0.3165,False,-0.6533
sample-run,qrl,1005,qrl-1005-monaco,monaco,2026,Monaco Grand Prix,38,38,7,8,intermediate,intermediate,12,13,0.0,True,False,16.89,1.37,2.96,0,stay_out,True,-0.8,-40.3,80.407,2.407,False,False,2.7752,,,True,1.8438,True,0.5048,True,1.8433,True,1.2009,False,1.7324,False,-0.0766
sample-run,qrl,1005,qrl-1005-monaco,monaco,2026,Monaco Grand Prix,39,39,7,8,intermediate,intermediate,13,14,0.0,True,False,23.38,1.63,1.63,0,stay_out,True,-0.8,-41.1,78.848,0.848,False,False,1.3085,,,True,0.7192,True,-0.4575,True,1.2445,True,-0.2964,False,0.9964,False,-0.4941
sample-run,qrl,1005,qrl-1005-monaco,monaco,2026,Monaco Grand Prix,40,40,7,8,intermediate,intermediate,14,15,0.0,False,False,17.09,2.14,1.34,0,stay_out,True,-0.8,-41.9,79.125,1.125,False,False,2.7967,,,True,0.8352,True,-0.026,True,-0.4416,True,0.9242,False,0.3355,False,0.9636
sample-run,qrl,1005,qrl-1005-monaco,monaco,2026,Monaco Grand Prix,41,41,8,9,intermediate,intermediate,15,16,0.0,False,True,23.13,0.52,1.92,0,stay_out,True,-0.9,-42.8,76.904,-1.096,False,False,3.4889,,,True,3.0596,True,0.1858,True,0.4297,True,-2.4022,False,-0.7596,False,0.5161
sample-run,qrl,1005,qrl-1005-monaco,monaco,2026,Monaco Grand Prix,42,42,8,9,intermediate,intermediate,16,17,0.0,False,True,14.06,1.39,1.82,0,stay_out,True,-0.9,-43.7,77.489,-0.511,False,False,2.1661,,,True,2.6287,True,-1.4961,True,0.4045,True,0.5747,False,-1.7007,False,-0.2217
sample-run,qrl,1005,qrl-1005-monaco,monaco,2026,Monaco Grand Prix,43,43,7,8,intermediate,intermediate,17,18,0.0,False,True,19.62,1.84,1.7,0,stay_out,True,-0.8,-44.5,78.875,0.875,False,False,2.1464,,,True,2.5144,True,0.1204,True,-0.4558,True,-1.2599,False,0.2978,False,0.7876
sample-run,qrl,1005,qrl-1005-monaco,monaco,2026,Monaco Grand Prix,44,44,8,9,hard,hard,0,0,0.0,False,False,21.65,0.84,2.56,3,pit_hard,True,-0.4,-44.9,79.785,1.785,False,False,1.4562,,,True,-0.2997,True,-0.5737,True,-1.5466,True,1.5667,False,-1.1583,False,0.222
sample-run,qrl,1005,qrl-1005-monaco,monaco,2026,Monaco Grand Prix,45,45,8,9,hard,hard,0,1,0.0,False,False,23.52,1.66,3.0,0,stay_out,True,-0.9,-45.8,79.48,1.48,False,False,1.8877,,,True,2.0907,True,-0.6515,True,1.3171,True,-0.9685,False,-0.6159,False,0.5879
sample-run,qrl,1005,qrl-1005-monaco,monaco,2026,Monaco Grand Prix,46,46,8,9,hard,hard,1,2,0.0,False,False,22.12,2.64,0.65,0,stay_out,True,-0.9,-46.7,78.967,0.967,False,False,3.5499,,,True,0.4655,True,-0.5901,True,0.052,True,0.9978,False,-0.0971,False,-1.1783
sample-run,qrl,1005,qrl-1005-monaco,monaco,2026,Monaco Grand Prix,47,47,7,8,hard,hard,2,3,0.0,False,False,15.43,1.87,2.46,0,stay_out,True,-0.8,-47.5,75.733,-2.267,False,False,3.3382,,,True,2.3971,True,-0.3672,True,-1.0608,True,-0.2061,False,-0.6359,False,-1.0923
sample-run,qrl,1005,qrl-1005-monaco,monaco,2026,Monaco Grand Prix,48,48,8,9,hard,hard,3,4,0.0,False,False,21.4,1.42,0.8,0,stay_out,True,-0.9,-48.4,79.139,1.139,False,False,1.398,,,True,2.2327,True,0.7739,True,-0.5617,True,-0.212,False,0.1021,False,1.0984
sample-run,qrl,1005,qrl-1005-monaco,monaco,2026,Monaco Grand Prix,49,49,9,10,hard,hard,4,5,0.0,False,False,23.11,1.74,1.41,0,stay_out,True,-1.0,-49.4,78.018,0.018,False,False,3.2138,,,True,0.6044,True,0.182,True,-0.0958,True,-0.4579,False,0.2186,False,0.9506
sample-run,qrl,1005,qrl-1005-monaco,monaco,2026,Monaco Grand Prix,50,50,9,10,hard,hard,5,6,0.0,False,False,23.3,0.61,1.33,0,stay_out,True,-1.0,-50.4,79.677,1.677,False,False,1.2058,,,True,-1.5758,True,0.5952,True,-1.1727,True,0.1528,False,0.9532,False,-1.4516
sample-run,qrl,1005,qrl-1005-monaco,monaco,2026,Monaco Grand Prix,51,51,10,11,intermediate,intermediate,0,0,0.083,False,False,17.42,2.02,2.47,4,pit_intermediate,True,-1.15,-51.55,79.864,1.864,False,False,3.4479,,,True,0.3412,True,-0.4437,True,0.6276,True,-0.3721,True,1.1251,True,0.3476
sample-run,qrl,1005,qrl-1005-monaco,monaco,2026,Monaco Grand Prix,52,52,10,11,intermediate,intermediate,0,1,0.0,False,False,17.86,1.84,1.0,0,stay_out,True,-1.1,-52.65,78.35,0.35,False,False,2.879,,,True,2.2873,True,0.1796,True,-1.0356,True,-0.0194,False,-0.7403,False,-1.9322
sample-run,qrl,1005,qrl-1005-monaco,monaco,2026,Monaco Grand Prix,53,53,9,10,intermediate,intermediate,1,2,0.0,False,False,16.68,0.58,0.97,0,stay_out,True,-1.0,-53.65,76.994,-1.006,False,False,2.3559,,,True,1.612,True,-0.5919,True,0.2424,True,0.5145,False,1.8336,False,-0.2393
sample-run,qrl,1005,qrl-1005-monaco,monaco,2026,Monaco Grand Prix,54,54,8,9,intermediate,intermediate,2,3,0.0,False,False,18.58,1.45,2.29,0,stay_out,True,-0.9,-54.55,76.353,-1.647,False,False,3.0871,,,True,0.9052,True,-1.0648,True,-0.4271,True,-1.4531,False,1.2733,False,0.4161
sample-run,qrl,1005,qrl-1005-monaco,monaco,2026,Monaco Grand Prix,55,55,9,10,intermediate,intermediate,3,4,0.0,False,False,28.21,2.73,2.51,0,stay_out,True,-1.0,-55.55,78.279,0.279,False,False,1.7522,,,True,1.2326,True,0.2403,True,0.3293,True,-0.1851,False,3.1175,False,-0.4184
sample-run,qrl,1005,qrl-1005-monaco,monaco,2026,Monaco Grand Prix,56,56,10,11,intermediate,intermediate,4,5,0.0,False,False,32.91,1.82,0.74,0,stay_out,True,-1.1,-56.65,78.345,0.345,False,False,1.3337,,,True,0.1381,True,-0.2518,True,-0.1736,True,-0.5666,False,0.597,False,-1.1559
sample-run,qrl,1005,qrl-1005-monaco,monaco,2026,Monaco Grand Prix,57,57,10,11,intermediate,intermediate,5,6,0.0,False,False,18.01,1.22,1.71,0,stay_out,True,-1.1,-57.75,77.913,-0.087,False,False,1.489,,,True,1.6874,True,0.5292,True,0.4999,True,0.1955,False,-0.3169,False,-1.4708
sample-run,qrl,1005,qrl-1005-monaco,monaco,2026,Monaco Grand Prix,58,58,11,12,intermediate,intermediate,6,7,0.0,False,False,28.14,2.21,2.62,0,stay_out,True,-1.2,-58.95,79.394,1.394,False,False,2.8253,,,True,1.0582,True,0.9689,True,0.4459,True,0.4021,False,-0.3135,False,0.3998
sample-run,qrl,1005,qrl-1005-monaco,monaco,2026,Monaco Grand Prix,59,59,10,11,intermediate,intermediate,7,8,0.0,False,False,19.66,1.4,2.82,0,stay_out,True,-1.1,-60.05,77.824,-0.176,False,False,3.3398,,,True,2.2136,True,-1.8055,True,-1.554,True,-0.1031,False,-0.2939,False,-0.1872
sample-run,qrl,1005,qrl-1005-monaco,monaco,2026,Monaco Grand Prix,60,60,10,11,intermediate,intermediate,8,9,0.0,False,False,17.59,1.14,2.28,0,stay_out,True,-1.1,-61.15,77.29,-0.71,False,False,3.065,,,True,1.7067,True,1.6426,True,2.1228,True,0.7383,False,-0.9683,False,0.5987
sample-run,qrl,1005,qrl-1005-monaco,monaco,2026,Monaco Grand Prix,61,61,11,12,intermediate,intermediate,0,0,0.285,False,False,20.52,1.97,1.49,4,pit_intermediate,True,-1.25,-62.4,81.138,3.138,False,False,3.4758,,,True,1.1234,True,1.3155,True,0.0132,True,-0.9063,True,0.7382,True,0.2894
sample-run,qrl,1005,qrl-1005-monaco,monaco,2026,Monaco Grand Prix,62,62,12,13,intermediate,intermediate,0,1,0.0,False,False,23.84,0.55,1.83,0,stay_out,True,-1.3,-63.7,78.217,0.217,False,False,1.3715,,,True,0.7785,True,-0.6768,True,-0.0818,True,-0.9997,False,2.5397,False,0.4709
sample-run,qrl,1005,qrl-1005-monaco,monaco,2026,Monaco Grand Prix,63,63,12,13,intermediate,intermediate,1,2,0.0,False,False,22.06,2.96,0.65,0,stay_out,True,-1.3,-65.0,77.999,-0.001,False,False,3.0099,,,True,1.1656,True,-0.8528,True,-1.5458,True,1.2255,False,0.399,False,0.1418
sample-run,qrl,1005,qrl-1005-monaco,monaco,2026,Monaco Grand Prix,64,64,12,13,intermediate,intermediate,2,3,0.0,False,False,31.11,2.19,1.01,0,stay_out,True,-1.3,-66.3,78.755,0.755,False,False,1.9141,,,True,2.1117,True,1.4551,True,0.1409,True,0.7321,False,-0.486,False,0.6789
sample-run,qrl,1005,qrl-1005-monaco,monaco,2026,Monaco Grand Prix,65,65,11,12,intermediate,intermediate,3,4,0.0,False,False,31.51,0.52,1.01,0,stay_out,True,-1.2,-67.5,79.212,1.212,False,False,1.9804,,,True,0.181,True,-0.6218,True,2.7228,True,-0.3656,False,0.5473,False,0.6012
sample-run,qrl,1005,qrl-1005-monaco,monaco,2026,Monaco Grand Prix,66,66,11,12,intermediate,intermediate,4,5,0.0,False,False,25.44,0.61,2.91,0,stay_out,True,-1.2,-68.7,77.59,-0.41,False,False,3.3763,,,True,0.8684,True,-0.2501,True,-0.2247,True,0.9369,False,-0.1978,False,-0.2986
sample-run,qrl,1005,qrl-1005-monaco,monaco,2026,Monaco Grand Prix,67,67,12,13,intermediate,intermediate,0,0,0.043,False,False,35.5,1.85,0.5,4,pit_intermediate,True,-1.35,-70.05,77.964,-0.036,False,False,1.2798,,,True,0.6441,True,0.9014,True,0.1866,True,-0.6272,True,1.1067,True,-0.3178
sample-run,qrl,1005,qrl-1005-monaco,monaco,2026,Monaco Grand Prix,68,68,13,14,intermediate,intermediate,0,1,0.0,False,False,23.35,1.99,0.58,0,stay_out,True,-1.4,-71.45,77.487,-0.513,False,False,2.3067,,,True,2.0714,True,-0.2787,True,-1.0098,True,0.3868,False,-0.6606,False,-0.4561
sample-run,qrl,1005,qrl-1005-monaco,monaco,2026,Monaco Grand Prix,69,69,13,14,intermediate,intermediate,1,2,0.0,False,False,34.89,2.81,1.86,0,stay_out,True,-1.4,-72.85,74.597,-3.403,False,False,1.2981,,,True,4.6561,True,0.2169,True,1.7345,True,-2.1103,False,-0.232,False,-0.9147
sample-run,qrl,1005,qrl-1005-monaco,monaco,2026,Monaco Grand Prix,70,70,13,14,intermediate,intermediate,0,0,0.158,False,False,25.2,2.51,1.64,4,pit_intermediate,True,-1.45,-74.3,82.079,4.079,False,False,1.8493,,,True,1.1641,True,-0.8878,True,0.8907,True,0.2569,True,3.4348,True,0.0421
sample-run,qrl,1005,qrl-1005-monaco,monaco,2026,Monaco Grand Prix,71,71,13,14,intermediate,intermediate,0,1,0.0,False,False,39.0,1.15,2.85,0,stay_out,True,-1.4,-75.7,78.363,0.363,False,False,2.3072,,,True,1.9443,True,-0.4486,True,1.1225,True,-0.6491,False,1.764,False,1.0704
sample-run,qrl,1005,qrl-1005-monaco,monaco,2026,Monaco Grand Prix,72,72,13,14,intermediate,intermediate,1,2,0.0,False,False,31.99,1.58,0.55,0,stay_out,True,-1.4,-77.1,77.827,-0.173,False,False,3.4404,,,True,-0.0605,True,-0.2827,True,0.613,True,-0.2154,False,-1.2621,False,0.2687
sample-run,qrl,1005,qrl-1005-monaco,monaco,2026,Monaco Grand Prix,73,73,12,13,intermediate,intermediate,2,3,0.0,False,False,24.0,1.2,2.85,0,stay_out,True,-1.3,-78.4,77.724,-0.276,False,False,2.6483,,,True,1.6604,True,1.8068,True,1.0823,True,-2.0483,False,-0.021,False,-0.5413
sample-run,qrl,1005,qrl-1005-monaco,monaco,2026,Monaco Grand Prix,74,74,12,13,intermediate,intermediate,3,4,0.0,False,False,38.01,2.87,2.53,0,stay_out,True,-1.3,-79.7,78.875,0.875,False,False,2.3702,,,True,0.8207,True,0.0601,True,1.1034,True,0.5023,False,-0.7453,False,-0.7806
sample-run,qrl,1005,qrl-1005-monaco,monaco,2026,Monaco Grand Prix,75,75,13,14,intermediate,intermediate,4,5,0.0,False,False,22.0,1.5,2.59,0,stay_out,True,-1.4,-81.1,78.598,0.598,False,False,3.5558,,,True,0.1425,True,0.7879,True,-0.8755,True,0.7069,False,0.7462,False,1.4455
sample-run,qrl,1005,qrl-1005-monaco,monaco,2026,Monaco Grand Prix,76,76,12,13,intermediate,intermediate,5,6,0.0,False,False,31.53,1.46,2.12,0,stay_out,True,-1.3,-82.4,78.4,0.4,False,False,1.5763,,,True,1.5628,True,0.4098,True,-0.4912,True,0.4806,False,-0.7172,False,0.1233
sample-run,qrl,1005,qrl-1005-monaco,monaco,2026,Monaco Grand Prix,77,77,13,14,intermediate,intermediate,0,0,0.158,False,False,38.62,0.78,2.27,4,pit_intermediate,True,-1.45,-83.85,82.115,4.115,True,False,2.31,,,True,0.368,True,1.3093,True,0.1622,True,-0.5137,True,2.0112,True,0.3229
sample-run,dqn,1001,dqn-1001-monza,monza,2026,Monza Grand Prix,0,0,10,11,medium,medium,0,1,0.0,False,False,31.11,2.53,2.41,0,stay_out,True,-1.1,-1.1,77.558,-0.442,False,False,1.108,,,True,1.3267,True,-1.5384,True,-1.0276,True,0.7788,False,-0.1218,False,-1.0107
sample-run,dqn,1001,dqn-1001-monza,monza,2026,Monza Grand Prix,1,1,9,10,medium,medium,1,2,0.0,True,False,21.49,1.75,0.95,0,stay_out,True,-1.0,-2.1,78.888,0.888,False,False,0.792,,,True,0.9767,True,0.7048,True,1.4181,True,-0.0956,False,-1.2103,False,0.9894
sample-run,dqn,1001,dqn-1001-monza,monza,2026,Monza Grand Prix,2,2,10,11,medium,medium,2,3,0.0,False,False,16.76,1.4,1.03,0,stay_out,True,-1.1,-3.2,79.809,1.809,False,False,0.7818,,,True,2.2987,True,0.0669,True,0.8638,True,-0.0117,False,0.4952,False,-0.1047
sample-run,dqn,1001,dqn-1001-monza,monza,2026,Monza Grand Prix,3,3,10,11,medium,medium,3,4,0.0,False,False,23.06,2.51,2.78,0,stay_out,True,-1.1,-4.3,77.193,-0.807,False,False,1.1715,,,True,-0.7878,True,1.1981,True,-0.1318,True,0.237,False,-0.117,False,0.0131
sample-run,dqn,1001,dqn-1001-monza,monza,2026,Monza Grand Prix,4,4,10,11,medium,medium,4,5,0.0,False,False,25.49,2.03,2.89,0,stay_out,True,-1.1,-5.4,76.946,-1.054,False,False,0.4684,,,True,0.9336,True,-0.053,True,0.7165,True,0.1434,False,2.2262,False,-0.8485
sample-run,dqn,1001,dqn-1001-monza,monza,2026,Monza Grand Prix,5,5,11,12,medium,medium,5,6,0.0,False,False,23.17,0.69,1.68,0,stay_out,True,-1.2,-6.6,78.304,0.304,False,False,0.7235,,,True,1.1531,True,1.7933,True,-1.1553,True,0.9493,False,0.3842,False,0.5654
sample-run,dqn,1001,dqn-1001-monza,monza,2026,Monza Grand Prix,6,6,11,12,medium,medium,6,7,0.0,False,False,19.49,2.96,2.84,0,stay_out,True,-1.2,-7.8,76.26,-1.74,False,False,0.4435,,,True,0.8134,True,1.128,True,0.1403,True,0.5604,False,-0.1305,False,1.178
sample-run,dqn,1001,dqn-1001-monza,monza,2026,Monza Grand Prix,7,7,10,11,medium,medium,7,8,0.0,False,False,26.61,0.89,2.01,0,stay_out,True,-1.1,-8.9,77.53,-0.47,False,False,0.7918,,,True,0.8211,True,0.4883,True,0.154,True,-0.0077,False,-0.8051,False,0.6557
sample-run,dqn,1001,dqn-1001-monza,monza,2026,Monza Grand Prix,8,8,11,12,medium,medium,8,9,0.0,False,False,27.65,2.57,1.51,0,stay_out,True,-1.2,-10.1,76.512,-1.488,False,False,1.074,,,True,1.1764,True,-1.3254,True,-0.6309,True,-1.9147,False,-0.7414,False,-0.8728
sample-run,dqn,1001,dqn-1001-monza,monza,2026,Monza Grand Prix,9,9,10,11,medium,medium,9,10,0.0,False,False,19.43,1.03,2.06,0,stay_out,True,-1.1,-11.2,78.912,0.912,False,False,0.8816,,,True,3.2363,True,0.8249,True,2.0733,True,1.3417,False,-0.459,False,1.3344
sample-run,dqn,1001,dqn-1001-monza,monza,2026,Monza Grand Prix,10,10,10,11,medium,medium,10,11,0.0,False,False,30.35,2.85,1.11,0,stay_out,True,-1.1,-12.3,77.691,-0.309,False,False,1.0778,,,True,2.164,True,1.1228,True,0.9544,True,0.217,False,0.3796,False,0.8651
sample-run,dqn,1001,dqn-1001-monza,monza,2026,Monza Grand Prix,11,11,11,12,medium,medium,11,12,0.0,False,False,32.69,1.23,2.49,0,stay_out,True,-1.2,-13.5,77.981,-0.019,False,False,1.0565,,,True,1.2154,True,1.6788,True,-0.4693,True,-0.1511,False,0.3353,False,1.8843
sample-run,dqn,1001,dqn-1001-monza,monza,2026,Monza Grand Prix,12,12,12,13,medium,medium,12,13,0.0,False,False,35.79,2.36,1.41,0,stay_out,True,-1.3,-14.8,78.014,0.014,False,False,0.8527,,,True,1.7962,True,1.9021,True,1.7137,True,0.2057,False,1.0308,False,-1.784
sample-run,dqn,1001,dqn-1001-monza,monza,2026,Monza Grand Prix,13,13,12,13,medium,medium,13,14,0.0,False,False,28.81,0.85,0.53,0,stay_out,True,-1.3,-16.1,77.472,-0.528,False,False,0.639,,,True,1.7327,True,0.1279,True,0.1005,True,-0.2318,False,-0.8796,False,1.1486
sample-run,dqn,1001,dqn-1001-monza,monza,2026,Monza Grand Prix,14,14,13,14,intermediate,intermediate,0,0,0.162,False,False,26.99,1.8,1.37,4,pit_intermediate,True,-1.45,-17.55,80.96,2.96,False,False,0.9627,,,True,-0.1112,True,-0.5701,True,0.0493,True,-0.1968,True,2.3691,True,-0.9806
sample-run,dqn,1001,dqn-1001-monza,monza,2026,Monza Grand Prix,15,15,14,15,intermediate,intermediate,0,0,0.116,False,False,43.59,1.38,2.66,4,pit_intermediate,True,-1.55,-19.1,79.898,1.898,False,False,0.6644,,,True,0.5732,True,-0.908,True,1.4023,True,-1.265,True,0.5206,True,0.1017
sample-run,dqn,1001,dqn-1001-monza,monza,2026,Monza Grand Prix,16,16,15,16,intermediate,intermediate,0,1,0.0,False,False,47.02,0.55,1.46,0,stay_out,True,-1.6,-20.7,77.369,-0.631,False,False,0.6206,,,True,1.6716,True,-1.1704,True,-1.1602,True,0.0488,False,-0.1843,False,0.3607
sample-run,dqn,1001,dqn-1001-monza,monza,2026,Monza Grand Prix,17,17,15,16,intermediate,intermediate,1,2,0.0,False,False,41.94,0.52,2.08,0,stay_out,True,-1.6,-22.3,77.793,-0.207,False,False,1.0236,,,True,1.4627,True,-0.327,True,-0.3336,True,0.0489,False,-0.1695,False,-0.3642
sample-run,dqn,1001,dqn-1001-monza,monza,2026,Monza Grand Prix,18,18,14,15,intermediate,intermediate,2,3,0.0,False,False,31.37,0.93,0.95,0,stay_out,True,-1.5,-23.8,76.257,-1.743,False,False,1.027,,,True,0.5931,True,0.4414,True,-1.7653,True,0.1407,False,-0.192,False,-0.9184
sample-run,dqn,1001,dqn-1001-monza,monza,2026,Monza Grand Prix,19,19,15,16,intermediate,intermediate,3,4,0.0,False,False,25.16,0.84,2.8,0,stay_out,True,-1.6,-25.4,76.679,-1.321,False,False,0.7634,,,True,1.9046,True,1.1312,True,1.5906,True,-0.4142,False,0.8731,False,-0.5124
sample-run,dqn,1001,dqn-1001-monza,monza,2026,Monza Grand Prix,20,20,14,15,intermediate,intermediate,4,5,0.0,False,False,31.1,0.61,1.54,0,stay_out,True,-1.5,-26.9,81.14,3.14,False,False,0.6567,,,True,1.6583,True,-0.0564,True,0.8156,True,-0.2189,False,0.7721,False,0.614
sample-run,dqn,1001,dqn-1001-monza,monza,2026,Monza Grand Prix,21,21,14,15,intermediate,intermediate,5,6,0.0,False,False,22.55,2.26,0.58,0,stay_out,True,-1.5,-28.4,76.538,-1.462,False,False,1.195,,,True,-0.0464,True,-0.2001,True,-0.0872,True,0.5305,False,0.2517,False,1.815
sample-run,dqn,1001,dqn-1001-monza,monza,2026,Monza Grand Prix,22,22,14,15,intermediate,intermediate,6,7,0.0,False,False,31.06,2.41,2.81,0,stay_out,True,-1.5,-29.9,77.666,-0.334,False,False,0.822,,,True,1.8877,True,-0.0833,True,0.8192,True,0.4042,False,1.5716,False,-1.326
sample-run,dqn,1001,dqn-1001-monza,monza,2026,Monza Grand Prix,23,23,13,14,intermediate,intermediate,7,8,0.0,False,False,39.45,0.9,1.54,0,stay_out,True,-1.4,-31.3,76.039,-1.961,False,False,0.8166,,,True,1.4196,True,-0.4792,True,-0.0435,True,-1.1025,False,0.02,False,-1.1961
sample-run,dqn,1001,dqn-1001-monza,monza,2026,Monza Grand Prix,24,24,13,14,intermediate,intermediate,8,9,0.0,False,False,33.1,2.2,1.34,0,stay_out,True,-1.4,-32.7,77.198,-0.802,False,False,0.9257,,,True,0.8991,True,0.4687,True,1.1199,True,1.7398,False,0.2743,False,0.2393
sample-run,dqn,1001,dqn-1001-monza,monza,2026,Monza Grand Prix,25,25,13,14,intermediate,intermediate,9,10,0.0,False,False,23.29,1.9,2.29,0,stay_out,True,-1.4,-34.1,79.818,1.818,False,False,0.6581,,,True,2.8436,True,-0.9831,True,0.2588,True,-0.6394,False,-1.605,False,0.1995
sample-run,dqn,1001,dqn-1001-monza,monza,2026,Monza Grand Prix,26,26,13,14,intermediate,intermediate,10,11,0.0,False,False,36.76,2.33,1.72,0,stay_out,True,-1.4,-35.5,74.682,-3.318,False,False,0.4878,,,True,1.711,True,1.1142,True,0.7712,True,1.765,False,-1.2558,False,-0.7878
sample-run,dqn,1001,dqn-1001-monza,monza,2026,Monza Grand Prix,27,27,13,14,intermediate,intermediate,0,0,0.429,False,False,32.79,1.83,2.83,4,pit_intermediate,True,-1.45,-36.95,81.494,3.494,False,False,1.0215,,,True,-0.3223,True,-0.6253,True,0.012,True,-1.677,True,1.8961,True,-0.4441
sample-run,dqn,1001,dqn-1001-monza,monza,2026,Monza Grand Prix,28,28,13,14,intermediate,intermediate,0,1,0.0,False,False,31.55,2.51,1.11,0,stay_out,True,-1.4,-38.35,77.498,-0.502,False,False,0.6061,,,True,1.1146,True,-0.7883,True,1.8152,True,-0.139,False,0.0593,False,2.8006
sample-run,dqn,1001,dqn-1001-monza,monza,2026,Monza Grand Prix,29,29,13,14,intermediate,intermediate,1,2,0.0,False,False,27.73,1.95,1.28,0,stay_out,True,-1.4,-39.75,77.894,-0.106,False,False,0.8083,,,True,1.5941,True,-0.7074,True,0.7242,True,1.3343,False,0.5609,False,0.5456
sample-run,dqn,1001,dqn-1001-monza,monza,2026,Monza Grand Prix,30,30,13,14,intermediate,intermediate,2,3,0.0,False,False,30.54,2.52,2.08,0,stay_out,True,-1.4,-41.15,78.463,0.463,False,False,0.8663,,,True,2.0468,True,0.0734,True,-0.3931,True,-0.2763,False,0.6437,False,-1.1456
sample-run,dqn,1001,dqn-1001-monza,monza,2026,Monza Grand Prix,31,31,12,13,intermediate,intermediate,3,4,0.0,False,False,19.89,1.85,2.66,0,stay_out,True,-1.3,-42.45,79.245,1.245,False,False,0.4673,,,True,1.2757,True,-0.544,True,1.305,True,-0.9102,False,0.8988,False,-2.1532
sample-run,dqn,1001,dqn-1001-monza,monza,2026,Monza Grand Prix,32,32,12,13,intermediate,intermediate,4,5,0.0,False,False,37.77,1.14,0.93,0,stay_out,True,-1.3,-43.75,76.722,-1.278,False,False,1.1025,,,True,1.4248,True,1.3194,True,0.373,True,-1.2919,False,1.4065,False,0.5927
sample-run,dqn,1001,dqn-1001-monza,monza,2026,Monza Grand Prix,33,33,12,13,intermediate,intermediate,5,6,0.0,False,False,28.79,2.14,2.96,0,stay_out,True,-1.3,-45.05,79.71,1.71,False,False,0.9764,,,True,3.5538,True,0.1517,True,1.028,True,-0.6573,False,1.19,False,0.2021
sample-run,dqn,1001,dqn-1001-monza,monza,2026,Monza Grand Prix,34,34,12,13,intermediate,intermediate,6,7,0.0,False,False,30.15,0.91,0.9,0,stay_out,True,-1.3,-46.35,75.616,-2.384,False,False,0.7013,,,True,2.3859,True,-0.7984,True,-0.4347,True,-1.1593,False,-0.2015,False,0.6958
sample-run,dqn,1001,dqn-1001-monza,monza,2026,Monza Grand Prix,35,35,12,13,intermediate,intermediate,7,8,0.0,False,False,24.49,2.9,0.62,0,stay_out,True,-1.3,-47.65,75.813,-2.187,False,False,0.7002,,,True,1.4908,True,-0.4464,True,1.5155,True,2.1384,False,0.5036,False,-0.777
sample-run,dqn,1001,dqn-1001-monza,monza,2026,Monza Grand Prix,36,36,11,12,intermediate,intermediate,8,9,0.0,False,False,27.44,0.61,2.08,0,stay_out,True,-1.2,-48.85,76.788,-1.212,False,False,1.1239,,,True,1.6238,True,-0.2538,True,0.6838,True,1.8881,False,-0.8143,False,-2.8579
sample-run,dqn,1001,dqn-1001-monza,monza,2026,Monza Grand Prix,37,37,12,13,intermediate,intermediate,9,10,0.0,False,False,29.68,2.66,2.99,0,stay_out,True,-1.3,-50.15,79.256,1.256,False,False,0.8558,,,True,3.0179,True,-0.3045,True,-0.0213,True,-0.8704,False,1.117,False,0.8841
sample-run,dqn,1001,dqn-1001-monza,monza,2026,Monza Grand Prix,38,38,11,12,intermediate,intermediate,10,11,0.0,False,False,34.17,2.21,1.73,0,stay_out,True,-1.2,-51.35,78.926,0.926,False,False,0.7306,,,True,2.3044,True,0.5225,True,0.9446,True,1.1053,False,1.2122,False,-0.3779
sample-run,dqn,1001,dqn-1001-monza,monza,2026,Monza Grand Prix,39,39,11,12,intermediate,intermediate,11,12,0.0,False,False,22.74,2.89,0.6,0,stay_out,True,-1.2,-52.55,79.222,1.222,False,False,1.0859,,,True,-0.272,True,0.8516,True,-0.2957,True,0.8281,False,1.202,False,-0.5324
sample-run,dqn,1001,dqn-1001-monza,monza,2026,Monza Grand Prix,40,40,10,11,intermediate,intermediate,12,13,0.0,False,False,16.88,2.14,2.2,0,stay_out,True,-1.1,-53.65,77.906,-0.094,False,False,1.1855,,,True,-0.2548,True,0.7594,True,-0.2991,True,0.0305,False,0.0637,False,0.2688
sample-run,dqn,1001,dqn-1001-monza,monza,2026,Monza Grand Prix,41,41,10,11,intermediate,intermediate,13,14,0.0,False,False,25.52,2.43,1.36,0,stay_out,True,-1.1,-54.75,76.693,-1.307,False,False,0.8858,,,True,0.5777,True,-0.6116,True,-0.3159,True,-1.1279,False,0.5959,False,-0.5459
sample-run,dqn,1001,dqn-1001-monza,monza,2026,Monza Grand Prix,42,42,9,10,intermediate,intermediate,14,15,0.0,False,False,27.57,2.78,1.65,0,stay_out,True,-1.0,-55.75,77.58,-0.42,False,False,0.7423,,,True,1.6857,True,-1.9767,True,1.422,True,1.8746,False,-0.8322,False,-1.7692
sample-run,dqn,1001,dqn-1001-monza,monza,2026,Monza Grand Prix,43,43,8,9,intermediate,intermediate,15,16,0.0,False,True,21.43,2.66,2.63,0,stay_out,True,-0.9,-56.65,76.796,-1.204,False,False,1.0807,,,True,1.7085,True,0.2917,True,1.6489,True,0.4063,False,0.3215,False,-0.8116
sample-run,dqn,1001,dqn-1001-monza,monza,2026,Monza Grand Prix,44,44,8,9,intermediate,intermediate,16,17,0.0,False,True,20.19,0.61,2.82,0,stay_out,True,-0.9,-57.55,79.359,1.359,False,False,1.0728,,,True,1.8863,True,-0.3651,True,-1.7851,True,-0.1992,False,0.3105,False,1.2445
sample-run,dqn,1001,dqn-1001-monza,monza,2026,Monza Grand Prix,45,45,7,8,intermediate,intermediate,17,18,0.0,False,True,13.24,2.5,1.94,0,stay_out,True,-0.8,-58.35,79.205,1.205,False,False,1.076,,,True,2.5076,True,-0.8303,True,-0.5198,True,-1.0453,False,-1.5678,False,0.5944
sample-run,dqn,1001,dqn-1001-monza,monza,2026,Monza Grand Prix,46,46,7,8,intermediate,intermediate,18,19,0.0,False,True,13.74,2.48,2.76,0,stay_out,True,-0.8,-59.15,77.961,-0.039,False,False,0.8471,,,True,0.463,True,-0.2964,True,0.4635,True,-0.3074,False,-1.1511,False,0.1905
sample-run,dqn,1001,dqn-1001-monza,monza,2026,Monza Grand Prix,47,47,8,9,medium,medium,0,0,0.0,False,False,21.02,2.38,1.96,2,pit_medium,True,-0.4,-59.55,81.473,3.473,False,False,0.9193,,,True,-0.3179,True,-0.2077,True,2.2143,True,-0.9697,False,0.7505,False,-0.202
sample-run,dqn,1001,dqn-1001-monza,monza,2026,Monza Grand Prix,48,48,9,10,medium,medium,0,1,0.0,False,False,23.65,1.48,2.1,0,stay_out,True,-1.0,-60.55,77.094,-0.906,False,False,1.0197,,,True,1.3596,True,1.5747,True,0.3643,True,-0.3571,False,-0.896,False,0.3339
sample-run,dqn,1001,dqn-1001-monza,monza,2026,Monza Grand Prix,49,49,10,11,intermediate,intermediate,0,0,0.032,False,False,18.08,1.83,1.93,4,pit_intermediate,True,-1.15,-61.7,81.628,3.628,False,False,1.1856,,,True,-1.1519,True,-1.5649,True,-0.3671,True,-0.2036,True,1.333,True,1.9533
sample-run,dqn,1001,dqn-1001-monza,monza,2026,Monza Grand Prix,50,50,9,10,intermediate,intermediate,0,1,0.0,False,False,16.33,1.84,0.56,0,stay_out,True,-1.0,-62.7,76.526,-1.474,False,False,0.5089,,,True,2.2497,True,0.5914,True,0.4316,True,0.3919,False,-1.9056,False,0.9671
sample-run,dqn,1001,dqn-1001-monza,monza,2026,Monza Grand Prix,51,51,9,10,intermediate,intermediate,1,2,0.0,False,False,16.6,2.5,1.41,0,stay_out,True,-1.0,-63.7,76.62,-1.38,False,False,1.1865,,,True,2.3418,True,-0.9492,True,0.6556,True,0.0911,False,1.377,False,1.2472
sample-run,dqn,1001,dqn-1001-monza,monza,2026,Monza Grand Prix,52,52,8,9,intermediate,intermediate,2,3,0.0,False,False,23.02,2.35,1.62,0,stay_out,True,-0.9,-64.6,78.006,0.006,True,False,0.8065,,,True,1.7823,True,0.7923,True,-1.2288,True,1.0431,False,-1.4422,False,1.2827
sample-run,qrl,1001,qrl-1001-monza,monza,2026,Monza Grand Prix,0,0,7,8,medium,medium,0,1,0.0,False,False,20.79,0.91,2.18,0,stay_out,True,-0.8,-0.8,77.546,-0.454,False,False,1.6484,,,True,0.4634,True,0.396,True,-0.81,True,-0.9062,False,-0.9695,False,1.4394
sample-run,qrl,1001,qrl-1001-monza,monza,2026,Monza Grand Prix,1,1,7,8,medium,medium,1,2,0.0,False,False,13.53,0.51,1.75,0,stay_out,True,-0.8,-1.6,77.596,-0.404,False,False,1.6126,,,True,-1.1282,True,1.4283,True,-0.552,True,1.1038,False,-1.545,False,-0.4442
sample-run,qrl,1001,qrl-1001-monza,monza,2026,Monza Grand Prix,2,2,7,8,medium,medium,2,3,0.0,False,False,12.82,2.52,1.2,0,stay_out,True,-0.8,-2.4,76.991,-1.009,False,False,3.3081,,,True,3.3383,True,-0.0348,True,0.7235,True,-0.019,False,1.2112,False,-0.5354
sample-run,qrl,1001,qrl-1001-monza,monza,2026,Monza Grand Prix,3,3,7,8,medium,medium,3,4,0.0,False,False,17.31,1.08,1.32,0,stay_out,True,-0.8,-3.2,79.257,1.257,False,False,2.8329,,,True,2.5436,True,0.0507,True,0.9214,True,0.0131,False,-0.4969,False,0.6596
sample-run,qrl,1001,qrl-1001-monza,monza,2026,Monza Grand Prix,4,4,8,9,medium,medium,4,5,0.0,False,False,26.6,2.92,0.63,0,stay_out,True,-0.9,-4.1,78.119,0.119,False,False,3.3614,,,True,1.9703,True,-0.7346,True,0.556,True,1.3235,False,-0.5304,False,0.4977
sample-run,qrl,1001,qrl-1001-monza,monza,2026,Monza Grand Prix,5,5,9,10,medium,medium,5,6,0.0,False,False,15.7,0.54,2.87,0,stay_out,True,-1.0,-5.1,77.271,-0.729,False,False,2.3511,,,True,0.6093,True,0.7538,True,-0.5908,True,-0.1834,False,0.4382,False,0.5723
sample-run,qrl,1001,qrl-1001-monza,monza,2026,Monza Grand Prix,6,6,9,10,medium,medium,6,7,0.0,False,False,18.93,1.35,0.72,0,stay_out,True,-1.0,-6.1,78.56,0.56,False,False,2.84,,,True,1.4131,True,-2.1176,True,-0.6854,True,0.1847,False,1.2077,False,0.932
sample-run,qrl,1001,qrl-1001-monza,monza,2026,Monza Grand Prix,7,7,9,10,medium,medium,7,8,0.0,False,False,18.88,2.66,1.5,0,stay_out,True,-1.0,-7.1,78.825,0.825,False,False,3.373,,,True,-0.3081,True,0.3539,True,-1.0538,True,0.5075,False,-0.8639,False,-0.5855
sample-run,qrl,1001,qrl-1001-monza,monza,2026,Monza Grand Prix,8,8,9,10,medium,medium,8,9,0.0,False,False,27.3,2.7,0.95,0,stay_out,True,-1.0,-8.1,79.598,1.598,False,False,2.0631,,,True,1.3728,True,0.0916,True,-1.0768,True,-0.4912,False,-0.7342,False,1.3681
sample-run,qrl,1001,qrl-1001-monza,monza,2026,Monza Grand Prix,9,9,9,10,medium,medium,9,10,0.0,False,False,25.92,1.1,2.61,0,stay_out,True,-1.0,-9.1,80.439,2.439,False,False,3.2589,,,True,1.4173,True,0.9371,True,0.0313,True,-1.2838,False,0.537,False,1.7968
sample-run,qrl,1001,qrl-1001-monza,monza,2026,Monza Grand Prix,10,10,8,9,medium,medium,10,11,0.0,False,False,13.73,2.59,1.46,0,stay_out,True,-0.9,-10.0,79.629,1.629,False,False,1.4288,,,True,-0.0741,True,-0.3414,True,0.9801,True,-0.1751,False,1.7433,False,0.4804
sample-run,qrl,1001,qrl-1001-monza,monza,2026,Monza Grand Prix,11,11,9,10,medium,medium,11,12,0.0,False,False,15.16,1.01,1.62,0,stay_out,True,-1.0,-11.0,80.23,2.23,False,False,2.1655,,,True,0.9052,True,-1.3562,True,0.1595,True,-0.0128,False,-0.2613,False,0.2811
sample-run,qrl,1001,qrl-1001-monza,monza,2026,Monza Grand Prix,12,12,10,11,intermediate,intermediate,0,0,0.038,False,False,29.67,2.51,1.7,4,pit_intermediate,True,-1.15,-12.15,79.308,1.308,False,False,3.3935,,,True,0.1186,True,-0.1067,True,1.2098,True,-2.0112,True,3.1215,True,0.5077
sample-run,qrl,1001,qrl-1001-monza,monza,2026,Monza Grand Prix,13,13,10,11,intermediate,intermediate,0,0,0.383,False,False,27.71,2.52,2.19,4,pit_intermediate,True,-1.15,-13.3,79.611,1.611,False,False,3.2996,,,True,0.3142,True,-0.7208,True,-1.0356,True,-0.0314,True,0.0496,True,0.4226
sample-run,qrl,1001,qrl-1001-monza,monza,2026,Monza Grand Prix,14,14,10,11,intermediate,intermediate,0,1,0.0,False,False,25.98,1.14,2.09,0,stay_out,True,-1.1,-14.4,79.028,1.028,False,False,3.1511,,,True,2.3509,True,-0.0882,True,-0.0619,True,1.0561,False,-0.8088,False,-0.3728
sample-run,qrl,1001,qrl-1001-monza,monza,2026,Monza Grand Prix,15,15,10,11,intermediate,intermediate,1,2,0.0,False,False,23.28,2.73,2.87,0,stay_out,True,-1.1,-15.5,77.323,-0.677,False,False,1.8675,,,True,0.9663,True,-0.846,True,-0.532,True,0.8,False,1.2315,False,1.1153
sample-run,qrl,1001,qrl-1001-monza,monza,2026,Monza Grand Prix,16,16,10,11,intermediate,intermediate,2,3,0.0,False,False,19.57,1.16,2.77,0,stay_out,True,-1.1,-16.6,78.873,0.873,False,False,3.2689,,,True,0.8211,True,2.0795,True,-2.1322,True,-2.1986,False,-0.8448,False,0.463
sample-run,qrl,1001,qrl-1001-monza,monza,2026,Monza Grand Prix,17,17,10,11,intermediate,intermediate,3,4,0.0,False,False,19.74,0.99,2.81,0,stay_out,True,-1.1,-17.7,77.793,-0.207,False,False,2.7321,,,True,2.7605,True,-0.76,True,-0.5466,True,-0.6533,False,1.5232,False,1.4501
sample-run,qrl,1001,qrl-1001-monza,monza,2026,Monza Grand Prix,18,18,11,12,intermediate,intermediate,4,5,0.0,False,False,32.52,2.2,1.65,0,stay_out,True,-1.2,-18.9,76.776,-1.224,False,False,3.0877,,,True,1.1142,True,0.6629,True,-0.9247,True,0.8004,False,0.1942,False,-0.3224
sample-run,qrl,1001,qrl-1001-monza,monza,2026,Monza Grand Prix,19,19,10,11,intermediate,intermediate,5,6,0.0,False,False,29.89,1.82,1.08,0,stay_out,True,-1.1,-20.0,77.015,-0.985,False,False,1.2069,,,True,1.4577,True,1.5338,True,-0.7025,True,-2.4233,False,-0.1984,False,0.409
sample-run,qrl,1001,qrl-1001-monza,monza,2026,Monza Grand Prix,20,20,10,11,intermediate,intermediate,6,7,0.0,False,False,20.84,2.98,1.96,0,stay_out,True,-1.1,-21.1,78.695,0.695,False,False,3.353,,,True,1.2461,True,-0.8958,True,-0.1855,True,-1.0446,False,0.4459,False,0.4809
sample-run,qrl,1001,qrl-1001-monza,monza,2026,Monza Grand Prix,21,21,10,11,intermediate,intermediate,7,8,0.0,False,False,19.92,2.89,1.12,0,stay_out,True,-1.1,-22.2,78.231,0.231,False,False,1.9062,,,True,2.4677,True,0.0847,True,2.4857,True,0.7196,False,-0.3879,False,2.725
sample-run,qrl,1001,qrl-1001-monza,monza,2026,Monza Grand Prix,22,22,9,10,intermediate,intermediate,8,9,0.0,False,False,26.42,2.62,2.59,0,stay_out,True,-1.0,-23.2,79.36,1.36,False,False,2.3333,,,True,1.0019,True,-0.4177,True,0.7978,True,0.1943,False,0.0774,False,0.0646
sample-run,qrl,1001,qrl-1001-monza,monza,2026,Monza Grand Prix,23,23,9,10,intermediate,intermediate,9,10,0.0,False,False,26.56,1.04,2.84,0,stay_out,True,-1.0,-24.2,77.415,-0.585,False,False,1.9396,,,True,2.2623,True,0.8445,True,1.0923,True,0.4513,False,0.5716,False,-0.1776
sample-run,qrl,1001,qrl-1001-monza,monza,2026,Monza Grand Prix,24,24,9,10,intermediate,intermediate,10,11,0.0,False,False,23.12,1.45,1.42,0,stay_out,True,-1.0,-25.2,78.183,0.183,False,False,3.2249,,,True,1.1234,True,-0.5891,True,-0.2387,True,0.2113,False,-0.5688,False,-0.6466
sample-run,qrl,1001,qrl-1001-monza,monza,2026,Monza Grand Prix,25,25,9,10,intermediate,intermediate,11,12,0.0,False,False,15.47,1.7,1.28,0,stay_out,True,-1.0,-26.2,77.001,-0.999,False,False,1.2855,,,True,1.0239,True,-0.5414,True,1.8504,True,-0.0501,False,-1.5646,False,-0.9629
sample-run,qrl,1001,qrl-1001-monza,monza,2026,Monza Grand Prix,26,26,9,10,intermediate,intermediate,12,13,0.0,False,False,22.74,0.71,1.4,0,stay_out,True,-1.0,-27.2,79.244,1.244,False,False,2.0472,,,True,1.4474,True,-1.3556,True,-0.4426,True,-2.8423,False,0.0981,False,0.5757
sample-run,qrl,1001,qrl-1001-monza,monza,2026,Monza Grand Prix,27,27,8,9,intermediate,intermediate,0,0,0.319,False,False,25.14,1.72,2.15,4,pit_intermediate,True,-0.95,-28.15,82.82,4.82,False,False,1.9073,,,True,-1.4478,True,-0.6751,True,-1.0099,True,-1.7918,True,0.8748,True,0.6002
sample-run,qrl,1001,qrl-1001-monza,monza,2026,Monza Grand Prix,28,28,9,10,intermediate,intermediate,0,1,0.0,True,False,25.07,2.35,1.09,0,stay_out,True,-1.0,-29.15,77.432,-0.568,False,False,3.0299,,,True,0.4698,True,-2.2439,True,0.5629,True,-0.0275,False,-0.2328,False,-0.008
sample-run,qrl,1001,qrl-1001-monza,monza,2026,Monza Grand Prix,29,29,9,10,intermediate,intermediate,1,2,0.0,False,False,28.87,2.42,0.83,0,stay_out,True,-1.0,-30.15,79.313,1.313,False,False,2.3566,,,True,3.0778,True,-0.03,True,0.959,True,-0.735,False,-0.3591,False,-0.3802
sample-run,qrl,1001,qrl-1001-monza,monza,2026,Monza Grand Prix,30,30,8,9,intermediate,intermediate,2,3,0.0,False,False,26.47,1.37,2.62,0,stay_out,True,-0.9,-31.05,77.701,-0.299,False,False,3.4649,,,True,1.9293,True,0.4362,True,-0.1919,True,0.3875,False,0.5786,False,-0.4589
sample-run,qrl,1001,qrl-1001-monza,monza,2026,Monza Grand Prix,31,31,7,8,intermediate,intermediate,3,4,0.0,False,False,17.39,1.61,1.71,0,stay_out,True,-0.8,-31.85,77.432,-0.568,False,False,1.2589,,,True,2.1825,True,-0.4686,True,-0.7779,True,-0.7949,False,-0.4331,False,-0.4548
sample-run,qrl,1001,qrl-1001-monza,monza,2026,Monza Grand Prix,32,32,7,8,intermediate,intermediate,4,5,0.0,False,False,19.22,2.18,1.27,0,stay_out,True,-0.8,-32.65,77.017,-0.983,False,False,2.4148,,,True,2.1722,True,-0.2197,True,-0.9023,True,-0.3357,False,0.5695,False,0.9615
sample-run,qrl,1001,qrl-1001-monza,monza,2026,Monza Grand Prix,33,33,6,7,intermediate,intermediate,5,6,0.0,False,False,18.51,1.42,1.0,0,stay_out,True,-0.7,-33.35,77.7,-0.3,False,False,2.6359,,,True,0.8987,True,0.2533,True,1.3582,True,1.5507,False,1.4724,False,0.3357
sample-run,qrl,1001,qrl-1001-monza,monza,2026,Monza Grand Prix,34,34,6,7,intermediate,intermediate,6,7,0.0,False,False,19.78,1.19,1.89,0,stay_out,True,-0.7,-34.05,79.341,1.341,False,False,1.3386,,,True,1.28,True,1.3481,True,-0.4735,True,-0.5082,False,-1.1699,False,-0.1546
sample-run,qrl,1001,qrl-1001-monza,monza,2026,Monza Grand Prix,35,35,6,7,intermediate,intermediate,7,8,0.0,False,False,14.36,1.75,0.89,0,stay_out,True,-0.7,-34.75,77.792,-0.208,False,False,1.6215,,,True,2.53,True,0.7892,True,-1.4085,True,-1.2907,False,1.4499,False,0.0662
sample-run,qrl,1001,qrl-1001-monza,monza,2026,Monza Grand Prix,36,36,7,8,intermediate,intermediate,8,9,0.0,False,False,16.08,2.08,0.97,0,stay_out,True,-0.8,-35.55,76.011,-1.989,False,False,1.4054,,,True,1.9125,True,-0.3465,True,1.5094,True,-0.0241,False,-1.5704,False,-1.1397
sample-run,qrl,1001,qrl-1001-monza,monza,2026,Monza Grand Prix,37,37,7,8,intermediate,intermediate,9,10,0.0,False,False,23.83,1.69,2.22,0,stay_out,True,-0.8,-36.35,76.381,-1.619,False,False,3.2372,,,True,1.465,True,0.6315,True,-0.1559,True,-0.2309,False,-0.3491,False,0.5904
sample-run,qrl,1001,qrl-1001-monza,monza,2026,Monza Grand Prix,38,38,7,8,intermediate,intermediate,10,11,0.0,False,False,23.84,2.12,1.38,0,stay_out,True,-0.8,-37.15,78.506,0.506,False,False,1.3324,,,True,0.7342,True,0.2924,True,0.1092,True,-0.1191,False,-0.5289,False,-1.2416
sample-run,qrl,1001,qrl-1001-monza,monza,2026,Monza Grand Prix,39,39,6,7,intermediate,intermediate,11,12,0.0,False,False,17.06,2.31,0.7,0,stay_out,True,-0.7,-37.85,78.128,0.128,False,False,2.6734,,,True,1.8668,True,-1.3244,True,1.4137,True,1.1647,False,1.0239,False,0.2123
sample-run,qrl,1001,qrl-1001-monza,monza,2026,Monza Grand Prix,40,40,5,6,intermediate,intermediate,12,13,0.0,False,False,17.24,2.96,2.46,0,stay_out,True,-0.6,-38.45,77.661,-0.339,False,False,1.6949,,,True,2.4716,True,-0.2139,True,0.6145,True,-0.3958,False,1.4687,False,-0.4641
sample-run,qrl,1001,qrl-1001-monza,monza,2026,Monza Grand Prix,41,41,4,5,intermediate,intermediate,13,14,0.0,False,False,8.37,0.65,2.17,0,stay_out,True,-0.5,-38.95,77.518,-0.482,False,False,1.811,,,True,2.3492,True,0.582,True,-0.8385,True,0.2059,False,-0.4281,False,-1.5808
sample-run,qrl,1001,qrl-1001-monza,monza,2026,Monza Grand Prix,42,42,3,4,intermediate,intermediate,0,0,0.201,False,False,10.03,2.96,1.74,4,pit_intermediate,True,-0.45,-39.4,80.562,2.562,False,False,1.9364,,,True,0.1751,True,-0.463,True,0.2195,True,-0.2523,True,2.1072,True,1.0596
sample-run,qrl,1001,qrl-1001-monza,monza,2026,Monza Grand Prix,43,43,3,4,intermediate,intermediate,0,1,0.0,False,False,6.72,2.46,2.62,0,stay_out,True,-0.4,-39.8,76.798,-1.202,False,False,2.417,,,True,1.8911,True,-0.2306,True,1.048,True,-1.6329,False,-0.6176,False,-0.6715
sample-run,qrl,1001,qrl-1001-monza,monza,2026,Monza Grand Prix,44,44,3,4,intermediate,intermediate,0,0,0.064,False,False,9.58,1.91,0.71,4,pit_intermediate,True,-0.45,-40.25,79.393,1.393,False,False,2.6115,,,True,-0.6226,True,0.1889,True,-0.3024,True,-1.4629,True,3.3428,True,0.8436
sample-run,qrl,1001,qrl-1001-monza,monza,2026,Monza Grand Prix,45,45,3,4,intermediate,intermediate,0,1,0.0,False,False,9.62,2.1,2.32,0,stay_out,True,-0.4,-40.65,78.893,0.893,False,False,2.656,,,True,1.9061,True,0.6394,True,-0.5427,True,-1.3537,False,1.897,False,-0.0416
sample-run,qrl,1001,qrl-1001-monza,monza,2026,Monza Grand Prix,46,46,2,3,intermediate,intermediate,1,2,0.0,False,False,6.1,2.98,1.37,0,stay_out,True,-0.3,-40.95,76.973,-1.027,False,False,3.1191,,,True,1.5242,True,0.1867,True,-1.299,True,1.2234,False,1.2026,False,0.0505
sample-run,qrl,1001,qrl-1001-monza,monza,2026,Monza Grand Prix,47,47,1,2,intermediate,intermediate,2,3,0.0,False,False,5.57,2.16,2.5,0,stay_out,True,-0.2,-41.15,77.466,-0.534,False,False,2.2784,,,True,0.5879,True,-1.3712,True,0.8154,True,-0.5178,False,-0.5192,False,-0.3184
sample-run,qrl,1001,qrl-1001-monza,monza,2026,Monza Grand Prix,48,48,1,2,intermediate,intermediate,3,4,0.0,False,False,5.26,0.93,1.81,0,stay_out,True,-0.2,-41.35,78.316,0.316,False,False,2.5559,,,True,2.1243,True,1.4817,True,0.7368,True,0.2957,False,-0.1184,False,0.1159
sample-run,qrl,1001,qrl-1001-monza,monza,2026,Monza Grand Prix,49,49,1,2,intermediate,intermediate,4,5,0.0,False,False,4.3,2.64,1.57,0,stay_out,True,-0.2,-41.55,77.381,-0.619,False,False,1.6736,,,True,1.7879,True,1.013,True,0.0276,True,1.527,False,0.7929,False,1.6179
sample-run,qrl,1001,qrl-1001-monza,monza,2026,Monza Grand Prix,50,50,1,1,intermediate,intermediate,5,6,0.0,False,False,2.24,2.81,1.97,0,stay_out,True,-0.1,-41.65,76.182,-1.818,False,False,2.0208,,,True,2.6662,True,0.2904,True,-0.3283,True,-0.9368,False,0.54,False,-0.377
sample-run,qrl,1001,qrl-1001-monza,monza,2026,Monza Grand Prix,51,51,1,2,intermediate,intermediate,6,7,0.0,False,False,4.02,1.97,2.81,0,stay_out,True,-0.2,-41.85,77.191,-0.809,False,False,1.5096,,,True,1.7333,True,0.7112,True,-0.3419,True,0.0079,False,1.2701,False,1.4684
sample-run,qrl,1001,qrl-1001-monza,monza,2026,Monza Grand Prix,52,52,1,1,intermediate,intermediate,7,8,0.0,False,False,2.09,2.52,0.82,0,stay_out,True,-0.1,-41.95,79.171,1.171,True,False,1.205,,,True,2.4882,True,-1.2548,True,0.4473,True,0.0929,False,1.5332,False,1.5303
sample-run,dqn,1002,dqn-1002-monza,monza,2026,Monza Grand Prix,0,0,9,10,medium,medium,0,1,0.0,False,False,17.77,2.97,1.51,0,stay_out,True,-1.0,-1.0,79.213,1.213,False,False,0.6795,,,True,3.3995,True,0.0096,True,0.5035,True,-1.6977,False,0.8384,False,0.8039
sample-run,dqn,1002,dqn-1002-monza,monza,2026,Monza Grand Prix,1,1,9,10,medium,medium,1,2,0.0,False,False,29.96,1.22,2.89,0,stay_out,True,-1.0,-2.0,76.023,-1.977,False,False,0.7302,,,True,3.046,True,1.4687,True,0.7948,True,-0.8169,False,1.7868,False,0.4442
sample-run,dqn,1002,dqn-1002-monza,monza,2026,Monza Grand Prix,2,2,9,10,medium,medium,2,3,0.0,False,False,17.6,2.91,0.51,0,stay_out,True,-1.0,-3.0,79.674,1.674,False,False,0.6598,,,True,3.51,True,-0.5972,True,0.6492,True,1.0516,False,-0.7103,False,-0.6608
sample-run,dqn,1002,dqn-1002-monza,monza,2026,Monza Grand Prix,3,3,9,10,medium,medium,3,4,0.0,False,False,16.49,1.77,2.23,0,stay_out,True,-1.0,-4.0,74.305,-3.695,False,False,0.728,,,True,0.3226,True,-0.2939,True,0.9073,True,-1.9176,False,0.6251,False,0.6518
sample-run,dqn,1002,dqn-1002-monza,monza,2026,Monza Grand Prix,4,4,8,9,medium,medium,4,5,0.0,False,False,16.32,1.28,1.04,0,stay_out,True,-0.9,-4.9,77.491,-0.509,False,False,1.1803,,,True,-0.2372,True,-1.0285,True,0.1689,True,-0.7624,False,-2.2602,False,0.8915
sample-run,dqn,1002,dqn-1002-monza,monza,2026,Monza Grand Prix,5,5,7,8,medium,medium,5,6,0.0,False,False,16.64,1.69,1.81,0,stay_out,True,-0.8,-5.7,78.523,0.523,False,False,0.7355,,,True,1.1158,True,2.3051,True,-0.9595,True,-1.8361,False,0.96,False,-0.2176
sample-run,dqn,1002,dqn-1002-monza,monza,2026,Monza Grand Prix,6,6,6,7,medium,medium,6,7,0.0,False,False,16.86,2.01,2.24,0,stay_out,True,-0.7,-6.4,76.764,-1.236,False,False,0.883,,,True,2.1991,True,-0.9773,True,0.7095,True,-0.8073,False,-0.1153,False,-0.9517
sample-run,dqn,1002,dqn-1002-monza,monza,2026,Monza Grand Prix,7,7,7,8,medium,medium,7,8,0.0,False,False,18.01,0.51,1.9,0,stay_out,True,-0.8,-7.2,77.665,-0.335,False,False,0.8363,,,True,1.1178,True,0.7473,True,-0.0111,True,0.6807,False,-0.8944,False,1.0207
sample-run,dqn,1002,dqn-1002-monza,monza,2026,Monza Grand Prix,8,8,7,8,medium,medium,8,9,0.0,False,False,20.38,2.15,2.61,0,stay_out,True,-0.8,-8.0,76.711,-1.289,False,False,0.6685,,,True,1.8912,True,1.0794,True,0.4412,True,-0.3827,False,-0.3471,False,-0.5313
sample-run,dqn,1002,dqn-1002-monza,monza,2026,Monza Grand Prix,9,9,7,8,medium,medium,9,10,0.0,False,False,15.7,0.92,2.56,0,stay_out,True,-0.8,-8.8,79.254,1.254,False,False,0.9126,,,True,2.8344,True,0.4574,True,-0.5771,True,-0.4282,False,-0.4727,False,0.1405
sample-run,dqn,1002,dqn-1002-monza,monza,2026,Monza Grand Prix,10,10,8,9,medium,medium,10,11,0.0,False,False,14.5,2.43,1.54,0,stay_out,True,-0.9,-9.7,79.467,1.467,False,False,0.7671,,,True,0.7618,True,0.3895,True,-1.3021,True,0.9135,False,1.8815,False,0.2266
sample-run,dqn,1002,dqn-1002-monza,monza,2026,Monza Grand Prix,11,11,9,10,medium,medium,11,12,0.0,False,False,25.46,2.62,1.83,0,stay_out,True,-1.0,-10.7,78.83,0.83,False,False,1.1135,,,True,2.4172,True,-1.3989,True,-0.5475,True,0.2282,False,0.2428,False,2.0477
sample-run,dqn,1002,dqn-1002-monza,monza,2026,Monza Grand Prix,12,12,9,10,medium,medium,12,13,0.0,False,False,17.23,2.1,0.73,0,stay_out,True,-1.0,-11.7,80.043,2.043,False,False,1.185,,,True,1.0503,True,-0.4482,True,-0.5033,True,0.5755,False,1.3675,False,-0.4983
sample-run,dqn,1002,dqn-1002-monza,monza,2026,Monza Grand Prix,13,13,10,11,medium,medium,13,14,0.0,False,False,26.64,0.61,0.83,0,stay_out,True,-1.1,-12.8,76.462,-1.538,False,False,1.043,,,True,1.1801,True,-1.2674,True,0.8605,True,1.0647,False,-1.8999,False,0.6282
sample-run,dqn,1002,dqn-1002-monza,monza,2026,Monza Grand Prix,14,14,10,11,medium,medium,14,15,0.0,False,False,21.27,0.63,1.3,0,stay_out,True,-1.1,-13.9,76.232,-1.768,False,False,0.4512,,,True,0.8026,True,0.5135,True,-1.8956,True,0.2382,False,-0.1224,False,-0.6606
sample-run,dqn,1002,dqn-1002-monza,monza,2026,Monza Grand Prix,15,15,10,11,medium,medium,15,16,0.0,False,True,29.35,1.4,2.13,0,stay_out,True,-1.1,-15.0,80.587,2.587,False,False,0.7146,,,True,2.5847,True,-0.3065,True,-0.6201,True,-1.6669,False,0.7769,False,1.152
sample-run,dqn,1002,dqn-1002-monza,monza,2026,Monza Grand Prix,16,16,10,11,medium,medium,16,17,0.0,False,True,19.3,1.31,2.95,0,stay_out,True,-1.1,-16.1,78.717,0.717,False,False,0.4583,,,True,-0.4475,True,-0.5044,True,-1.6271,True,0.1569,False,-1.2778,False,-1.0747
sample-run,dqn,1002,dqn-1002-monza,monza,2026,Monza Grand Prix,17,17,10,11,medium,medium,17,18,0.0,False,True,27.68,2.18,2.42,0,stay_out,True,-1.1,-17.2,77.796,-0.204,False,False,0.801,,,True,2.8709,True,-0.4806,True,-0.2667,True,0.2037,False,-1.168,False,-0.3433
sample-run,dqn,1002,dqn-1002-monza,monza,2026,Monza Grand Prix,18,18,10,11,medium,medium,18,19,0.0,False,True,28.28,0.54,1.38,0,stay_out,True,-1.1,-18.3,76.964,-1.036,False,False,0.8781,,,True,0.0911,True,-1.3184,True,-0.9684,True,-0.8457,False,-0.1833,False,0.1353
sample-run,dqn,1002,dqn-1002-monza,monza,2026,Monza Grand Prix,19,19,10,11,medium,medium,19,20,0.0,False,True,23.76,1.92,2.06,0,stay_out,True,-1.1,-19.4,78.367,0.367,False,False,1.199,,,True,0.4385,True,0.7656,True,-0.3607,True,-1.2545,False,-1.2037,False,0.2464
sample-run,dqn,1002,dqn-1002-monza,monza,2026,Monza Grand Prix,20,20,10,11,soft,soft,0,0,0.0,False,False,32.9,2.75,1.15,1,pit_soft,True,-0.6,-20.0,81.583,3.583,False,False,1.1859,,,True,-0.8287,True,2.5543,True,-0.2141,True,0.3798,False,-0.6375,False,1.1771
sample-run,dqn,1002,dqn-1002-monza,monza,2026,Monza Grand Prix,21,21,11,12,soft,soft,0,1,0.0,False,False,21.03,1.67,0.68,0,stay_out,True,-1.2,-21.2,77.424,-0.576,False,False,0.5164,,,True,2.2937,True,-0.9938,True,-0.7801,True,-0.278,False,1.4607,False,0.0765
sample-run,dqn,1002,dqn-1002-monza,monza,2026,Monza Grand Prix,22,22,10,11,soft,soft,1,2,0.0,False,False,29.46,1.75,0.77,0,stay_out,True,-1.1,-22.3,79.088,1.088,False,False,0.6195,,,True,1.6778,True,0.737,True,-0.4111,True,0.889,False,0.2793,False,0.976
sample-run,dqn,1002,dqn-1002-monza,monza,2026,Monza Grand Prix,23,23,9,10,soft,soft,2,3,0.0,False,False,27.84,1.0,2.68,0,stay_out,True,-1.0,-23.3,77.33,-0.67,False,False,1.1776,,,True,-1.1325,True,-0.0837,True,-0.8765,True,-1.2062,False,-1.0975,False,-0.2462
sample-run,dqn,1002,dqn-1002-monza,monza,2026,Monza Grand Prix,24,24,9,10,soft,soft,3,4,0.0,False,False,15.01,1.81,2.02,0,stay_out,True,-1.0,-24.3,77.994,-0.006,False,False,0.4128,,,True,0.9241,True,0.2685,True,0.5395,True,2.1482,False,-0.012,False,-0.7008
sample-run,dqn,1002,dqn-1002-monza,monza,2026,Monza Grand Prix,25,25,9,10,soft,soft,4,5,0.0,False,False,23.46,2.25,1.09,0,stay_out,True,-1.0,-25.3,76.519,-1.481,False,False,0.5367,,,True,1.791,True,1.4868,True,1.9332,True,-0.2733,False,-0.107,False,-0.9027
sample-run,dqn,1002,dqn-1002-monza,monza,2026,Monza Grand Prix,26,26,9,10,soft,soft,5,6,0.0,False,False,27.64,1.98,0.59,0,stay_out,True,-1.0,-26.3,78.538,0.538,False,False,0.9012,,,True,1.6001,True,1.4606,True,-0.291,True,0.9847,False,0.9659,False,-0.8638
sample-run,dqn,1002,dqn-1002-monza,monza,2026,Monza Grand Prix,27,27,9,10,soft,soft,6,7,0.0,False,False,19.04,2.6,1.53,0,stay_out,True,-1.0,-27.3,79.452,1.452,False,False,0.7166,,,True,3.152,True,-0.4998,True,0.115,True,0.6891,False,1.028,False,-0.0943
sample-run,dqn,1002,dqn-1002-monza,monza,2026,Monza Grand Prix,28,28,9,10,soft,soft,7,8,0.0,False,False,26.15,2.05,2.77,0,stay_out,True,-1.0,-28.3,78.691,0.691,False,False,1.0112,,,True,2.4699,True,-1.1124,True,-0.7351,True,-0.5932,False,0.1138,False,-0.364
sample-run,dqn,1002,dqn-1002-monza,monza,2026,Monza Grand Prix,29,29,9,10,soft,soft,8,9,0.0,False,False,17.33,2.98,1.56,0,stay_out,True,-1.0,-29.3,79.769,1.769,False,False,0.9318,,,True,-0.9791,True,0.4107,True,0.0622,True,-0.0552,False,0.3379,False,0.287
sample-run,dqn,1002,dqn-1002-monza,monza,2026,Monza Grand Prix,30,30,8,9,soft,soft,9,10,0.0,False,False,13.96,1.25,2.85,0,stay_out,True,-0.9,-30.2,75.667,-2.333,False,False,0.4499,,,True,1.322,True,-0.5338,True,-1.3489,True,-0.8249,False,1.3123,False,-1.4874
sample-run,dqn,1002,dqn-1002-monza,monza,2026,Monza Grand Prix,31,31,7,8,soft,soft,10,11,0.0,False,False,16.68,1.96,2.84,0,stay_out,True,-0.8,-31.0,76.925,-1.075,False,False,0.62,,,True,2.4654,True,0.3662,True,1.4771,True,1.1026,False,-0.7141,False,0.8311
sample-run,dqn,1002,dqn-1002-monza,monza,2026,Monza Grand Prix,32,32,7,8,soft,soft,11,12,0.0,False,False,16.32,1.34,1.15,0,stay_out,True,-0.8,-31.8,78.912,0.912,False,False,0.4697,,,True,1.8701,True,-0.1097,True,0.6986,True,1.3048,False,-0.554,False,-1.7937
sample-run,dqn,1002,dqn-1002-monza,monza,2026,Monza Grand Prix,33,33,7,8,intermediate,intermediate,0,0,0.244,False,False,20.14,0.95,2.29,4,pit_intermediate,True,-0.85,-32.65,80.689,2.689,False,False,1.0473,,,True,-0.8308,True,0.6461,True,-1.3482,True,-2.0851,True,2.0157,True,1.0586
sample-run,dqn,1002,dqn-1002-monza,monza,2026,Monza Grand Prix,34,34,7,8,intermediate,intermediate,0,1,0.0,False,False,22.25,2.11,1.53,0,stay_out,True,-0.8,-33.45,75.835,-2.165,False,False,0.5856,,,True,2.1342,True,-0.6175,True,-0.0271,True,0.5561,False,-0.486,False,-1.4045
sample-run,dqn,1002,dqn-1002-monza,monza,2026,Monza Grand Prix,35,35,7,8,intermediate,intermediate,0,0,0.02,False,False,13.49,1.51,1.58,4,pit_intermediate,True,-0.85,-34.3,81.629,3.629,False,False,0.8739,,,True,1.2025,True,-0.9205,True,0.9469,True,-1.0099,True,2.1467,True,-1.604
sample-run,dqn,1002,dqn-1002-monza,monza,2026,Monza Grand Prix,36,36,7,8,intermediate,intermediate,0,1,0.0,False,False,20.4,2.72,1.42,0,stay_out,True,-0.8,-35.1,79.398,1.398,False,False,0.8396,,,True,0.8789,True,-0.7461,True,0.0635,True,-0.8536,False,0.8863,False,-1.994
sample-run,dqn,1002,dqn-1002-monza,monza,2026,Monza Grand Prix,37,37,8,9,intermediate,intermediate,0,0,0.178,False,False,16.09,1.23,1.15,4,pit_intermediate,True,-0.95,-36.05,82.959,4.959,False,False,1.1419,,,True,1.3608,True,2.3294,True,0.4191,True,-2.0497,True,1.0554,True,-0.2435
sample-run,dqn,1002,dqn-1002-monza,monza,2026,Monza Grand Prix,38,38,9,10,intermediate,intermediate,0,1,0.0,False,False,26.25,1.02,2.1,0,stay_out,True,-1.0,-37.05,78.562,0.562,False,False,0.5769,,,True,2.2303,True,-0.7713,True,0.4611,True,-0.4524,False,-1.0938,False,0.4484
sample-run,dqn,1002,dqn-1002-monza,monza,2026,Monza Grand Prix,39,39,8,9,intermediate,intermediate,1,2,0.0,False,False,24.09,0.73,2.68,0,stay_out,True,-0.9,-37.95,81.014,3.014,False,False,0.5777,,,True,1.4287,True,-0.0797,True,-0.5197,True,0.9741,False,0.4375,False,0.1698
sample-run,dqn,1002,dqn-1002-monza,monza,2026,Monza Grand Prix,40,40,8,9,intermediate,intermediate,2,3,0.0,False,False,25.18,2.13,1.72,0,stay_out,True,-0.9,-38.85,76.584,-1.416,False,False,0.7768,,,True,1.1236,True,-0.6899,True,-0.1411,True,-1.3197,False,-1.7649,False,-0.3583
sample-run,dqn,1002,dqn-1002-monza,monza,2026,Monza Grand Prix,41,41,8,9,intermediate,intermediate,3,4,0.0,False,False,22.71,0.71,1.74,0,stay_out,True,-0.9,-39.75,77.786,-0.214,False,False,1.048,,,True,0.7049,True,-1.7357,True,-0.8629,True,-0.0689,False,-0.9488,False,0.117
sample-run,dqn,1002,dqn-1002-monza,monza,2026,Monza Grand Prix,42,42,8,9,intermediate,intermediate,4,5,0.0,False,False,23.49,2.41,2.11,0,stay_out,True,-0.9,-40.65,80.254,2.254,False,False,1.1397,,,True,0.8428,True,-1.5826,True,-1.8489,True,-0.7382,False,-0.4024,False,-0.9433
sample-run,dqn,1002,dqn-1002-monza,monza,2026,Monza Grand Prix,43,43,8,9,intermediate,intermediate,5,6,0.0,False,False,25.22,2.91,2.1,0,stay_out,True,-0.9,-41.55,76.618,-1.382,False,False,0.8232,,,True,2.9771,True,0.4703,True,0.3058,True,0.0854,False,-2.2433,False,-0.4807
sample-run,dqn,1002,dqn-1002-monza,monza,2026,Monza Grand Prix,44,44,7,8,intermediate,intermediate,0,0,0.225,False,False,15.22,0.73,2.15,4,pit_intermediate,True,-0.85,-42.4,80.82,2.82,False,False,1.1056,,,True,0.2639,True,-0.1152,True,0.1826,True,-0.1755,True,2.2957,True,1.0654
sample-run,dqn,1002,dqn-1002-monza,monza,2026,Monza Grand Prix,45,45,7,8,intermediate,intermediate,0,1,0.0,False,False,16.95,1.71,1.88,0,stay_out,True,-0.8,-43.2,78.371,0.371,False,False,0.947,,,True,2.2087,True,-0.8804,True,-0.4408,True,-0.2986,False,-0.1657,False,-1.4274
sample-run,dqn,1002,dqn-1002-monza,monza,2026,Monza Grand Prix,46,46,7,8,intermediate,intermediate,1,2,0.0,False,False,20.11,1.94,2.72,0,stay_out,True,-0.8,-44.0,78.853,0.853,False,False,1.0477,,,True,0.8496,True,-0.1232,True,0.8778,True,0.113,False,0.0838,False,-1.161
sample-run,dqn,1002,dqn-1002-monza,monza,2026,Monza Grand Prix,47,47,7,8,intermediate,intermediate,2,3,0.0,False,False,17.35,2.99,0.88,0,stay_out,True,-0.8,-44.8,79.421,1.421,False,False,0.604,,,True,-0.4476,True,1.134,True,-1.4624,True,1.8542,False,-0.3559,False,-0.7834
sample-run,dqn,1002,dqn-1002-monza,monza,2026,Monza Grand Prix,48,48,7,8,intermediate,intermediate,3,4,0.0,False,False,21.57,1.62,1.78,0,stay_out,True,-0.8,-45.6,78.004,0.004,False,False,0.4559,,,True,2.4082,True,0.1753,True,-3.5983,True,-1.6427,False,-1.2109,False,-0.3982
sample-run,dqn,1002,dqn-1002-monza,monza,2026,Monza Grand Prix,49,49,7,8,intermediate,intermediate,4,5,0.0,False,False,12.4,2.71,0.69,0,stay_out,True,-0.8,-46.4,77.031,-0.969,False,False,1.0118,,,True,1.744,True,-1.619,True,-0.3078,True,-1.0074,False,1.0411,False,-1.022
sample-run,dqn,1002,dqn-1002-monza,monza,2026,Monza Grand Prix,50,50,7,8,intermediate,intermediate,5,6,0.0,False,False,21.9,2.27,1.09,0,stay_out,True,-0.8,-47.2,79.216,1.216,False,False,0.5543,,,True,1.7827,True,-1.249,True,2.5392,True,0.1729,False,-1.8359,False,0.9909
sample-run,dqn,1002,dqn-1002-monza,monza,2026,Monza Grand Prix,51,51,8,9,intermediate,intermediate,6,7,0.0,False,False,24.85,2.99,2.12,0,stay_out,True,-0.9,-48.1,79.439,1.439,False,False,0.9657,,,True,0.8147,True,1.3106,True,0.6423,True,0.9531,False,-0.6137,False,-1.6406
sample-run,dqn,1002,dqn-1002-monza,monza,2026,Monza Grand Prix,52,52,9,10,intermediate,intermediate,7,8,0.0,False,False,22.27,1.0,1.25,0,stay_out,True,-1.0,-49.1,77.377,-0.623,True,False,0.5576,,,True,2.4337,True,0.8962,True,-0.9789,True,-1.247,False,1.5248,False,-0.2235
sample-run,qrl,1002,qrl-1002-monza,monza,2026,Monza Grand Prix,0,0,14,15,medium,medium,0,1,0.0,False,False,26.36,2.45,1.43,0,stay_out,True,-1.5,-1.5,77.705,-0.295,False,False,2.833,,,True,2.8081,True,0.8481,True,0.0825,True,0.1711,False,-0.9652,False,-0.321
sample-run,qrl,1002,qrl-1002-monza,monza,2026,Monza Grand Prix,1,1,15,16,medium,medium,1,2,0.0,False,False,26.92,1.87,2.82,0,stay_out,True,-1.6,-3.1,80.462,2.462,False,False,2.4042,,,True,0.5049,True,-1.3125,True,-1.1687,True,1.6052,False,-0.824,False,-0.8899
sample-run,qrl,1002,qrl-1002-monza,monza,2026,Monza Grand Prix,2,2,16,17,intermediate,intermediate,0,0,0.089,False,False,42.07,2.79,1.33,4,pit_intermediate,True,-1.75,-4.85,79.559,1.559,False,False,1.4984,,,True,-1.1098,True,-0.9051,True,-0.6289,True,-0.0001,True,1.6162,True,1.4723
sample-run,qrl,1002,qrl-1002-monza,monza,2026,Monza Grand Prix,3,3,16,17,intermediate,intermediate,0,1,0.0,False,False,47.6,2.4,1.39,0,stay_out,True,-1.7,-6.55,78.355,0.355,False,False,2.2513,,,True,1.1613,True,-0.3301,True,-2.1628,True,-0.3055,False,1.0718,False,-0.2776
sample-run,qrl,1002,qrl-1002-monza,monza,2026,Monza Grand Prix,4,4,17,18,intermediate,intermediate,1,2,0.0,False,False,45.48,2.66,2.23,0,stay_out,True,-1.8,-8.35,77.845,-0.155,False,False,2.2572,,,True,2.9874,True,2.4711,True,-0.7125,True,-0.2401,False,0.1454,False,-0.0455
sample-run,qrl,1002,qrl-1002-monza,monza,2026,Monza Grand Prix,5,5,18,19,intermediate,intermediate,0,0,0.231,False,False,54.71,2.42,1.51,4,pit_intermediate,True,-1.95,-10.3,81.25,3.25,False,False,1.9552,,,True,-1.4341,True,0.5505,True,-0.1882,True,0.8949,True,3.8098,True,-0.388
sample-run,qrl,1002,qrl-1002-monza,monza,2026,Monza Grand Prix,6,6,17,18,intermediate,intermediate,0,0,0.111,False,False,39.23,0.62,2.95,4,pit_intermediate,True,-1.85,-12.15,81.31,3.31,False,False,1.7734,,,True,-0.9462,True,1.0483,True,0.0324,True,0.8318,True,2.92,True,-0.3487
sample-run,qrl,1002,qrl-1002-monza,monza,2026,Monza Grand Prix,7,7,18,19,intermediate,intermediate,0,1,0.0,False,False,51.25,0.98,1.4,0,stay_out,True,-1.9,-14.05,80.384,2.384,False,False,2.4613,,,True,0.7858,True,0.4816,True,-0.2241,True,0.7462,False,0.6173,False,0.2699
sample-run,qrl,1002,qrl-1002-monza,monza,2026,Monza Grand Prix,8,8,18,19,intermediate,intermediate,1,2,0.0,False,False,49.13,0.76,0.91,0,stay_out,True,-1.9,-15.95,78.517,0.517,False,False,3.1746,,,True,1.8939,True,0.7456,True,0.6295,True,-0.0803,False,0.2193,False,1.456
sample-run,qrl,1002,qrl-1002-monza,monza,2026,Monza Grand Prix,9,9,18,19,intermediate,intermediate,2,3,0.0,False,False,55.12,1.21,2.79,0,stay_out,True,-1.9,-17.85,78.976,0.976,False,False,2.3193,,,True,0.9934,True,1.0127,True,-0.4256,True,-1.5065,False,-0.9247,False,0.1518
sample-run,qrl,1002,qrl-1002-monza,monza,2026,Monza Grand Prix,10,10,17,18,intermediate,intermediate,3,4,0.0,False,False,49.14,1.58,2.88,0,stay_out,True,-1.8,-19.65,79.995,1.995,False,False,2.5011,,,True,3.9513,True,1.1649,True,-0.1342,True,0.7336,False,-1.1617,False,-0.4164
sample-run,qrl,1002,qrl-1002-monza,monza,2026,Monza Grand Prix,11,11,18,19,intermediate,intermediate,4,5,0.0,False,False,56.44,2.07,1.0,0,stay_out,True,-1.9,-21.55,79.134,1.134,False,False,2.3978,,,True,0.0517,True,0.3979,True,-0.3886,True,-0.0325,False,-0.9643,False,0.6172
sample-run,qrl,1002,qrl-1002-monza,monza,2026,Monza Grand Prix,12,12,17,18,intermediate,intermediate,5,6,0.0,False,False,38.95,1.88,1.23,0,stay_out,True,-1.8,-23.35,76.023,-1.977,False,False,2.1089,,,True,1.7694,True,0.7995,True,-0.9788,True,-0.246,False,-0.3279,False,-0.2405
sample-run,qrl,1002,qrl-1002-monza,monza,2026,Monza Grand Prix,13,13,18,19,intermediate,intermediate,6,7,0.0,False,False,38.87,2.35,1.29,0,stay_out,True,-1.9,-25.25,79.372,1.372,False,False,1.5422,,,True,0.7358,True,1.1498,True,1.0633,True,0.3418,False,-1.0126,False,0.1531
sample-run,qrl,1002,qrl-1002-monza,monza,2026,Monza Grand Prix,14,14,19,20,intermediate,intermediate,7,8,0.0,False,False,44.87,2.33,1.31,0,stay_out,True,-2.0,-27.25,79.005,1.005,False,False,2.4647,,,True,0.7874,True,0.4563,True,1.0661,True,0.0293,False,0.2029,False,0.3208
sample-run,qrl,1002,qrl-1002-monza,monza,2026,Monza Grand Prix,15,15,19,20,intermediate,intermediate,8,9,0.0,False,False,59.75,1.86,2.3,0,stay_out,True,-2.0,-29.25,76.637,-1.363,False,False,2.3188,,,True,0.6471,True,0.6226,True,-0.3247,True,1.2853,False,-0.7302,False,0.6072
sample-run,qrl,1002,qrl-1002-monza,monza,2026,Monza Grand Prix,16,16,19,20,intermediate,intermediate,9,10,0.0,False,False,59.9,1.68,0.84,0,stay_out,True,-2.0,-31.25,79.45,1.45,False,False,3.2305,,,True,2.0365,True,-0.383,True,0.8971,True,-0.1578,False,-0.2691,False,1.2096
sample-run,qrl,1002,qrl-1002-monza,monza,2026,Monza Grand Prix,17,17,18,19,intermediate,intermediate,10,11,0.0,False,False,32.77,0.54,2.44,0,stay_out,True,-1.9,-33.15,78.879,0.879,False,False,2.8027,,,True,0.443,True,1.2897,True,0.7673,True,0.9823,False,-0.2892,False,0.0167
sample-run,qrl,1002,qrl-1002-monza,monza,2026,Monza Grand Prix,18,18,18,19,intermediate,intermediate,11,12,0.0,False,False,41.88,2.25,1.39,0,stay_out,True,-1.9,-35.05,78.861,0.861,False,False,2.9454,,,True,2.6196,True,0.2989,True,-0.5407,True,0.8085,False,1.167,False,0.2036
sample-run,qrl,1002,qrl-1002-monza,monza,2026,Monza Grand Prix,19,19,18,19,intermediate,intermediate,12,13,0.0,False,False,34.63,1.64,1.28,0,stay_out,True,-1.9,-36.95,76.997,-1.003,False,False,3.0589,,,True,1.5415,True,0.4402,True,1.2498,True,0.9498,False,-0.0937,False,-0.6604
sample-run,qrl,1002,qrl-1002-monza,monza,2026,Monza Grand Prix,20,20,17,18,intermediate,intermediate,13,14,0.0,False,False,41.91,1.88,0.65,0,stay_out,True,-1.8,-38.75,79.918,1.918,False,False,3.056,,,True,3.2568,True,-0.0167,True,0.185,True,-0.4915,False,-0.0061,False,0.4234
sample-run,qrl,1002,qrl-1002-monza,monza,2026,Monza Grand Prix,21,21,16,17,intermediate,intermediate,14,15,0.0,False,False,35.25,1.21,2.81,0,stay_out,True,-1.7,-40.45,79.025,1.025,False,False,3.0042,,,True,0.7097,True,0.7741,True,-0.908,True,-1.2071,False,-0.8721,False,1.4588
sample-run,qrl,1002,qrl-1002-monza,monza,2026,Monza Grand Prix,22,22,15,16,intermediate,intermediate,15,16,0.0,False,True,46.06,2.27,0.59,0,stay_out,True,-1.6,-42.05,79.557,1.557,False,False,1.8102,,,True,0.5236,True,1.0796,True,1.663,True,0.0993,False,-0.5389,False,0.3871
sample-run,qrl,1002,qrl-1002-monza,monza,2026,Monza Grand Prix,23,23,15,16,intermediate,intermediate,16,17,0.0,False,True,32.0,1.71,1.51,0,stay_out,True,-1.6,-43.65,80.611,2.611,False,False,3.3481,,,True,1.71,True,-0.4249,True,0.8096,True,2.4842,False,1.1441,False,-0.4611
sample-run,qrl,1002,qrl-1002-monza,monza,2026,Monza Grand Prix,24,24,15,16,intermediate,intermediate,17,18,0.0,False,True,30.05,2.15,1.24,0,stay_out,True,-1.6,-45.25,78.993,0.993,False,False,2.3266,,,True,1.0847,True,-0.3181,True,0.8062,True,0.6529,False,-1.1025,False,-0.4631
sample-run,qrl,1002,qrl-1002-monza,monza,2026,Monza Grand Prix,25,25,15,16,intermediate,intermediate,18,19,0.0,False,True,46.05,0.66,0.81,0,stay_out,True,-1.6,-46.85,79.042,1.042,False,False,2.6394,,,True,1.8857,True,1.3642,True,0.7456,True,1.3707,False,-0.5187,False,-0.8838
sample-run,qrl,1002,qrl-1002-monza,monza,2026,Monza Grand Prix,26,26,14,15,intermediate,intermediate,19,20,0.0,False,True,43.57,2.76,1.37,0,stay_out,True,-1.5,-48.35,79.628,1.628,False,False,1.5509,,,True,-0.2713,True,-0.0897,True,1.5928,True,-0.2532,False,0.0868,False,0.5776
sample-run,qrl,1002,qrl-1002-monza,monza,2026,Monza Grand Prix,27,27,14,15,intermediate,intermediate,20,21,0.0,False,True,29.94,2.69,2.19,0,stay_out,True,-1.5,-49.85,76.879,-1.121,False,False,2.4109,,,True,0.1908,True,-0.2326,True,-0.5993,True,0.7536,False,-0.0489,False,0.203
sample-run,qrl,1002,qrl-1002-monza,monza,2026,Monza Grand Prix,28,28,14,15,intermediate,intermediate,0,0,0.24,False,False,29.37,1.75,2.06,4,pit_intermediate,True,-1.0,-50.85,80.001,2.001,False,False,2.5904,,,True,0.0973,True,-0.7316,True,1.0371,True,-0.551,True,3.1639,True,-0.6091
sample-run,qrl,1002,qrl-1002-monza,monza,2026,Monza Grand Prix,29,29,14,15,intermediate,intermediate,0,1,0.0,False,False,22.6,0.67,2.86,0,stay_out,True,-1.5,-52.35,77.738,-0.262,False,False,2.2418,,,True,2.0622,True,0.2037,True,-1.1686,True,-1.6553,False,-0.6599,False,-1.992
sample-run,qrl,1002,qrl-1002-monza,monza,2026,Monza Grand Prix,30,30,14,15,intermediate,intermediate,1,2,0.0,False,False,23.71,0.56,1.75,0,stay_out,True,-1.5,-53.85,78.811,0.811,False,False,2.3465,,,True,2.0564,True,-0.3567,True,-0.5942,True,0.7524,False,0.9075,False,-2.0385
sample-run,qrl,1002,qrl-1002-monza,monza,2026,Monza Grand Prix,31,31,13,14,intermediate,intermediate,2,3,0.0,False,False,32.81,1.69,0.51,0,stay_out,True,-1.4,-55.25,77.659,-0.341,False,False,2.4033,,,True,2.8163,True,0.8917,True,0.3347,True,0.53,False,1.9483,False,-0.0554
sample-run,qrl,1002,qrl-1002-monza,monza,2026,Monza Grand Prix,32,32,14,15,intermediate,intermediate,3,4,0.0,False,False,24.09,2.31,1.98,0,stay_out,True,-1.5,-56.75,76.8,-1.2,False,False,2.2728,,,True,0.7456,True,-0.7779,True,1.0492,True,0.8112,False,0.104,False,-1.3828
sample-run,qrl,1002,qrl-1002-monza,monza,2026,Monza Grand Prix,33,33,14,15,intermediate,intermediate,4,5,0.0,False,False,24.32,1.13,1.25,0,stay_out,True,-1.5,-58.25,77.704,-0.296,False,False,2.1893,,,True,0.7322,True,-0.7774,True,-0.9893,True,0.8352,False,-1.0269,False,-0.4245
sample-run,qrl,1002,qrl-1002-monza,monza,2026,Monza Grand Prix,34,34,15,16,intermediate,intermediate,5,6,0.0,False,False,25.21,2.05,1.59,0,stay_out,True,-1.6,-59.85,79.453,1.453,False,False,3.4594,,,True,2.308,True,-0.3407,True,0.0709,True,0.2562,False,0.6897,False,-0.877
sample-run,qrl,1002,qrl-1002-monza,monza,2026,Monza Grand Prix,35,35,15,16,intermediate,intermediate,6,7,0.0,False,False,42.06,0.79,2.35,0,stay_out,True,-1.6,-61.45,77.578,-0.422,False,False,1.6313,,,True,-0.1056,True,0.2193,True,0.6096,True,0.6468,False,0.3657,False,-0.6902
sample-run,qrl,1002,qrl-1002-monza,monza,2026,Monza Grand Prix,36,36,14,15,intermediate,intermediate,7,8,0.0,False,False,27.68,1.66,1.53,0,stay_out,True,-1.5,-62.95,78.638,0.638,False,False,3.5036,,,True,2.3538,True,-0.0713,True,-1.3327,True,-0.4793,False,0.517,False,-0.4082
sample-run,qrl,1002,qrl-1002-monza,monza,2026,Monza Grand Prix,37,37,13,14,intermediate,intermediate,8,9,0.0,False,False,29.95,0.64,2.66,0,stay_out,True,-1.4,-64.35,77.102,-0.898,False,False,3.2085,,,True,1.8139,True,0.3784,True,-1.023,True,-0.556,False,-0.4699,False,-0.6109
sample-run,qrl,1002,qrl-1002-monza,monza,2026,Monza Grand Prix,38,38,13,14,intermediate,intermediate,9,10,0.0,False,False,33.16,1.13,1.04,0,stay_out,True,-1.4,-65.75,78.687,0.687,False,False,1.474,,,True,0.969,True,0.1453,True,-0.2726,True,-0.9546,False,-0.4224,False,0.4036
sample-run,qrl,1002,qrl-1002-monza,monza,2026,Monza Grand Prix,39,39,13,14,intermediate,intermediate,10,11,0.0,False,False,29.81,0.97,2.99,0,stay_out,True,-1.4,-67.15,80.116,2.116,False,False,1.2579,,,True,0.3958,True,1.5752,True,-0.5408,True,-0.8055,False,-0.0543,False,-0.8969
sample-run,qrl,1002,qrl-1002-monza,monza,2026,Monza Grand Prix,40,40,13,14,intermediate,intermediate,11,12,0.0,False,False,27.39,2.97,0.78,0,stay_out,True,-1.4,-68.55,76.914,-1.086,False,False,2.3627,,,True,1.9385,True,1.0489,True,-0.6927,True,-1.7249,False,0.4059,False,1.0891
sample-run,qrl,1002,qrl-1002-monza,monza,2026,Monza Grand Prix,41,41,13,14,intermediate,intermediate,12,13,0.0,False,False,39.44,1.94,2.59,0,stay_out,True,-1.4,-69.95,77.561,-0.439,False,False,3.534,,,True,-0.1313,True,0.9879,True,-0.2402,True,-0.6513,False,0.7348,False,1.2765
sample-run,qrl,1002,qrl-1002-monza,monza,2026,Monza Grand Prix,42,42,12,13,intermediate,intermediate,13,14,0.0,False,False,22.17,2.27,1.93,0,stay_out,True,-1.3,-71.25,78.995,0.995,False,False,2.1493,,,True,1.2948,True,1.0868,True,2.0293,True,-0.6335,False,1.1331,False,-0.6015
sample-run,qrl,1002,qrl-1002-monza,monza,2026,Monza Grand Prix,43,43,11,12,intermediate,intermediate,14,15,0.0,False,False,21.9,0.69,1.48,0,stay_out,True,-1.2,-72.45,78.42,0.42,False,False,2.6634,,,True,2.1342,True,0.4841,True,0.5709,True,0.6668,False,0.5921,False,-1.19
sample-run,qrl,1002,qrl-1002-monza,monza,2026,Monza Grand Prix,44,44,11,12,intermediate,intermediate,15,16,0.0,False,True,24.53,1.2,2.47,0,stay_out,True,-1.2,-73.65,77.102,-0.898,False,False,2.0384,,,True,2.1438,True,1.1159,True,-1.5138,True,1.8058,False,-1.8862,False,1.1476
sample-run,qrl,1002,qrl-1002-monza,monza,2026,Monza Grand Prix,45,45,10,11,intermediate,intermediate,16,17,0.0,False,True,30.18,1.26,2.76,0,stay_out,True,-1.1,-74.75,79.715,1.715,False,False,3.3649,,,True,0.5205,True,-0.1147,True,0.9781,True,-0.6434,False,2.1851,False,-0.391
sample-run,qrl,1002,qrl-1002-monza,monza,2026,Monza Grand Prix,46,46,11,12,intermediate,intermediate,17,18,0.0,False,True,24.01,1.84,0.82,0,stay_out,True,-1.2,-75.95,78.208,0.208,False,False,2.1067,,,True,2.5487,True,-0.3695,True,-1.0637,True,0.1266,False,-1.0007,False,-1.3215
sample-run,qrl,1002,qrl-1002-monza,monza,2026,Monza Grand Prix,47,47,12,13,medium,medium,0,0,0.0,False,False,21.55,1.75,1.27,2,pit_medium,True,-0.8,-76.75,81.57,3.57,False,False,1.8971,,,True,1.6046,True,0.7265,True,1.796,True,0.4297,False,-0.102,False,-0.0055
sample-run,qrl,1002,qrl-1002-monza,monza,2026,Monza Grand Prix,48,48,11,12,medium,medium,0,1,0.0,False,False,26.82,2.82,1.02,0,stay_out,True,-1.2,-77.95,76.383,-1.617,False,False,2.8806,,,True,1.0041,True,0.2893,True,-0.3024,True,-0.9957,False,-0.3344,False,0.9116
sample-run,qrl,1002,qrl-1002-monza,monza,2026,Monza Grand Prix,49,49,12,13,medium,medium,1,2,0.0,False,False,35.01,1.47,1.13,0,stay_out,True,-1.3,-79.25,77.857,-0.143,False,False,1.8143,,,True,3.9322,True,1.7161,True,-1.75,True,0.6725,False,0.1166,False,-0.7856
sample-run,qrl,1002,qrl-1002-monza,monza,2026,Monza Grand Prix,50,50,12,13,medium,medium,2,3,0.0,False,False,21.75,1.11,2.3,0,stay_out,True,-1.3,-80.55,78.474,0.474,False,False,2.9368,,,True,2.8336,True,-0.2484,True,0.2714,True,-0.314,False,1.6736,False,-0.6856
sample-run,qrl,1002,qrl-1002-monza,monza,2026,Monza Grand Prix,51,51,13,14,medium,medium,3,4,0.0,False,False,41.75,0.77,2.75,0,stay_out,True,-1.4,-81.95,79.187,1.187,False,False,3.0973,,,True,0.7407,True,0.8459,True,-0.8721,True,-1.0736,False,-1.6713,False,-0.7726
sample-run,qrl,1002,qrl-1002-monza,monza,2026,Monza Grand Prix,52,52,14,15,medium,medium,4,5,0.0,False,False,43.1,1.46,2.69,0,stay_out,True,-1.5,-83.45,78.068,0.068,True,False,2.6996,,,True,1.7828,True,0.1501,True,-0.4541,True,-0.8529,False,0.2073,False,-0.9165
sample-run,dqn,1003,dqn-1003-monza,monza,2026,Monza Grand Prix,0,0,12,13,medium,medium,0,1,0.0,False,False,33.71,2.8,1.85,0,stay_out,True,-1.3,-1.3,77.888,-0.112,False,False,0.9459,,,True,1.2246,True,0.305,True,-1.095,True,1.723,False,0.3982,False,-0.283
sample-run,dqn,1003,dqn-1003-monza,monza,2026,Monza Grand Prix,1,1,11,12,medium,medium,1,2,0.0,False,False,33.32,2.39,2.78,0,stay_out,True,-1.2,-2.5,79.848,1.848,False,False,0.6612,,,True,1.435,True,-1.0964,True,-1.2851,True,-0.555,False,-0.0457,False,-1.6749
sample-run,dqn,1003,dqn-1003-monza,monza,2026,Monza Grand Prix,2,2,12,13,medium,medium,2,3,0.0,False,False,32.41,2.88,2.97,0,stay_out,True,-1.3,-3.8,78.012,0.012,False,False,0.8583,,,True,2.1134,True,-0.4851,True,-0.427,True,0.5,False,1.2698,False,-0.0203
sample-run,dqn,1003,dqn-1003-monza,monza,2026,Monza Grand Prix,3,3,12,13,medium,medium,3,4,0.0,False,False,34.06,1.71,1.39,0,stay_out,True,-1.3,-5.1,81.613,3.613,False,False,0.6409,,,True,0.5659,True,0.3712,True,1.21,True,0.8005,False,-0.2553,False,-0.293
sample-run,dqn,1003,dqn-1003-monza,monza,2026,Monza Grand Prix,4,4,13,14,medium,medium,4,5,0.0,False,False,28.47,1.06,2.3,0,stay_out,True,-1.4,-6.5,76.954,-1.046,False,False,0.8395,,,True,-0.0392,True,-1.8297,True,1.5322,True,-0.1452,False,0.2107,False,2.0574
sample-run,dqn,1003,dqn-1003-monza,monza,2026,Monza Grand Prix,5,5,13,14,medium,medium,5,6,0.0,True,False,27.7,2.44,1.27,0,stay_out,True,-1.4,-7.9,77.484,-0.516,False,False,0.9033,,,True,1.8448,True,1.388,True,-1.762,True,0.1716,False,1.2535,False,0.4561
sample-run,dqn,1003,dqn-1003-monza,monza,2026,Monza Grand Prix,6,6,13,14,medium,medium,6,7,0.0,False,False,26.53,2.96,2.96,0,stay_out,True,-1.4,-9.3,77.307,-0.693,False,False,1.099,,,True,2.5911,True,-1.5086,True,-1.2339,True,1.3534,False,0.078,False,0.6566
sample-run,dqn,1003,dqn-1003-monza,monza,2026,Monza Grand Prix,7,7,13,14,medium,medium,7,8,0.0,False,False,39.09,2.29,1.71,0,stay_out,True,-1.4,-10.7,76.57,-1.43,False,False,0.5341,,,True,0.7422,True,-0.7485,True,-0.1525,True,-0.6785,False,-0.5668,False,-2.8074
sample-run,dqn,1003,dqn-1003-monza,monza,2026,Monza Grand Prix,8,8,13,14,medium,medium,8,9,0.0,False,False,35.18,2.41,2.03,0,stay_out,True,-1.4,-12.1,78.277,0.277,False,False,0.7755,,,True,0.1509,True,0.4124,True,0.0776,True,0.237,False,-1.0287,False,0.6919
sample-run,dqn,1003,dqn-1003-monza,monza,2026,Monza Grand Prix,9,9,12,13,medium,medium,9,10,0.0,False,False,26.27,1.57,2.08,0,stay_out,True,-1.3,-13.4,75.759,-2.241,False,False,0.5615,,,True,1.563,True,0.5059,True,1.004,True,0.538,False,-0.3659,False,-1.5812
sample-run,dqn,1003,dqn-1003-monza,monza,2026,Monza Grand Prix,10,10,12,13,medium,medium,10,11,0.0,False,False,34.62,2.29,1.67,0,stay_out,True,-1.3,-14.7,77.401,-0.599,False,False,0.7551,,,True,1.3264,True,-0.715,True,0.0536,True,-0.6786,False,-1.2787,False,-0.6689
sample-run,dqn,1003,dqn-1003-monza,monza,2026,Monza Grand Prix,11,11,12,13,medium,medium,11,12,0.0,False,False,35.63,2.35,0.9,0,stay_out,True,-1.3,-16.0,79.098,1.098,False,False,0.7481,,,True,0.9008,True,0.0737,True,-0.8886,True,-0.1963,False,-0.9394,False,-0.0259
sample-run,dqn,1003,dqn-1003-monza,monza,2026,Monza Grand Prix,12,12,14,15,intermediate,intermediate,0,0,0.161,False,False,26.51,0.6,2.49,4,pit_intermediate,True,-1.55,-17.55,79.907,1.907,False,False,1.083,,,True,-0.1209,True,-1.0653,True,-0.3874,True,2.4763,True,2.8271,True,-0.8507
sample-run,dqn,1003,dqn-1003-monza,monza,2026,Monza Grand Prix,13,13,13,14,intermediate,intermediate,0,0,0.019,False,False,33.72,1.49,1.94,4,pit_intermediate,True,-1.45,-19.0,80.931,2.931,False,False,0.4797,,,True,-0.3676,True,-0.3485,True,-1.1215,True,0.3059,True,2.1131,True,0.3759
sample-run,dqn,1003,dqn-1003-monza,monza,2026,Monza Grand Prix,14,14,13,14,intermediate,intermediate,0,0,0.099,False,False,41.23,1.5,0.88,4,pit_intermediate,True,-1.45,-20.45,81.517,3.517,False,False,0.7412,,,True,0.9958,True,0.5326,True,0.5529,True,-1.6751,True,0.026,True,-1.2226
sample-run,dqn,1003,dqn-1003-monza,monza,2026,Monza Grand Prix,15,15,13,14,intermediate,intermediate,0,1,0.0,False,False,41.16,1.58,1.66,0,stay_out,True,-1.4,-21.85,80.604,2.604,False,False,0.4319,,,True,2.5383,True,1.0163,True,-1.1412,True,-0.8172,False,0.8463,False,1.2897
sample-run,dqn,1003,dqn-1003-monza,monza,2026,Monza Grand Prix,16,16,12,13,intermediate,intermediate,1,2,0.0,False,False,24.39,2.6,2.17,0,stay_out,True,-1.3,-23.15,77.233,-0.767,False,False,0.538,,,True,0.4861,True,0.9195,True,-0.5145,True,0.5061,False,-0.0932,False,-0.9748
sample-run,dqn,1003,dqn-1003-monza,monza,2026,Monza Grand Prix,17,17,12,13,intermediate,intermediate,2,3,0.0,False,False,37.9,2.97,2.3,0,stay_out,True,-1.3,-24.45,76.738,-1.262,False,False,0.7698,,,True,2.7974,True,0.0426,True,0.5092,True,1.697,False,-0.3288,False,-1.0681
sample-run,dqn,1003,dqn-1003-monza,monza,2026,Monza Grand Prix,18,18,12,13,intermediate,intermediate,3,4,0.0,False,False,26.31,1.9,1.82,0,stay_out,True,-1.3,-25.75,80.473,2.473,False,False,0.8897,,,True,1.8077,True,1.5709,True,1.4701,True,-0.8073,False,0.4733,False,1.3692
sample-run,dqn,1003,dqn-1003-monza,monza,2026,Monza Grand Prix,19,19,12,13,intermediate,intermediate,4,5,0.0,False,False,24.23,2.77,1.86,0,stay_out,True,-1.3,-27.05,77.607,-0.393,False,False,0.4569,,,True,0.2448,True,-1.1532,True,0.0907,True,1.4834,False,-0.9036,False,2.3512
sample-run,dqn,1003,dqn-1003-monza,monza,2026,Monza Grand Prix,20,20,11,12,intermediate,intermediate,5,6,0.0,False,False,23.76,0.66,2.56,0,stay_out,True,-1.2,-28.25,79.433,1.433,False,False,1.1834,,,True,0.3842,True,0.6932,True,1.6874,True,0.4703,False,0.4037,False,-1.071
sample-run,dqn,1003,dqn-1003-monza,monza,2026,Monza Grand Prix,21,21,11,12,intermediate,intermediate,6,7,0.0,False,False,35.32,1.81,1.09,0,stay_out,True,-1.2,-29.45,79.192,1.192,False,False,1.1981,,,True,1.0744,True,-1.5889,True,0.8143,True,1.0567,False,0.5461,False,-0.3577
sample-run,dqn,1003,dqn-1003-monza,monza,2026,Monza Grand Prix,22,22,11,12,intermediate,intermediate,0,0,0.063,False,False,21.12,2.14,1.55,4,pit_intermediate,True,-1.25,-30.7,82.22,4.22,False,False,0.6618,,,True,-2.3523,True,0.9272,True,-0.2738,True,1.0789,True,1.9873,True,0.4793
sample-run,dqn,1003,dqn-1003-monza,monza,2026,Monza Grand Prix,23,23,12,13,intermediate,intermediate,0,1,0.0,False,False,25.07,0.75,2.4,0,stay_out,True,-1.3,-32.0,77.784,-0.216,False,False,1.0256,,,True,0.4558,True,-0.509,True,0.2715,True,1.5548,False,-1.3419,False,2.5363
sample-run,dqn,1003,dqn-1003-monza,monza,2026,Monza Grand Prix,24,24,12,13,intermediate,intermediate,1,2,0.0,False,False,28.3,2.47,1.92,0,stay_out,True,-1.3,-33.3,77.752,-0.248,False,False,0.7214,,,True,-0.885,True,-1.2689,True,-0.1311,True,-0.4359,False,-1.756,False,1.8166
sample-run,dqn,1003,dqn-1003-monza,monza,2026,Monza Grand Prix,25,25,14,15,intermediate,intermediate,0,0,0.018,False,False,40.47,1.27,1.18,4,pit_intermediate,True,-1.55,-34.85,81.782,3.782,False,False,1.1875,,,True,0.1174,True,0.2022,True,-0.2801,True,-0.3481,True,1.8622,True,-0.5576
sample-run,dqn,1003,dqn-1003-monza,monza,2026,Monza Grand Prix,26,26,15,16,intermediate,intermediate,0,1,0.0,False,False,37.66,1.7,3.0,0,stay_out,True,-1.6,-36.45,80.203,2.203,False,False,0.602,,,True,2.7047,True,-0.3589,True,1.831,True,0.2766,False,-1.0256,False,-0.3318
sample-run,dqn,1003,dqn-1003-monza,monza,2026,Monza Grand Prix,27,27,15,16,intermediate,intermediate,1,2,0.0,False,False,30.77,1.47,1.22,0,stay_out,True,-1.6,-38.05,79.668,1.668,False,False,0.61,,,True,1.3718,True,-0.1869,True,-0.7238,True,0.8959,False,-1.3448,False,1.0934
sample-run,dqn,1003,dqn-1003-monza,monza,2026,Monza Grand Prix,28,28,14,15,intermediate,intermediate,2,3,0.0,False,False,36.87,2.66,2.36,0,stay_out,True,-1.5,-39.55,79.184,1.184,False,False,0.4098,,,True,-0.2734,True,-1.7279,True,0.1822,True,-0.2406,False,0.0962,False,-0.2178
sample-run,dqn,1003,dqn-1003-monza,monza,2026,Monza Grand Prix,29,29,14,15,intermediate,intermediate,3,4,0.0,False,False,31.62,0.94,1.29,0,stay_out,True,-1.5,-41.05,74.92,-3.08,False,False,1.1261,,,True,2.0442,True,-0.2088,True,-2.089,True,0.7963,False,-0.7079,False,-0.5669
sample-run,dqn,1003,dqn-1003-monza,monza,2026,Monza Grand Prix,30,30,14,15,intermediate,intermediate,4,5,0.0,False,False,22.59,0.74,2.6,0,stay_out,True,-1.5,-42.55,77.59,-0.41,False,False,0.6313,,,True,2.3812,True,0.0701,True,-0.1481,True,-0.377,False,-1.1466,False,-0.1378
sample-run,dqn,1003,dqn-1003-monza,monza,2026,Monza Grand Prix,31,31,14,15,intermediate,intermediate,5,6,0.0,False,False,27.29,2.55,1.67,0,stay_out,True,-1.5,-44.05,76.837,-1.163,False,False,0.5108,,,True,0.8367,True,-1.0297,True,-0.6304,True,-1.4864,False,-1.0619,False,-0.5899
sample-run,dqn,1003,dqn-1003-monza,monza,2026,Monza Grand Prix,32,32,14,15,intermediate,intermediate,6,7,0.0,False,False,25.22,2.65,2.95,0,stay_out,True,-1.5,-45.55,79.316,1.316,False,False,0.5862,,,True,-2.5232,True,-0.6982,True,-1.4317,True,-0.9831,False,-0.108,False,0.8585
sample-run,dqn,1003,dqn-1003-monza,monza,2026,Monza Grand Prix,33,33,15,16,intermediate,intermediate,7,8,0.0,False,False,37.88,1.82,1.13,0,stay_out,True,-1.6,-47.15,78.912,0.912,False,False,0.8473,,,True,1.4923,True,1.5854,True,-0.4656,True,-0.259,False,0.0435,False,0.0039
sample-run,dqn,1003,dqn-1003-monza,monza,2026,Monza Grand Prix,34,34,15,16,intermediate,intermediate,8,9,0.0,False,False,25.33,0.59,0.5,0,stay_out,True,-1.6,-48.75,77.369,-0.631,False,False,0.8957,,,True,1.7656,True,0.0691,True,0.9674,True,-0.8763,False,-0.5646,False,-1.3539
sample-run,dqn,1003,dqn-1003-monza,monza,2026,Monza Grand Prix,35,35,16,17,intermediate,intermediate,9,10,0.0,False,False,32.95,1.79,2.99,0,stay_out,True,-1.7,-50.45,78.609,0.609,False,False,1.1772,,,True,1.4764,True,-0.1716,True,0.1555,True,0.1526,False,-0.0989,False,1.2566
sample-run,dqn,1003,dqn-1003-monza,monza,2026,Monza Grand Prix,36,36,15,16,intermediate,intermediate,10,11,0.0,False,False,32.35,2.36,2.67,0,stay_out,True,-1.6,-52.05,77.48,-0.52,False,False,0.9368,,,True,2.2941,True,-1.1615,True,1.7054,True,-0.1116,False,-0.3841,False,-0.1457
sample-run,dqn,1003,dqn-1003-monza,monza,2026,Monza Grand Prix,37,37,15,16,intermediate,intermediate,11,12,0.0,False,False,47.76,1.18,1.62,0,stay_out,True,-1.6,-53.65,79.869,1.869,False,False,0.5004,,,True,1.493,True,1.5382,True,-0.2287,True,0.2372,False,-0.4233,False,0.208
sample-run,dqn,1003,dqn-1003-monza,monza,2026,Monza Grand Prix,38,38,14,15,intermediate,intermediate,12,13,0.0,False,False,34.48,0.64,0.65,0,stay_out,True,-1.5,-55.15,76.695,-1.305,False,False,0.5653,,,True,3.7529,True,0.4791,True,-0.0515,True,-0.2452,False,-0.5128,False,0.0213
sample-run,dqn,1003,dqn-1003-monza,monza,2026,Monza Grand Prix,39,39,15,16,intermediate,intermediate,0,0,0.099,False,False,33.3,2.07,1.23,4,pit_intermediate,True,-1.65,-56.8,77.064,-0.936,False,False,0.8575,,,True,0.5585,True,-1.6467,True,-0.2242,True,0.677,True,0.2096,True,0.1924
sample-run,dqn,1003,dqn-1003-monza,monza,2026,Monza Grand Prix,40,40,15,16,intermediate,intermediate,0,1,0.0,False,False,36.55,2.23,1.96,0,stay_out,True,-1.6,-58.4,76.968,-1.032,False,False,0.7555,,,True,1.5194,True,-0.6209,True,0.8312,True,0.2361,False,2.526,False,-1.8318
sample-run,dqn,1003,dqn-1003-monza,monza,2026,Monza Grand Prix,41,41,15,16,intermediate,intermediate,1,2,0.0,False,False,46.25,0.57,2.31,0,stay_out,True,-1.6,-60.0,79.947,1.947,False,False,1.0965,,,True,0.9657,True,-2.3738,True,-0.1766,True,-0.8279,False,-0.5348,False,0.9316
sample-run,dqn,1003,dqn-1003-monza,monza,2026,Monza Grand Prix,42,42,15,16,intermediate,intermediate,2,3,0.0,False,False,27.83,2.45,2.27,0,stay_out,True,-1.6,-61.6,77.211,-0.789,False,False,0.4525,,,True,0.7503,True,-0.3295,True,-0.4065,True,2.3075,False,-0.4868,False,-1.4576
sample-run,dqn,1003,dqn-1003-monza,monza,2026,Monza Grand Prix,43,43,16,17,intermediate,intermediate,3,4,0.0,False,False,43.77,0.85,2.01,0,stay_out,True,-1.7,-63.3,77.133,-0.867,False,False,0.6991,,,True,0.7424,True,-1.1642,True,0.181,True,0.2469,False,-1.0773,False,0.029
sample-run,dqn,1003,dqn-1003-monza,monza,2026,Monza Grand Prix,44,44,16,17,intermediate,intermediate,4,5,0.0,False,False,42.89,0.68,2.34,0,stay_out,True,-1.7,-65.0,77.315,-0.685,False,False,0.6974,,,True,1.9473,True,-0.1257,True,0.6438,True,0.5342,False,-1.4288,False,-0.4378
sample-run,dqn,1003,dqn-1003-monza,monza,2026,Monza Grand Prix,45,45,16,17,intermediate,intermediate,5,6,0.0,False,False,35.48,1.49,1.71,0,stay_out,True,-1.7,-66.7,78.412,0.412,False,False,0.6161,,,True,1.786,True,-0.15,True,-0.5403,True,1.0385,False,-2.0159,False,-1.4189
sample-run,dqn,1003,dqn-1003-monza,monza,2026,Monza Grand Prix,46,46,16,17,intermediate,intermediate,6,7,0.0,False,False,29.43,2.72,2.73,0,stay_out,True,-1.7,-68.4,78.003,0.003,False,False,0.9356,,,True,-0.0686,True,-0.2247,True,0.2945,True,0.1768,False,0.1733,False,-0.0578
sample-run,dqn,1003,dqn-1003-monza,monza,2026,Monza Grand Prix,47,47,16,17,intermediate,intermediate,7,8,0.0,False,False,30.69,2.77,2.52,0,stay_out,True,-1.7,-70.1,79.601,1.601,False,False,0.42,,,True,1.065,True,-0.6733,True,0.7686,True,-0.5053,False,0.0817,False,0.0182
sample-run,dqn,1003,dqn-1003-monza,monza,2026,Monza Grand Prix,48,48,16,17,intermediate,intermediate,8,9,0.0,False,False,37.0,0.6,1.96,0,stay_out,True,-1.7,-71.8,78.599,0.599,False,False,0.8303,,,True,0.8196,True,-0.6408,True,-2.0697,True,0.1442,False,0.5706,False,-0.1272
sample-run,dqn,1003,dqn-1003-monza,monza,2026,Monza Grand Prix,49,49,16,17,intermediate,intermediate,9,10,0.0,False,False,37.06,2.35,2.44,0,stay_out,True,-1.7,-73.5,78.587,0.587,False,False,0.8892,,,True,1.6754,True,0.2894,True,-0.842,True,0.3209,False,-0.358,False,0.7049
sample-run,dqn,1003,dqn-1003-monza,monza,2026,Monza Grand Prix,50,50,16,17,intermediate,intermediate,10,11,0.0,False,False,50.68,1.5,2.08,0,stay_out,True,-1.7,-75.2,78.471,0.471,False,False,0.9648,,,True,1.2887,True,0.0389,True,0.5637,True,0.6971,False,0.8694,False,0.6569
sample-run,dqn,1003,dqn-1003-monza,monza,2026,Monza Grand Prix,51,51,17,18,intermediate,intermediate,11,12,0.0,False,False,39.56,2.56,1.96,0,stay_out,True,-1.8,-77.0,79.688,1.688,False,False,0.6791,,,True,1.7517,True,1.045,True,-0.6261,True,1.5295,False,-1.2599,False,0.3518
sample-run,dqn,1003,dqn-1003-monza,monza,2026,Monza Grand Prix,52,52,17,18,intermediate,intermediate,12,13,0.0,False,False,29.6,0.82,2.61,0,stay_out,True,-1.8,-78.8,79.733,1.733,True,False,0.4583,,,True,-0.5925,True,-1.0246,True,-1.8885,True,-0.0526,False,1.4406,False,-0.125
sample-run,qrl,1003,qrl-1003-monza,monza,2026,Monza Grand Prix,0,0,13,14,intermediate,intermediate,0,0,0.261,False,False,24.59,1.16,1.46,4,pit_intermediate,True,-1.45,-1.45,82.997,4.997,False,False,1.3929,,,True,-0.1079,True,-0.7844,True,0.7391,True,-0.8922,True,2.9513,True,-1.2565
sample-run,qrl,1003,qrl-1003-monza,monza,2026,Monza Grand Prix,1,1,13,14,intermediate,intermediate,0,1,0.0,False,False,22.32,1.63,2.51,0,stay_out,True,-1.4,-2.85,78.801,0.801,False,False,3.0546,,,True,1.5692,True,0.832,True,1.996,True,0.3393,False,0.1319,False,0.8579
sample-run,qrl,1003,qrl-1003-monza,monza,2026,Monza Grand Prix,2,2,12,13,intermediate,intermediate,1,2,0.0,False,False,25.21,1.64,1.72,0,stay_out,True,-1.3,-4.15,78.357,0.357,False,False,1.6567,,,True,1.4398,True,0.4794,True,0.4275,True,1.2719,False,-0.0505,False,-0.3508
sample-run,qrl,1003,qrl-1003-monza,monza,2026,Monza Grand Prix,3,3,12,13,intermediate,intermediate,0,0,0.362,False,False,35.28,0.78,1.8,4,pit_intermediate,True,-1.35,-5.5,81.297,3.297,False,False,3.19,,,True,1.667,True,-0.7601,True,-0.7901,True,-0.5291,True,1.8203,True,-0.5971
sample-run,qrl,1003,qrl-1003-monza,monza,2026,Monza Grand Prix,4,4,11,12,intermediate,intermediate,0,1,0.0,False,False,32.01,0.93,0.96,0,stay_out,True,-1.2,-6.7,79.807,1.807,False,False,2.2934,,,True,3.5219,True,-1.3781,True,-0.4979,True,-1.339,False,-0.2505,False,-0.1397
sample-run,qrl,1003,qrl-1003-monza,monza,2026,Monza Grand Prix,5,5,11,12,intermediate,intermediate,1,2,0.0,False,False,27.11,2.25,0.63,0,stay_out,True,-1.2,-7.9,76.007,-1.993,False,False,2.7794,,,True,3.012,True,-0.3906,True,0.3079,True,0.5956,False,-0.5008,False,0.1026
sample-run,qrl,1003,qrl-1003-monza,monza,2026,Monza Grand Prix,6,6,10,11,intermediate,intermediate,2,3,0.0,False,False,20.98,1.5,0.59,0,stay_out,True,-1.1,-9.0,78.516,0.516,False,False,2.9122,,,True,2.7152,True,1.947,True,1.2209,True,0.3755,False,-0.6874,False,0.5368
sample-run,qrl,1003,qrl-1003-monza,monza,2026,Monza Grand Prix,7,7,10,11,intermediate,intermediate,3,4,0.0,False,False,30.96,1.04,2.51,0,stay_out,True,-1.1,-10.1,76.656,-1.344,False,False,1.5042,,,True,2.6159,True,-0.6563,True,1.129,True,0.3064,False,-0.1734,False,1.6441
sample-run,qrl,1003,qrl-1003-monza,monza,2026,Monza Grand Prix,8,8,10,11,intermediate,intermediate,4,5,0.0,False,False,26.06,2.87,2.32,0,stay_out,True,-1.1,-11.2,78.482,0.482,False,False,3.5294,,,True,1.3124,True,2.1385,True,-0.3122,True,1.5882,False,-0.5838,False,1.7462
sample-run,qrl,1003,qrl-1003-monza,monza,2026,Monza Grand Prix,9,9,10,11,intermediate,intermediate,5,6,0.0,False,False,29.13,1.71,2.03,0,stay_out,True,-1.1,-12.3,77.053,-0.947,False,False,2.4338,,,True,1.544,True,-0.8924,True,-0.5027,True,-0.039,False,0.9626,False,-1.4308
sample-run,qrl,1003,qrl-1003-monza,monza,2026,Monza Grand Prix,10,10,10,11,intermediate,intermediate,6,7,0.0,False,False,19.18,2.84,0.89,0,stay_out,True,-1.1,-13.4,78.128,0.128,False,False,2.3751,,,True,2.7542,True,-0.3452,True,0.0191,True,-0.0924,False,-0.9859,False,-1.581
sample-run,qrl,1003,qrl-1003-monza,monza,2026,Monza Grand Prix,11,11,10,11,intermediate,intermediate,0,0,0.165,False,False,18.41,2.08,0.58,4,pit_intermediate,True,-1.15,-14.55,81.004,3.004,False,False,1.3902,,,True,-0.6395,True,1.2724,True,-0.3964,True,-1.1884,True,1.4338,True,-1.2149
sample-run,qrl,1003,qrl-1003-monza,monza,2026,Monza Grand Prix,12,12,10,11,intermediate,intermediate,0,1,0.0,False,False,21.27,2.81,0.64,0,stay_out,True,-1.1,-15.65,76.732,-1.268,False,False,3.2315,,,True,0.1397,True,0.8582,True,-0.8582,True,-0.8235,False,1.1017,False,-0.8064
sample-run,qrl,1003,qrl-1003-monza,monza,2026,Monza Grand Prix,13,13,10,11,intermediate,intermediate,1,2,0.0,False,False,18.21,2.07,1.71,0,stay_out,True,-1.1,-16.75,78.258,0.258,False,False,3.348,,,True,1.2391,True,0.7896,True,0.8323,True,-2.0903,False,-1.0218,False,0.1836
sample-run,qrl,1003,qrl-1003-monza,monza,2026,Monza Grand Prix,14,14,10,11,intermediate,intermediate,2,3,0.0,False,False,27.72,1.4,2.61,0,stay_out,True,-1.1,-17.85,78.598,0.598,False,False,2.0533,,,True,0.7206,True,1.3195,True,1.0735,True,1.2671,False,0.2402,False,-0.5677
sample-run,qrl,1003,qrl-1003-monza,monza,2026,Monza Grand Prix,15,15,9,10,intermediate,intermediate,3,4,0.0,False,False,28.37,1.31,1.21,0,stay_out,True,-1.0,-18.85,76.836,-1.164,False,False,1.5486,,,True,2.3623,True,0.2518,True,-0.892,True,0.5408,False,0.9878,False,0.6416
sample-run,qrl,1003,qrl-1003-monza,monza,2026,Monza Grand Prix,16,16,9,10,intermediate,intermediate,4,5,0.0,False,False,28.77,2.33,2.37,0,stay_out,True,-1.0,-19.85,77.14,-0.86,False,False,2.7092,,,True,2.0002,True,2.1329,True,-0.4966,True,1.5752,False,-1.8446,False,0.3314
sample-run,qrl,1003,qrl-1003-monza,monza,2026,Monza Grand Prix,17,17,9,10,intermediate,intermediate,5,6,0.0,False,False,20.73,1.58,2.4,0,stay_out,True,-1.0,-20.85,76.627,-1.373,False,False,1.8618,,,True,1.3936,True,-0.3266,True,-1.1547,True,0.361,False,-1.55,False,0.5989
sample-run,qrl,1003,qrl-1003-monza,monza,2026,Monza Grand Prix,18,18,10,11,intermediate,intermediate,6,7,0.0,False,False,26.46,0.53,0.59,0,stay_out,True,-1.1,-21.95,79.997,1.997,False,False,1.3387,,,True,1.238,True,0.2188,True,-0.0712,True,-0.4277,False,-1.0494,False,0.5136
sample-run,qrl,1003,qrl-1003-monza,monza,2026,Monza Grand Prix,19,19,10,11,intermediate,intermediate,7,8,0.0,False,False,26.59,1.15,2.58,0,stay_out,True,-1.1,-23.05,79.188,1.188,False,False,2.5701,,,True,2.864,True,-1.398,True,0.8016,True,0.0484,False,0.0501,False,-1.072
sample-run,qrl,1003,qrl-1003-monza,monza,2026,Monza Grand Prix,20,20,10,11,intermediate,intermediate,8,9,0.0,False,False,21.73,2.75,1.21,0,stay_out,True,-1.1,-24.15,78.424,0.424,False,False,2.2352,,,True,3.084,True,-0.6443,True,-0.9354,True,1.3512,False,0.2738,False,-1.1129
sample-run,qrl,1003,qrl-1003-monza,monza,2026,Monza Grand Prix,21,21,10,11,intermediate,intermediate,9,10,0.0,False,False,27.43,0.95,1.39,0,stay_out,True,-1.1,-25.25,78.604,0.604,False,False,3.5516,,,True,1.0399,True,-0.6606,True,0.9021,True,-0.9103,False,-1.9925,False,0.7297
sample-run,qrl,1003,qrl-1003-monza,monza,2026,Monza Grand Prix,22,22,11,12,intermediate,intermediate,10,11,0.0,False,False,22.34,2.52,1.61,0,stay_out,True,-1.2,-26.45,78.035,0.035,False,False,2.922,,,True,1.4074,True,0.1879,True,-1.0018,True,1.0289,False,-1.542,False,-1.5327
sample-run,qrl,1003,qrl-1003-monza,monza,2026,Monza Grand Prix,23,23,12,13,intermediate,intermediate,11,12,0.0,False,False,25.06,1.19,1.37,0,stay_out,True,-1.3,-27.75,78.347,0.347,False,False,1.8939,,,True,1.6732,True,0.397,True,0.3648,True,-0.4522,False,0.9643,False,0.1101
sample-run,qrl,1003,qrl-1003-monza,monza,2026,Monza Grand Prix,24,24,13,14,intermediate,intermediate,12,13,0.0,False,False,28.07,2.07,2.73,0,stay_out,True,-1.4,-29.15,78.995,0.995,False,False,2.9469,,,True,3.042,True,0.4673,True,0.3862,True,-0.5743,False,0.2066,False,-1.6516
sample-run,qrl,1003,qrl-1003-monza,monza,2026,Monza Grand Prix,25,25,13,14,intermediate,intermediate,13,14,0.0,False,False,22.59,2.18,2.41,0,stay_out,True,-1.4,-30.55,77.265,-0.735,False,False,2.1701,,,True,2.3563,True,-1.2666,True,-0.3242,True,1.7959,False,0.2461,False,2.2
sample-run,qrl,1003,qrl-1003-monza,monza,2026,Monza Grand Prix,26,26,13,14,intermediate,intermediate,0,0,0.055,True,False,22.66,2.89,0.85,4,pit_intermediate,True,-1.45,-32.0,81.816,3.816,False,False,2.2099,,,True,1.761,True,0.148,True,1.3307,True,-1.5545,True,1.836,True,0.31
sample-run,qrl,1003,qrl-1003-monza,monza,2026,Monza Grand Prix,27,27,12,13,intermediate,intermediate,0,1,0.0,False,False,38.33,0.85,1.27,0,stay_out,True,-1.3,-33.3,77.833,-0.167,False,False,3.1,,,True,0.5884,True,0.1867,True,0.6462,True,0.7006,False,0.2792,False,0.466
sample-run,qrl,1003,qrl-1003-monza,monza,2026,Monza Grand Prix,28,28,11,12,intermediate,intermediate,1,2,0.0,False,False,19.98,1.02,1.05,0,stay_out,True,-1.2,-34.5,78.427,0.427,False,False,1.6212,,,True,1.847,True,-0.2298,True,0.8722,True,-0.1582,False,-0.6737,False,0.3946
sample-run,qrl,1003,qrl-1003-monza,monza,2026,Monza Grand Prix,29,29,11,12,intermediate,intermediate,2,3,0.0,False,False,29.33,2.35,2.32,0,stay_out,True,-1.2,-35.7,79.771,1.771,False,False,2.964,,,True,0.6952,True,0.6896,True,-0.5324,True,-0.6143,False,-0.8076,False,1.3293
sample-run,qrl,1003,qrl-1003-monza,monza,2026,Monza Grand Prix,30,30,12,13,intermediate,intermediate,3,4,0.0,False,False,19.87,0.54,2.41,0,stay_out,True,-1.3,-37.0,76.586,-1.414,False,False,2.642,,,True,2.2958,True,-0.6614,True,0.0647,True,1.0038,False,-0.478,False,-0.085
sample-run,qrl,1003,qrl-1003-monza,monza,2026,Monza Grand Prix,31,31,11,12,intermediate,intermediate,4,5,0.0,False,False,18.43,2.72,0.81,0,stay_out,True,-1.2,-38.2,76.435,-1.565,False,False,2.5545,,,True,1.9464,True,-0.611,True,2.834,True,0.0066,False,-0.0293,False,0.9393
sample-run,qrl,1003,qrl-1003-monza,monza,2026,Monza Grand Prix,32,32,10,11,intermediate,intermediate,5,6,0.0,False,False,25.7,0.51,0.5,0,stay_out,True,-1.1,-39.3,78.794,0.794,False,False,3.0847,,,True,0.7854,True,0.0751,True,-0.6031,True,-1.4512,False,0.2146,False,0.7238
sample-run,qrl,1003,qrl-1003-monza,monza,2026,Monza Grand Prix,33,33,9,10,intermediate,intermediate,6,7,0.0,False,False,29.26,0.63,1.85,0,stay_out,True,-1.0,-40.3,77.383,-0.617,False,False,1.8927,,,True,2.2431,True,-1.7702,True,0.643,True,0.9611,False,-0.3519,False,0.1663
sample-run,qrl,1003,qrl-1003-monza,monza,2026,Monza Grand Prix,34,34,9,10,intermediate,intermediate,7,8,0.0,False,False,21.77,2.63,1.21,0,stay_out,True,-1.0,-41.3,79.014,1.014,False,False,1.377,,,True,0.4106,True,-1.9249,True,-1.0087,True,-1.3203,False,0.4196,False,1.9206
sample-run,qrl,1003,qrl-1003-monza,monza,2026,Monza Grand Prix,35,35,8,9,intermediate,intermediate,8,9,0.0,False,False,24.99,2.77,2.87,0,stay_out,True,-0.9,-42.2,77.142,-0.858,False,False,1.3942,,,True,0.4924,True,0.7442,True,-1.0145,True,0.8007,False,0.0487,False,0.6706
sample-run,qrl,1003,qrl-1003-monza,monza,2026,Monza Grand Prix,36,36,7,8,intermediate,intermediate,9,10,0.0,False,False,19.8,1.23,2.97,0,stay_out,True,-0.8,-43.0,80.434,2.434,False,False,1.9862,,,True,0.4331,True,-0.104,True,-0.3573,True,-0.8895,False,-0.2631,False,-0.4743
sample-run,qrl,1003,qrl-1003-monza,monza,2026,Monza Grand Prix,37,37,7,8,intermediate,intermediate,10,11,0.0,False,False,14.08,2.73,1.4,0,stay_out,True,-0.8,-43.8,75.333,-2.667,False,False,2.0184,,,True,0.3973,True,-0.6002,True,-0.1125,True,-1.7878,False,1.2062,False,1.4667
sample-run,qrl,1003,qrl-1003-monza,monza,2026,Monza Grand Prix,38,38,7,8,intermediate,intermediate,11,12,0.0,False,False,22.61,0.77,1.3,0,stay_out,True,-0.8,-44.6,79.618,1.618,False,False,1.566,,,True,1.8033,True,1.7567,True,-0.6328,True,-1.0509,False,-0.407,False,-0.0972
sample-run,qrl,1003,qrl-1003-monza,monza,2026,Monza Grand Prix,39,39,7,8,intermediate,intermediate,12,13,0.0,False,False,14.71,0.58,2.98,0,stay_out,True,-0.8,-45.4,77.572,-0.428,False,False,1.5581,,,True,1.0873,True,-1.528,True,-1.2922,True,1.16,False,1.9687,False,0.2928
sample-run,qrl,1003,qrl-1003-monza,monza,2026,Monza Grand Prix,40,40,7,8,intermediate,intermediate,13,14,0.0,False,False,18.66,2.93,1.25,0,stay_out,True,-0.8,-46.2,76.333,-1.667,False,False,2.6293,,,True,2.8796,True,-1.7036,True,-0.2933,True,0.0999,False,0.1087,False,0.7815
sample-run,qrl,1003,qrl-1003-monza,monza,2026,Monza Grand Prix,41,41,8,9,intermediate,intermediate,14,15,0.0,False,False,22.13,1.59,1.91,0,stay_out,True,-0.9,-47.1,77.976,-0.024,False,False,3.0556,,,True,-0.5923,True,0.0256,True,0.1917,True,-0.2753,False,0.3988,False,-0.2746
sample-run,qrl,1003,qrl-1003-monza,monza,2026,Monza Grand Prix,42,42,7,8,intermediate,intermediate,15,16,0.0,False,True,18.05,1.2,0.78,0,stay_out,True,-0.8,-47.9,79.612,1.612,False,False,2.3924,,,True,3.5999,True,-0.1572,True,0.3519,True,-0.6646,False,1.5553,False,-1.4881
sample-run,qrl,1003,qrl-1003-monza,monza,2026,Monza Grand Prix,43,43,7,8,intermediate,intermediate,16,17,0.0,False,True,12.54,1.01,1.11,0,stay_out,True,-0.8,-48.7,79.087,1.087,False,False,2.1637,,,True,0.7644,True,-0.3228,True,-1.2776,True,-0.0793,False,0.2173,False,0.4225
sample-run,qrl,1003,qrl-1003-monza,monza,2026,Monza Grand Prix,44,44,7,8,intermediate,intermediate,17,18,0.0,False,True,14.26,2.25,1.88,0,stay_out,True,-0.8,-49.5,78.845,0.845,False,False,1.5197,,,True,3.3485,True,-1.0004,True,1.1091,True,1.29,False,-0.5728,False,-0.2597
sample-run,qrl,1003,qrl-1003-monza,monza,2026,Monza Grand Prix,45,45,7,8,intermediate,intermediate,18,19,0.0,False,True,17.2,1.04,2.46,0,stay_out,True,-0.8,-50.3,78.582,0.582,False,False,3.3109,,,True,2.9224,True,0.012,True,-2.5665,True,1.2085,False,-1.1957,False,-0.6748
sample-run,qrl,1003,qrl-1003-monza,monza,2026,Monza Grand Prix,46,46,7,8,hard,hard,0,0,0.0,False,False,21.02,1.99,1.48,3,pit_hard,True,-0.3,-50.6,78.844,0.844,False,False,2.4197,,,True,0.0228,True,-0.7545,True,2.7172,True,1.0496,False,-0.0871,False,1.2208
sample-run,qrl,1003,qrl-1003-monza,monza,2026,Monza Grand Prix,47,47,7,8,hard,hard,0,1,0.0,False,False,20.69,0.54,1.1,0,stay_out,True,-0.8,-51.4,79.748,1.748,False,False,2.1382,,,True,-0.0788,True,0.1147,True,-0.3241,True,-0.4934,False,0.4845,False,-0.1073
sample-run,qrl,1003,qrl-1003-monza,monza,2026,Monza Grand Prix,48,48,7,8,hard,hard,1,2,0.0,False,False,18.71,2.49,1.58,0,stay_out,True,-0.8,-52.2,79.059,1.059,False,False,3.3447,,,True,1.0258,True,-0.029,True,1.4899,True,-0.5,False,2.4052,False,1.8456
sample-run,qrl,1003,qrl-1003-monza,monza,2026,Monza Grand Prix,49,49,6,7,hard,hard,2,3,0.0,False,False,18.31,0.55,2.42,0,stay_out,True,-0.7,-52.9,77.858,-0.142,False,False,1.9792,,,True,1.3557,True,0.983,True,-0.7512,True,-2.2379,False,1.7356,False,-1.4382
sample-run,qrl,1003,qrl-1003-monza,monza,2026,Monza Grand Prix,50,50,5,6,hard,hard,3,4,0.0,False,False,13.6,1.02,2.45,0,stay_out,True,-0.6,-53.5,77.473,-0.527,False,False,1.7457,,,True,1.5018,True,-0.4138,True,-0.3557,True,-0.9752,False,0.4811,False,0.5385
sample-run,qrl,1003,qrl-1003-monza,monza,2026,Monza Grand Prix,51,51,5,6,hard,hard,4,5,0.0,False,False,16.67,0.64,1.17,0,stay_out,True,-0.6,-54.1,78.243,0.243,False,False,2.5163,,,True,1.6173,True,-2.0789,True,-0.9836,True,-0.5956,False,1.6502,False,-0.5742
sample-run,qrl,1003,qrl-1003-monza,monza,2026,Monza Grand Prix,52,52,6,7,hard,hard,5,6,0.0,False,False,10.92,2.73,2.23,0,stay_out,True,-0.7,-54.8,77.15,-0.85,True,False,1.8155,,,True,1.1378,True,1.0523,True,0.3855,True,0.7769,False,-0.8111,False,-1.1356
sample-run,dqn,1004,dqn-1004-monza,monza,2026,Monza Grand Prix,0,0,10,11,medium,medium,0,1,0.0,False,False,23.06,2.87,0.63,0,stay_out,True,-1.1,-1.1,78.178,0.178,False,False,0.754,,,True,1.3876,True,-0.6124,True,1.4426,True,1.1355,False,0.746,False,0.108
sample-run,dqn,1004,dqn-1004-monza,monza,2026,Monza Grand Prix,1,1,10,11,medium,medium,1,2,0.0,False,False,25.44,2.24,2.8,0,stay_out,True,-1.1,-2.2,76.017,-1.983,False,False,1.0121,,,True,0.4896,True,-0.0542,True,-0.9089,True,-0.8315,False,-1.1853,False,-0.0226
sample-run,dqn,1004,dqn-1004-monza,monza,2026,Monza Grand Prix,2,2,9,10,medium,medium,2,3,0.0,False,False,27.73,0.92,1.48,0,stay_out,True,-1.0,-3.2,78.225,0.225,False,False,0.6059,,,True,-0.2625,True,-1.4046,True,0.0578,True,-0.268,False,1.055,False,-0.1788
sample-run,dqn,1004,dqn-1004-monza,monza,2026,Monza Grand Prix,3,3,8,9,medium,medium,3,4,0.0,False,False,17.79,2.83,1.19,0,stay_out,True,-0.9,-4.1,78.555,0.555,False,False,0.4946,,,True,0.7856,True,1.9881,True,-2.1185,True,-0.4258,False,0.852,False,1.0537
sample-run,dqn,1004,dqn-1004-monza,monza,2026,Monza Grand Prix,4,4,8,9,medium,medium,4,5,0.0,False,False,23.31,2.81,2.38,0,stay_out,True,-0.9,-5.0,77.854,-0.146,False,False,1.1394,,,True,1.7517,True,-0.4617,True,0.6833,True,0.7648,False,0.1751,False,0.5914
sample-run,dqn,1004,dqn-1004-monza,monza,2026,Monza Grand Prix,5,5,7,8,medium,medium,5,6,0.0,False,False,14.37,1.63,1.8,0,stay_out,True,-0.8,-5.8,77.847,-0.153,False,False,0.5078,,,True,0.6189,True,2.0977,True,-0.8666,True,0.5711,False,1.275,False,0.5486
sample-run,dqn,1004,dqn-1004-monza,monza,2026,Monza Grand Prix,6,6,7,8,medium,medium,6,7,0.0,False,False,22.87,1.08,1.65,0,stay_out,True,-0.8,-6.6,78.555,0.555,False,False,0.7168,,,True,1.3021,True,-0.4421,True,0.186,True,1.4232,False,0.2421,False,0.391
sample-run,dqn,1004,dqn-1004-monza,monza,2026,Monza Grand Prix,7,7,7,8,medium,medium,7,8,0.0,False,False,18.53,2.4,1.88,0,stay_out,True,-0.8,-7.4,76.707,-1.293,False,False,0.9244,,,True,0.4326,True,-0.9684,True,0.7693,True,0.5057,False,-0.6802,False,1.1826
sample-run,dqn,1004,dqn-1004-monza,monza,2026,Monza Grand Prix,8,8,9,10,intermediate,intermediate,0,0,0.276,False,False,29.48,1.82,2.52,4,pit_intermediate,True,-1.05,-8.45,79.983,1.983,False,False,0.5475,,,True,0.1172,True,-0.7707,True,0.1655,True,1.1046,True,3.3066,True,-0.5381
sample-run,dqn,1004,dqn-1004-monza,monza,2026,Monza Grand Prix,9,9,9,10,intermediate,intermediate,0,1,0.0,False,False,28.74,2.69,2.61,0,stay_out,True,-1.0,-9.45,76.846,-1.154,False,False,0.4484,,,True,1.5835,True,-0.645,True,2.132,True,0.1239,False,1.2359,False,0.1762
sample-run,dqn,1004,dqn-1004-monza,monza,2026,Monza Grand Prix,10,10,10,11,intermediate,intermediate,1,2,0.0,False,False,19.09,2.58,1.46,0,stay_out,True,-1.1,-10.55,78.68,0.68,False,False,1.0667,,,True,1.1875,True,-0.0701,True,-0.2405,True,-0.1134,False,-0.0114,False,1.6862
sample-run,dqn,1004,dqn-1004-monza,monza,2026,Monza Grand Prix,11,11,11,12,intermediate,intermediate,2,3,0.0,False,False,31.97,2.45,2.98,0,stay_out,True,-1.2,-11.75,77.794,-0.206,False,False,1.0021,,,True,0.7111,True,-1.418,True,0.29,True,1.6857,False,0.7539,False,-0.3783
sample-run,dqn,1004,dqn-1004-monza,monza,2026,Monza Grand Prix,12,12,12,13,intermediate,intermediate,3,4,0.0,False,False,37.37,0.65,1.99,0,stay_out,True,-1.3,-13.05,77.463,-0.537,False,False,0.4492,,,True,-0.0546,True,0.3437,True,0.512,True,-0.532,False,-1.0143,False,1.0065
sample-run,dqn,1004,dqn-1004-monza,monza,2026,Monza Grand Prix,13,13,12,13,intermediate,intermediate,4,5,0.0,False,False,21.89,2.18,1.18,0,stay_out,True,-1.3,-14.35,77.026,-0.974,False,False,0.4994,,,True,2.2418,True,0.9375,True,-0.2262,True,0.8002,False,0.5771,False,-0.001
sample-run,dqn,1004,dqn-1004-monza,monza,2026,Monza Grand Prix,14,14,12,13,intermediate,intermediate,5,6,0.0,False,False,24.34,2.52,2.56,0,stay_out,True,-1.3,-15.65,76.579,-1.421,False,False,1.0085,,,True,1.3912,True,-0.509,True,0.5154,True,0.3692,False,-1.0507,False,-0.069
sample-run,dqn,1004,dqn-1004-monza,monza,2026,Monza Grand Prix,15,15,12,13,intermediate,intermediate,6,7,0.0,False,False,21.95,2.67,0.65,0,stay_out,True,-1.3,-16.95,78.134,0.134,False,False,0.4326,,,True,1.1554,True,0.3399,True,0.0513,True,0.05,False,-0.7771,False,-0.704
sample-run,dqn,1004,dqn-1004-monza,monza,2026,Monza Grand Prix,16,16,12,13,intermediate,intermediate,7,8,0.0,False,False,23.04,2.53,0.78,0,stay_out,True,-1.3,-18.25,77.479,-0.521,False,False,1.0119,,,True,2.0114,True,1.9748,True,-0.1831,True,0.1153,False,1.644,False,0.4713
sample-run,dqn,1004,dqn-1004-monza,monza,2026,Monza Grand Prix,17,17,11,12,intermediate,intermediate,8,9,0.0,False,False,29.98,1.98,2.57,0,stay_out,True,-1.2,-19.45,79.167,1.167,False,False,0.6458,,,True,0.8689,True,-0.0189,True,0.0174,True,-0.2806,False,-0.9112,False,0.8684
sample-run,dqn,1004,dqn-1004-monza,monza,2026,Monza Grand Prix,18,18,11,12,intermediate,intermediate,9,10,0.0,False,False,24.93,1.98,1.7,0,stay_out,True,-1.2,-20.65,77.166,-0.834,False,False,0.7071,,,True,2.4222,True,0.0797,True,0.4196,True,0.3424,False,0.5218,False,-1.5256
sample-run,dqn,1004,dqn-1004-monza,monza,2026,Monza Grand Prix,19,19,10,11,intermediate,intermediate,10,11,0.0,False,False,19.35,2.73,2.61,0,stay_out,True,-1.1,-21.75,77.2,-0.8,False,False,0.6064,,,True,0.5768,True,0.1707,True,-0.9948,True,0.8002,False,-0.0816,False,0.9398
sample-run,dqn,1004,dqn-1004-monza,monza,2026,Monza Grand Prix,20,20,12,13,intermediate,intermediate,0,0,0.24,False,False,26.43,2.25,0.74,4,pit_intermediate,True,-1.35,-23.1,79.466,1.466,False,False,0.7389,,,True,0.5737,True,2.0708,True,0.1789,True,0.513,True,1.8942,True,-2.0626
sample-run,dqn,1004,dqn-1004-monza,monza,2026,Monza Grand Prix,21,21,11,12,intermediate,intermediate,0,1,0.0,True,False,23.72,2.63,1.55,0,stay_out,True,-1.2,-24.3,76.475,-1.525,False,False,0.6633,,,True,2.4641,True,-0.704,True,0.3348,True,-0.2649,False,-0.1719,False,0.8062
sample-run,dqn,1004,dqn-1004-monza,monza,2026,Monza Grand Prix,22,22,11,12,intermediate,intermediate,1,2,0.0,False,False,35.23,1.34,1.74,0,stay_out,True,-1.2,-25.5,76.212,-1.788,False,False,1.1382,,,True,1.3964,True,-2.1723,True,1.1477,True,0.8781,False,-0.9765,False,-1.9411
sample-run,dqn,1004,dqn-1004-monza,monza,2026,Monza Grand Prix,23,23,11,12,intermediate,intermediate,2,3,0.0,False,False,26.96,1.77,2.09,0,stay_out,True,-1.2,-26.7,77.815,-0.185,False,False,1.1535,,,True,2.0167,True,-0.2601,True,0.1553,True,-1.21,False,-0.5452,False,-0.6327
sample-run,dqn,1004,dqn-1004-monza,monza,2026,Monza Grand Prix,24,24,12,13,intermediate,intermediate,3,4,0.0,False,False,20.4,1.18,1.19,0,stay_out,True,-1.3,-28.0,77.955,-0.045,False,False,0.882,,,True,-0.7897,True,1.0631,True,0.9414,True,1.2126,False,-1.2336,False,-2.1506
sample-run,dqn,1004,dqn-1004-monza,monza,2026,Monza Grand Prix,25,25,12,13,intermediate,intermediate,4,5,0.0,False,False,38.02,0.57,2.75,0,stay_out,True,-1.3,-29.3,77.145,-0.855,False,False,0.7092,,,True,1.4151,True,-0.4919,True,-0.4897,True,0.5368,False,0.9974,False,0.1234
sample-run,dqn,1004,dqn-1004-monza,monza,2026,Monza Grand Prix,26,26,12,13,intermediate,intermediate,5,6,0.0,False,False,26.09,1.79,1.72,0,stay_out,True,-1.3,-30.6,76.748,-1.252,False,False,0.9952,,,True,1.3138,True,-0.0951,True,2.1274,True,-0.1238,False,-0.6914,False,1.6573
sample-run,dqn,1004,dqn-1004-monza,monza,2026,Monza Grand Prix,27,27,12,13,intermediate,intermediate,6,7,0.0,False,False,27.46,2.67,1.32,0,stay_out,True,-1.3,-31.9,76.527,-1.473,False,False,1.0963,,,True,-0.1058,True,0.4265,True,0.0649,True,-0.7133,False,-0.2011,False,-1.4591
sample-run,dqn,1004,dqn-1004-monza,monza,2026,Monza Grand Prix,28,28,12,13,intermediate,intermediate,7,8,0.0,False,False,36.62,2.67,1.22,0,stay_out,True,-1.3,-33.2,79.682,1.682,False,False,0.7539,,,True,1.2665,True,-0.9045,True,-1.0769,True,-1.0176,False,-0.7998,False,-1.0617
sample-run,dqn,1004,dqn-1004-monza,monza,2026,Monza Grand Prix,29,29,11,12,intermediate,intermediate,8,9,0.0,False,False,28.78,0.57,2.32,0,stay_out,True,-1.2,-34.4,78.191,0.191,False,False,1.1382,,,True,2.2911,True,1.108,True,-1.2091,True,0.2801,False,-0.7668,False,-0.3721
sample-run,dqn,1004,dqn-1004-monza,monza,2026,Monza Grand Prix,30,30,10,11,intermediate,intermediate,9,10,0.0,False,False,26.92,2.21,1.85,0,stay_out,True,-1.1,-35.5,79.848,1.848,False,False,0.6145,,,True,0.1377,True,0.838,True,2.9526,True,0.195,False,-1.4513,False,0.3755
sample-run,dqn,1004,dqn-1004-monza,monza,2026,Monza Grand Prix,31,31,11,12,intermediate,intermediate,10,11,0.0,False,False,35.62,2.28,1.45,0,stay_out,True,-1.2,-36.7,79.816,1.816,False,False,1.0192,,,True,-0.2735,True,0.1827,True,-0.8885,True,-0.0215,False,1.5008,False,1.4455
sample-run,dqn,1004,dqn-1004-monza,monza,2026,Monza Grand Prix,32,32,12,13,intermediate,intermediate,11,12,0.0,False,False,24.94,1.34,1.4,0,stay_out,True,-1.3,-38.0,77.099,-0.901,False,False,0.7316,,,True,0.6024,True,-0.0527,True,-1.0634,True,-0.1701,False,-1.8869,False,-0.0138
sample-run,dqn,1004,dqn-1004-monza,monza,2026,Monza Grand Prix,33,33,12,13,intermediate,intermediate,0,0,0.117,False,False,34.99,0.88,2.42,4,pit_intermediate,True,-1.35,-39.35,80.717,2.717,False,False,0.7853,,,True,0.3816,True,0.1837,True,1.7182,True,-0.8282,True,2.2106,True,-0.9081
sample-run,dqn,1004,dqn-1004-monza,monza,2026,Monza Grand Prix,34,34,13,14,intermediate,intermediate,0,1,0.0,False,False,29.41,1.83,1.05,0,stay_out,True,-1.4,-40.75,79.683,1.683,False,False,0.6558,,,True,2.8903,True,0.7002,True,-2.0059,True,1.1922,False,0.0186,False,1.363
sample-run,dqn,1004,dqn-1004-monza,monza,2026,Monza Grand Prix,35,35,13,14,intermediate,intermediate,1,2,0.0,False,False,33.3,2.55,1.34,0,stay_out,True,-1.4,-42.15,78.598,0.598,False,False,1.1268,,,True,0.5867,True,2.5791,True,-0.0049,True,-0.8317,False,-0.1516,False,0.0581
sample-run,dqn,1004,dqn-1004-monza,monza,2026,Monza Grand Prix,36,36,14,15,intermediate,intermediate,2,3,0.0,False,False,26.05,1.92,1.25,0,stay_out,True,-1.5,-43.65,78.978,0.978,False,False,1.0932,,,True,3.4327,True,1.1314,True,-0.9811,True,-0.2312,False,2.8524,False,-0.1697
sample-run,dqn,1004,dqn-1004-monza,monza,2026,Monza Grand Prix,37,37,15,16,intermediate,intermediate,3,4,0.0,True,False,26.69,1.63,0.57,0,stay_out,True,-1.6,-45.25,78.905,0.905,False,False,0.4935,,,True,0.4081,True,1.5979,True,1.4881,True,-0.2713,False,2.0313,False,-0.5735
sample-run,dqn,1004,dqn-1004-monza,monza,2026,Monza Grand Prix,38,38,15,16,intermediate,intermediate,4,5,0.0,False,False,36.34,1.37,2.01,0,stay_out,True,-1.6,-46.85,76.825,-1.175,False,False,1.0244,,,True,0.9522,True,-0.5278,True,1.6767,True,-0.2634,False,-1.9094,False,-1.7404
sample-run,dqn,1004,dqn-1004-monza,monza,2026,Monza Grand Prix,39,39,14,15,intermediate,intermediate,5,6,0.0,False,False,28.31,1.68,1.21,0,stay_out,True,-1.5,-48.35,79.08,1.08,False,False,0.9917,,,True,0.5186,True,-1.5394,True,0.1834,True,0.9457,False,-0.6896,False,0.386
sample-run,dqn,1004,dqn-1004-monza,monza,2026,Monza Grand Prix,40,40,14,15,intermediate,intermediate,6,7,0.0,False,False,36.55,1.55,0.73,0,stay_out,True,-1.5,-49.85,76.971,-1.029,False,False,0.875,,,True,1.0702,True,1.1611,True,1.8537,True,-0.3388,False,-3.0023,False,-1.0322
sample-run,dqn,1004,dqn-1004-monza,monza,2026,Monza Grand Prix,41,41,14,15,intermediate,intermediate,7,8,0.0,False,False,26.71,0.73,1.79,0,stay_out,True,-1.5,-51.35,78.595,0.595,False,False,1.0721,,,True,2.1514,True,1.4655,True,-1.1767,True,-1.0774,False,-0.8672,False,0.3828
sample-run,dqn,1004,dqn-1004-monza,monza,2026,Monza Grand Prix,42,42,13,14,intermediate,intermediate,8,9,0.0,False,False,36.26,2.19,0.59,0,stay_out,True,-1.4,-52.75,77.321,-0.679,False,False,0.7115,,,True,1.4641,True,-0.499,True,1.0043,True,1.4159,False,0.0163,False,0.6018
sample-run,dqn,1004,dqn-1004-monza,monza,2026,Monza Grand Prix,43,43,12,13,intermediate,intermediate,9,10,0.0,False,False,31.68,2.58,0.72,0,stay_out,True,-1.3,-54.05,77.961,-0.039,False,False,0.9104,,,True,1.6841,True,0.1275,True,-0.126,True,0.9386,False,0.7115,False,0.0014
sample-run,dqn,1004,dqn-1004-monza,monza,2026,Monza Grand Prix,44,44,13,14,intermediate,intermediate,0,0,0.028,False,False,25.42,0.86,1.58,4,pit_intermediate,True,-1.45,-55.5,81.186,3.186,False,False,0.4223,,,True,-1.0225,True,0.7748,True,0.2216,True,1.3262,True,1.0548,True,1.7999
sample-run,dqn,1004,dqn-1004-monza,monza,2026,Monza Grand Prix,45,45,14,15,intermediate,intermediate,0,1,0.0,True,False,32.08,1.87,2.84,0,stay_out,True,-1.5,-57.0,77.234,-0.766,False,False,1.1283,,,True,1.5066,True,1.1327,True,-0.1826,True,-0.0494,False,-1.4985,False,-1.997
sample-run,dqn,1004,dqn-1004-monza,monza,2026,Monza Grand Prix,46,46,14,15,intermediate,intermediate,1,2,0.0,False,False,34.79,1.04,2.56,0,stay_out,True,-1.5,-58.5,77.029,-0.971,False,False,1.1433,,,True,1.1557,True,-1.1382,True,-0.3031,True,-0.516,False,0.3028,False,-0.7172
sample-run,dqn,1004,dqn-1004-monza,monza,2026,Monza Grand Prix,47,47,13,14,intermediate,intermediate,2,3,0.0,False,False,39.88,1.36,2.46,0,stay_out,True,-1.4,-59.9,76.381,-1.619,False,False,0.6433,,,True,0.5515,True,1.5882,True,0.2955,True,0.9651,False,0.4541,False,2.4632
sample-run,dqn,1004,dqn-1004-monza,monza,2026,Monza Grand Prix,48,48,12,13,intermediate,intermediate,3,4,0.0,False,False,32.91,2.26,0.8,0,stay_out,True,-1.3,-61.2,76.805,-1.195,False,False,0.8048,,,True,1.5407,True,1.0464,True,1.4224,True,-0.6128,False,0.1277,False,0.6155
sample-run,dqn,1004,dqn-1004-monza,monza,2026,Monza Grand Prix,49,49,12,13,intermediate,intermediate,4,5,0.0,False,False,31.84,0.77,1.13,0,stay_out,True,-1.3,-62.5,78.024,0.024,False,False,0.7183,,,True,1.583,True,0.6795,True,-0.2159,True,-0.2664,False,-0.9652,False,0.5074
sample-run,dqn,1004,dqn-1004-monza,monza,2026,Monza Grand Prix,50,50,11,12,intermediate,intermediate,5,6,0.0,False,False,32.36,1.68,0.68,0,stay_out,True,-1.2,-63.7,79.226,1.226,False,False,0.7784,,,True,0.9006,True,-0.0504,True,1.1695,True,0.0545,False,0.5496,False,-0.0567
sample-run,dqn,1004,dqn-1004-monza,monza,2026,Monza Grand Prix,51,51,10,11,intermediate,intermediate,6,7,0.0,False,False,19.82,3.0,2.05,0,stay_out,True,-1.1,-64.8,78.582,0.582,False,False,0.6972,,,True,1.6508,True,-0.1683,True,0.321,True,1.0167,False,-0.4637,False,-0.4612
sample-run,dqn,1004,dqn-1004-monza,monza,2026,Monza Grand Prix,52,52,12,13,intermediate,intermediate,0,0,0.09,False,False,29.44,1.81,2.69,4,pit_intermediate,True,-1.35,-66.15,82.486,4.486,True,False,1.1464,,,True,-1.1444,True,-0.8437,True,-1.1434,True,0.1528,True,1.9094,True,1.5355
sample-run,qrl,1004,qrl-1004-monza,monza,2026,Monza Grand Prix,0,0,11,12,medium,medium,0,1,0.0,False,False,27.56,1.57,1.9,0,stay_out,True,-1.2,-1.2,79.221,1.221,False,False,3.0876,,,True,2.6963,True,-1.0754,True,-1.8121,True,-0.1702,False,-0.3779,False,-0.6055
sample-run,qrl,1004,qrl-1004-monza,monza,2026,Monza Grand Prix,1,1,11,12,medium,medium,1,2,0.0,False,False,18.88,2.25,0.97,0,stay_out,True,-1.2,-2.4,77.517,-0.483,False,False,1.6807,,,True,1.8404,True,-1.2354,True,-0.4665,True,-0.4736,False,-0.6211,False,-1.5799
sample-run,qrl,1004,qrl-1004-monza,monza,2026,Monza Grand Prix,2,2,10,11,medium,medium,2,3,0.0,False,False,20.72,0.51,1.62,0,stay_out,True,-1.1,-3.5,79.183,1.183,False,False,1.3433,,,True,0.3723,True,-0.5605,True,-0.1329,True,-1.0214,False,-0.2633,False,1.167
sample-run,qrl,1004,qrl-1004-monza,monza,2026,Monza Grand Prix,3,3,10,11,medium,medium,3,4,0.0,False,False,31.1,2.38,2.64,0,stay_out,True,-1.1,-4.6,76.916,-1.084,False,False,2.3697,,,True,0.5991,True,-0.9668,True,-0.9525,True,1.2435,False,0.1352,False,-0.109
sample-run,qrl,1004,qrl-1004-monza,monza,2026,Monza Grand Prix,4,4,9,10,medium,medium,4,5,0.0,False,False,17.55,2.58,1.99,0,stay_out,True,-1.0,-5.6,75.346,-2.654,False,False,3.1824,,,True,1.6286,True,-0.9387,True,1.3072,True,0.6786,False,0.216,False,-0.3422
sample-run,qrl,1004,qrl-1004-monza,monza,2026,Monza Grand Prix,5,5,9,10,intermediate,intermediate,0,0,0.132,False,False,26.5,0.64,2.26,4,pit_intermediate,True,-1.05,-6.65,78.203,0.203,False,False,2.5987,,,True,0.5185,True,-2.6113,True,0.2098,True,-0.7426,True,1.0426,True,-0.2362
sample-run,qrl,1004,qrl-1004-monza,monza,2026,Monza Grand Prix,6,6,10,11,intermediate,intermediate,0,1,0.0,False,False,29.77,1.04,2.38,0,stay_out,True,-1.1,-7.75,76.731,-1.269,False,False,1.5802,,,True,0.7723,True,-1.5502,True,1.0748,True,1.1631,False,0.2484,False,2.0844
sample-run,qrl,1004,qrl-1004-monza,monza,2026,Monza Grand Prix,7,7,10,11,intermediate,intermediate,1,2,0.0,False,False,23.08,2.04,2.12,0,stay_out,True,-1.1,-8.85,76.924,-1.076,False,False,2.2679,,,True,0.4862,True,-0.4897,True,-0.8387,True,-1.3072,False,-1.3983,False,0.4862
sample-run,qrl,1004,qrl-1004-monza,monza,2026,Monza Grand Prix,8,8,10,11,intermediate,intermediate,2,3,0.0,False,False,22.16,1.91,1.33,0,stay_out,True,-1.1,-9.95,77.765,-0.235,False,False,1.6068,,,True,0.7713,True,-0.1965,True,0.491,True,0.9597,False,-0.6361,False,0.3196
sample-run,qrl,1004,qrl-1004-monza,monza,2026,Monza Grand Prix,9,9,11,12,intermediate,intermediate,3,4,0.0,False,False,19.05,2.41,2.54,0,stay_out,True,-1.2,-11.15,76.421,-1.579,False,False,3.0826,,,True,3.0342,True,1.4454,True,1.2597,True,-1.4453,False,-0.1243,False,-0.5465
sample-run,qrl,1004,qrl-1004-monza,monza,2026,Monza Grand Prix,10,10,11,12,intermediate,intermediate,4,5,0.0,False,False,22.5,2.47,1.06,0,stay_out,True,-1.2,-12.35,75.352,-2.648,False,False,1.9597,,,True,1.1002,True,-0.5474,True,0.4282,True,1.926,False,-0.2417,False,1.7383
sample-run,qrl,1004,qrl-1004-monza,monza,2026,Monza Grand Prix,11,11,11,12,intermediate,intermediate,5,6,0.0,False,False,34.39,0.64,2.16,0,stay_out,True,-1.2,-13.55,75.947,-2.053,False,False,3.1254,,,True,3.3121,True,0.1343,True,1.4975,True,0.3041,False,1.7525,False,0.9123
sample-run,qrl,1004,qrl-1004-monza,monza,2026,Monza Grand Prix,12,12,10,11,intermediate,intermediate,6,7,0.0,False,False,31.67,1.89,1.16,0,stay_out,True,-1.1,-14.65,79.721,1.721,False,False,2.4701,,,True,1.1108,True,-1.1257,True,-0.7571,True,1.1186,False,1.6306,False,-1.0151
sample-run,qrl,1004,qrl-1004-monza,monza,2026,Monza Grand Prix,13,13,10,11,intermediate,intermediate,7,8,0.0,False,False,22.79,2.6,0.65,0,stay_out,True,-1.1,-15.75,78.835,0.835,False,False,2.5089,,,True,-0.3228,True,-0.2194,True,-1.1557,True,0.8018,False,-0.3135,False,-0.2473
sample-run,qrl,1004,qrl-1004-monza,monza,2026,Monza Grand Prix,14,14,10,11,intermediate,intermediate,8,9,0.0,False,False,31.8,0.88,1.07,0,stay_out,True,-1.1,-16.85,78.075,0.075,False,False,3.5881,,,True,1.7791,True,-0.805,True,0.3424,True,1.4125,False,1.3532,False,0.4033
sample-run,qrl,1004,qrl-1004-monza,monza,2026,Monza Grand Prix,15,15,11,12,intermediate,intermediate,9,10,0.0,False,False,24.79,1.84,2.21,0,stay_out,True,-1.2,-18.05,78.198,0.198,False,False,2.2449,,,True,1.6934,True,-0.1085,True,-1.0176,True,0.0098,False,1.293,False,-0.3629
sample-run,qrl,1004,qrl-1004-monza,monza,2026,Monza Grand Prix,16,16,10,11,intermediate,intermediate,10,11,0.0,False,False,24.08,1.87,2.07,0,stay_out,True,-1.1,-19.15,77.694,-0.306,False,False,1.2173,,,True,0.3206,True,-0.3765,True,0.1915,True,-0.1675,False,-0.1238,False,-0.7941
sample-run,qrl,1004,qrl-1004-monza,monza,2026,Monza Grand Prix,17,17,10,11,intermediate,intermediate,11,12,0.0,False,False,21.11,2.44,1.52,0,stay_out,True,-1.1,-20.25,79.905,1.905,False,False,1.8693,,,True,2.5197,True,0.4152,True,-0.6055,True,1.2829,False,1.5368,False,-0.5831
sample-run,qrl,1004,qrl-1004-monza,monza,2026,Monza Grand Prix,18,18,9,10,intermediate,intermediate,12,13,0.0,True,False,26.39,2.35,2.47,0,stay_out,True,-1.0,-21.25,79.12,1.12,False,False,1.4219,,,True,2.383,True,-0.2828,True,2.0863,True,-1.7727,False,1.2508,False,-0.1348
sample-run,qrl,1004,qrl-1004-monza,monza,2026,Monza Grand Prix,19,19,9,10,intermediate,intermediate,13,14,0.0,False,False,27.14,0.92,0.8,0,stay_out,True,-1.0,-22.25,75.465,-2.535,False,False,1.2356,,,True,1.2233,True,0.3713,True,0.8552,True,0.5613,False,-0.0179,False,-0.2065
sample-run,qrl,1004,qrl-1004-monza,monza,2026,Monza Grand Prix,20,20,8,9,intermediate,intermediate,14,15,0.0,False,False,14.67,1.08,2.97,0,stay_out,True,-0.9,-23.15,79.925,1.925,False,False,1.5903,,,True,1.0808,True,-0.8275,True,1.2566,True,-0.6234,False,1.0192,False,0.724
sample-run,qrl,1004,qrl-1004-monza,monza,2026,Monza Grand Prix,21,21,8,9,intermediate,intermediate,15,16,0.0,False,True,24.88,2.55,1.17,0,stay_out,True,-0.9,-24.05,78.451,0.451,False,False,2.7494,,,True,-0.9671,True,0.9056,True,0.493,True,0.4223,False,0.4676,False,-0.7138
sample-run,qrl,1004,qrl-1004-monza,monza,2026,Monza Grand Prix,22,22,8,9,intermediate,intermediate,16,17,0.0,False,True,20.47,1.71,1.07,0,stay_out,True,-0.9,-24.95,82.927,4.927,False,False,2.6788,,,True,1.8038,True,0.13,True,-1.0,True,0.6401,False,0.0355,False,-0.6281
sample-run,qrl,1004,qrl-1004-monza,monza,2026,Monza Grand Prix,23,23,8,9,intermediate,intermediate,17,18,0.0,False,True,23.57,0.69,2.14,0,stay_out,True,-0.9,-25.85,75.935,-2.065,False,False,1.578,,,True,1.1519,True,0.2861,True,0.3219,True,0.1168,False,1.2827,False,-1.274
sample-run,qrl,1004,qrl-1004-monza,monza,2026,Monza Grand Prix,24,24,8,9,intermediate,intermediate,18,19,0.0,False,True,25.33,1.03,2.92,0,stay_out,True,-0.9,-26.75,78.194,0.194,False,False,3.5601,,,True,0.5858,True,2.1953,True,-0.7227,True,-0.0863,False,-0.6171,False,0.2453
sample-run,qrl,1004,qrl-1004-monza,monza,2026,Monza Grand Prix,25,25,8,9,soft,soft,0,0,0.0,True,False,16.57,1.44,0.95,1,pit_soft,True,-0.4,-27.15,83.145,5.145,False,False,2.626,,,True,-0.4952,True,3.2902,True,-1.045,True,-1.2956,False,0.7671,False,-0.3828
sample-run,qrl,1004,qrl-1004-monza,monza,2026,Monza Grand Prix,26,26,9,10,soft,soft,0,1,0.0,False,False,24.32,0.89,2.3,0,stay_out,True,-1.0,-28.15,76.922,-1.078,False,False,1.4033,,,True,2.3249,True,0.985,True,-0.0662,True,1.4604,False,0.2776,False,-0.2637
sample-run,qrl,1004,qrl-1004-monza,monza,2026,Monza Grand Prix,27,27,9,10,soft,soft,1,2,0.0,False,False,21.85,0.87,1.0,0,stay_out,True,-1.0,-29.15,78.665,0.665,False,False,2.3262,,,True,0.7856,True,-0.6574,True,0.2574,True,0.171,False,-3.0459,False,-0.4775
sample-run,qrl,1004,qrl-1004-monza,monza,2026,Monza Grand Prix,28,28,8,9,soft,soft,2,3,0.0,False,False,21.22,2.15,1.57,0,stay_out,True,-0.9,-30.05,78.487,0.487,False,False,2.4587,,,True,2.6452,True,0.6156,True,-0.5629,True,0.1978,False,-0.6392,False,0.2305
sample-run,qrl,1004,qrl-1004-monza,monza,2026,Monza Grand Prix,29,29,8,9,soft,soft,3,4,0.0,False,False,16.3,1.73,1.76,0,stay_out,True,-0.9,-30.95,75.876,-2.124,False,False,1.9609,,,True,0.3976,True,0.4018,True,1.5589,True,0.567,False,-0.3011,False,-0.3122
sample-run,qrl,1004,qrl-1004-monza,monza,2026,Monza Grand Prix,30,30,7,8,soft,soft,4,5,0.0,False,False,23.91,1.15,2.39,0,stay_out,True,-0.8,-31.75,76.752,-1.248,False,False,3.1306,,,True,2.6085,True,-1.0082,True,-0.5117,True,-0.567,False,-0.9162,False,-0.9184
sample-run,qrl,1004,qrl-1004-monza,monza,2026,Monza Grand Prix,31,31,6,7,soft,soft,5,6,0.0,False,False,18.42,0.66,1.65,0,stay_out,True,-0.7,-32.45,77.362,-0.638,False,False,3.4014,,,True,1.8731,True,-0.1857,True,-1.7341,True,-0.4087,False,1.0959,False,-0.4332
sample-run,qrl,1004,qrl-1004-monza,monza,2026,Monza Grand Prix,32,32,5,6,soft,soft,6,7,0.0,True,False,9.11,2.46,2.69,0,stay_out,True,-0.6,-33.05,77.736,-0.264,False,False,3.1964,,,True,2.19,True,-0.3936,True,1.5137,True,-1.2262,False,-0.8583,False,0.2166
sample-run,qrl,1004,qrl-1004-monza,monza,2026,Monza Grand Prix,33,33,4,5,soft,soft,7,8,0.0,False,False,8.84,2.56,0.86,0,stay_out,True,-0.5,-33.55,77.451,-0.549,False,False,2.3252,,,True,-0.1649,True,1.5922,True,-0.4881,True,1.2778,False,-0.7438,False,1.0001
sample-run,qrl,1004,qrl-1004-monza,monza,2026,Monza Grand Prix,34,34,5,6,soft,soft,8,9,0.0,False,False,16.34,0.6,2.93,0,stay_out,True,-0.6,-34.15,74.432,-3.568,False,False,3.3578,,,True,1.8402,True,0.331,True,-1.7249,True,0.6737,False,-0.5059,False,0.1466
sample-run,qrl,1004,qrl-1004-monza,monza,2026,Monza Grand Prix,35,35,4,5,soft,soft,9,10,0.0,True,False,14.72,1.07,2.89,0,stay_out,True,-0.5,-34.65,78.647,0.647,False,False,2.0284,,,True,1.8808,True,0.4564,True,1.4417,True,-0.7181,False,-0.1565,False,0.7051
sample-run,qrl,1004,qrl-1004-monza,monza,2026,Monza Grand Prix,36,36,3,4,intermediate,intermediate,0,0,0.191,False,False,11.05,1.12,1.62,4,pit_intermediate,True,-0.45,-35.1,80.397,2.397,False,False,3.408,,,True,0.1154,True,-0.4222,True,0.0809,True,0.9966,True,1.1935,True,-2.0764
sample-run,qrl,1004,qrl-1004-monza,monza,2026,Monza Grand Prix,37,37,4,5,intermediate,intermediate,0,1,0.0,False,False,12.86,0.53,1.03,0,stay_out,True,-0.5,-35.6,77.715,-0.285,False,False,2.7588,,,True,0.6048,True,0.8924,True,-1.1805,True,-0.4144,False,1.0914,False,-0.2129
sample-run,qrl,1004,qrl-1004-monza,monza,2026,Monza Grand Prix,38,38,5,6,intermediate,intermediate,1,2,0.0,False,False,14.29,1.39,1.33,0,stay_out,True,-0.6,-36.2,78.339,0.339,False,False,2.6324,,,True,2.8877,True,-1.0388,True,-0.7553,True,0.7228,False,-1.2198,False,-0.8073
sample-run,qrl,1004,qrl-1004-monza,monza,2026,Monza Grand Prix,39,39,5,6,intermediate,intermediate,0,0,0.263,False,False,15.46,1.69,1.78,4,pit_intermediate,True,-0.65,-36.85,80.383,2.383,False,False,3.1358,,,True,0.0807,True,-0.9222,True,1.3122,True,-0.4473,True,0.7739,True,1.0448
sample-run,qrl,1004,qrl-1004-monza,monza,2026,Monza Grand Prix,40,40,5,6,intermediate,intermediate,0,1,0.0,False,False,9.5,1.63,0.8,0,stay_out,True,-0.6,-37.45,79.036,1.036,False,False,1.8223,,,True,2.1808,True,0.2247,True,1.5185,True,-0.8432,False,-0.169,False,-0.8975
sample-run,qrl,1004,qrl-1004-monza,monza,2026,Monza Grand Prix,41,41,5,6,intermediate,intermediate,0,0,0.052,False,False,13.83,1.93,2.5,4,pit_intermediate,True,-0.65,-38.1,82.1,4.1,False,False,3.0296,,,True,1.1748,True,0.9106,True,-0.5181,True,-0.8702,True,2.8945,True,0.5295
sample-run,qrl,1004,qrl-1004-monza,monza,2026,Monza Grand Prix,42,42,5,6,intermediate,intermediate,0,1,0.0,False,False,10.34,2.82,1.44,0,stay_out,True,-0.6,-38.7,80.064,2.064,False,False,3.2838,,,True,2.5111,True,-0.5937,True,-0.5347,True,0.0146,False,-0.1998,False,0.9835
sample-run,qrl,1004,qrl-1004-monza,monza,2026,Monza Grand Prix,43,43,4,5,intermediate,intermediate,1,2,0.0,False,False,10.59,0.72,0.8,0,stay_out,True,-0.5,-39.2,79.072,1.072,False,False,1.7015,,,True,0.3045,True,-0.1702,True,-1.798,True,1.3655,False,-0.9059,False,-1.7621
sample-run,qrl,1004,qrl-1004-monza,monza,2026,Monza Grand Prix,44,44,4,5,intermediate,intermediate,2,3,0.0,False,False,12.29,0.9,0.61,0,stay_out,True,-0.5,-39.7,79.554,1.554,False,False,3.1859,,,True,1.9373,True,-1.7449,True,0.0251,True,-0.9842,False,1.2521,False,-0.7479
sample-run,qrl,1004,qrl-1004-monza,monza,2026,Monza Grand Prix,45,45,4,5,intermediate,intermediate,3,4,0.0,False,False,9.78,1.95,1.27,0,stay_out,True,-0.5,-40.2,79.609,1.609,False,False,2.194,,,True,1.0125,True,0.1129,True,0.0662,True,-0.9316,False,-1.5943,False,0.4209
sample-run,qrl,1004,qrl-1004-monza,monza,2026,Monza Grand Prix,46,46,4,5,intermediate,intermediate,4,5,0.0,False,False,13.44,0.54,0.71,0,stay_out,True,-0.5,-40.7,79.461,1.461,False,False,2.9529,,,True,2.1862,True,-0.8133,True,0.5582,True,1.0545,False,2.6743,False,1.01
sample-run,qrl,1004,qrl-1004-monza,monza,2026,Monza Grand Prix,47,47,4,5,intermediate,intermediate,5,6,0.0,False,False,9.59,2.05,1.84,0,stay_out,True,-0.5,-41.2,77.24,-0.76,False,False,2.7764,,,True,1.6432,True,-0.951,True,0.3426,True,0.2869,False,-1.1909,False,0.2298
sample-run,qrl,1004,qrl-1004-monza,monza,2026,Monza Grand Prix,48,48,4,5,intermediate,intermediate,6,7,0.0,False,False,14.91,2.33,0.72,0,stay_out,True,-0.5,-41.7,77.249,-0.751,False,False,1.5766,,,True,2.0971,True,0.0581,True,0.0326,True,0.7154,False,-1.0741,False,0.2292
sample-run,qrl,1004,qrl-1004-monza,monza,2026,Monza Grand Prix,49,49,5,6,intermediate,intermediate,7,8,0.0,False,False,16.24,1.74,2.75,0,stay_out,True,-0.6,-42.3,76.51,-1.49,False,False,2.0693,,,True,0.9213,True,-0.2067,True,0.0964,True,-0.7732,False,-0.2284,False,0.9322
sample-run,qrl,1004,qrl-1004-monza,monza,2026,Monza Grand Prix,50,50,4,5,intermediate,intermediate,8,9,0.0,False,False,10.12,1.71,1.83,0,stay_out,True,-0.5,-42.8,76.488,-1.512,False,False,1.7399,,,True,1.022,True,-0.1493,True,-1.1743,True,0.1879,False,-0.5706,False,-0.7685
sample-run,qrl,1004,qrl-1004-monza,monza,2026,Monza Grand Prix,51,51,4,5,intermediate,intermediate,9,10,0.0,False,False,12.64,2.84,2.28,0,stay_out,True,-0.5,-43.3,78.796,0.796,False,False,1.9883,,,True,2.2711,True,-0.5399,True,-0.0206,True,-1.5867,False,-1.5411,False,1.3393
sample-run,qrl,1004,qrl-1004-monza,monza,2026,Monza Grand Prix,52,52,3,4,intermediate,intermediate,0,0,0.218,False,False,8.67,1.0,2.45,4,pit_intermediate,True,-0.45,-43.75,79.584,1.584,True,False,1.4697,,,True,-0.1927,True,0.1741,True,-1.0089,True,-0.2206,True,0.228,True,-0.2324
sample-run,dqn,1005,dqn-1005-monza,monza,2026,Monza Grand Prix,0,0,14,15,medium,medium,0,1,0.0,False,False,40.3,1.74,2.34,0,stay_out,True,-1.5,-1.5,78.456,0.456,False,False,1.114,,,True,2.2695,True,0.7759,True,0.3331,True,-1.1852,False,0.3095,False,-0.4797
sample-run,dqn,1005,dqn-1005-monza,monza,2026,Monza Grand Prix,1,1,14,15,medium,medium,1,2,0.0,False,False,35.27,2.44,1.38,0,stay_out,True,-1.5,-3.0,78.556,0.556,False,False,1.1604,,,True,1.0454,True,0.283,True,0.5054,True,-1.5553,False,0.9292,False,0.2687
sample-run,dqn,1005,dqn-1005-monza,monza,2026,Monza Grand Prix,2,2,14,15,medium,medium,2,3,0.0,False,False,31.66,0.78,1.25,0,stay_out,True,-1.5,-4.5,75.851,-2.149,False,False,0.682,,,True,0.8873,True,0.5126,True,-0.5202,True,-1.4467,False,2.0279,False,-0.0469
sample-run,dqn,1005,dqn-1005-monza,monza,2026,Monza Grand Prix,3,3,14,15,medium,medium,3,4,0.0,False,False,22.72,2.58,1.71,0,stay_out,True,-1.5,-6.0,80.293,2.293,False,False,0.7584,,,True,1.696,True,0.9776,True,-1.6706,True,-0.2917,False,0.5703,False,0.9619
sample-run,dqn,1005,dqn-1005-monza,monza,2026,Monza Grand Prix,4,4,14,15,medium,medium,4,5,0.0,False,False,39.45,1.82,1.1,0,stay_out,True,-1.5,-7.5,78.341,0.341,False,False,0.7338,,,True,1.646,True,-0.1114,True,0.6673,True,-0.5524,False,0.9481,False,1.3631
sample-run,dqn,1005,dqn-1005-monza,monza,2026,Monza Grand Prix,5,5,14,15,medium,medium,5,6,0.0,False,False,29.81,0.68,2.25,0,stay_out,True,-1.5,-9.0,77.692,-0.308,False,False,0.7615,,,True,2.3654,True,-0.2448,True,1.4096,True,-0.4589,False,-0.9938,False,-1.9565
sample-run,dqn,1005,dqn-1005-monza,monza,2026,Monza Grand Prix,6,6,15,16,medium,medium,6,7,0.0,False,False,31.23,1.57,2.52,0,stay_out,True,-1.6,-10.6,76.391,-1.609,False,False,1.012,,,True,1.5839,True,0.0587,True,-1.1205,True,0.1687,False,-0.1419,False,1.115
sample-run,dqn,1005,dqn-1005-monza,monza,2026,Monza Grand Prix,7,7,14,15,intermediate,intermediate,0,0,0.021,False,False,26.49,1.06,0.5,4,pit_intermediate,True,-1.55,-12.15,81.292,3.292,False,False,0.7769,,,True,-1.475,True,-0.42,True,0.8603,True,1.2006,True,2.5214,True,0.4336
sample-run,dqn,1005,dqn-1005-monza,monza,2026,Monza Grand Prix,8,8,13,14,intermediate,intermediate,0,1,0.0,False,False,41.41,0.91,2.18,0,stay_out,True,-1.4,-13.55,78.784,0.784,False,False,1.0568,,,True,1.9024,True,-1.58,True,0.689,True,-1.6086,False,-0.6026,False,0.3693
sample-run,dqn,1005,dqn-1005-monza,monza,2026,Monza Grand Prix,9,9,13,14,intermediate,intermediate,1,2,0.0,False,False,37.74,2.06,2.2,0,stay_out,True,-1.4,-14.95,76.512,-1.488,False,False,1.0699,,,True,2.6039,True,1.5117,True,0.4281,True,-0.1377,False,-0.9963,False,-0.558
sample-run,dqn,1005,dqn-1005-monza,monza,2026,Monza Grand Prix,10,10,13,14,intermediate,intermediate,0,0,0.21,False,False,26.85,1.77,0.63,4,pit_intermediate,True,-1.45,-16.4,81.179,3.179,False,False,1.0,,,True,-0.3672,True,-0.5334,True,0.4196,True,0.3346,True,3.1448,True,1.87
sample-run,dqn,1005,dqn-1005-monza,monza,2026,Monza Grand Prix,11,11,13,14,intermediate,intermediate,0,1,0.0,False,False,34.1,1.1,2.85,0,stay_out,True,-1.4,-17.8,77.958,-0.042,False,False,0.9949,,,True,2.3086,True,2.5536,True,-1.2366,True,2.1826,False,-0.3559,False,1.2269
sample-run,dqn,1005,dqn-1005-monza,monza,2026,Monza Grand Prix,12,12,12,13,intermediate,intermediate,1,2,0.0,False,False,29.35,1.15,2.36,0,stay_out,True,-1.3,-19.1,78.083,0.083,False,False,1.1418,,,True,0.3115,True,0.4307,True,-0.4509,True,0.8546,False,0.0241,False,0.9975
sample-run,dqn,1005,dqn-1005-monza,monza,2026,Monza Grand Prix,13,13,11,12,intermediate,intermediate,2,3,0.0,False,False,33.55,1.76,0.8,0,stay_out,True,-1.2,-20.3,76.947,-1.053,False,False,0.5575,,,True,0.5305,True,0.3757,True,1.1116,True,-1.286,False,1.1633,False,-0.3309
sample-run,dqn,1005,dqn-1005-monza,monza,2026,Monza Grand Prix,14,14,11,12,intermediate,intermediate,3,4,0.0,False,False,34.1,2.06,1.7,0,stay_out,True,-1.2,-21.5,79.283,1.283,False,False,0.8072,,,True,2.3984,True,-0.4963,True,-0.9286,True,0.2051,False,-0.4527,False,0.8255
sample-run,dqn,1005,dqn-1005-monza,monza,2026,Monza Grand Prix,15,15,12,13,intermediate,intermediate,0,0,0.115,False,False,31.33,1.56,1.45,4,pit_intermediate,True,-1.35,-22.85,82.042,4.042,False,False,0.8234,,,True,-1.122,True,1.6191,True,0.5193,True,-1.0666,True,1.2854,True,0.3288
sample-run,dqn,1005,dqn-1005-monza,monza,2026,Monza Grand Prix,16,16,12,13,intermediate,intermediate,0,1,0.0,False,False,22.71,1.87,1.13,0,stay_out,True,-1.3,-24.15,77.32,-0.68,False,False,0.8964,,,True,1.2199,True,-0.6349,True,-0.4924,True,0.0767,False,-0.7879,False,-0.6761
sample-run,dqn,1005,dqn-1005-monza,monza,2026,Monza Grand Prix,17,17,12,13,intermediate,intermediate,1,2,0.0,False,False,21.29,1.34,2.84,0,stay_out,True,-1.3,-25.45,77.903,-0.097,False,False,0.6271,,,True,1.5231,True,0.2243,True,-0.327,True,0.1167,False,-1.7975,False,1.2137
sample-run,dqn,1005,dqn-1005-monza,monza,2026,Monza Grand Prix,18,18,12,13,intermediate,intermediate,2,3,0.0,False,False,28.79,2.82,0.55,0,stay_out,True,-1.3,-26.75,79.223,1.223,False,False,1.1921,,,True,3.2262,True,0.2529,True,1.3122,True,-0.7973,False,-0.0373,False,1.039
sample-run,dqn,1005,dqn-1005-monza,monza,2026,Monza Grand Prix,19,19,12,13,intermediate,intermediate,3,4,0.0,False,False,22.08,2.87,2.67,0,stay_out,True,-1.3,-28.05,77.234,-0.766,False,False,0.5439,,,True,2.752,True,-0.8086,True,1.7989,True,-0.572,False,0.4174,False,-0.0139
sample-run,dqn,1005,dqn-1005-monza,monza,2026,Monza Grand Prix,20,20,12,13,intermediate,intermediate,4,5,0.0,False,False,25.69,0.7,0.62,0,stay_out,True,-1.3,-29.35,78.331,0.331,False,False,0.4317,,,True,2.3834,True,0.1605,True,0.9792,True,-1.2527,False,-0.0243,False,0.2562
sample-run,dqn,1005,dqn-1005-monza,monza,2026,Monza Grand Prix,21,21,13,14,intermediate,intermediate,5,6,0.0,False,False,37.52,1.56,2.47,0,stay_out,True,-1.4,-30.75,80.333,2.333,False,False,0.6341,,,True,1.1468,True,-0.8735,True,1.5123,True,0.0435,False,0.1573,False,-0.4076
sample-run,dqn,1005,dqn-1005-monza,monza,2026,Monza Grand Prix,22,22,12,13,intermediate,intermediate,6,7,0.0,False,False,26.58,1.2,1.49,0,stay_out,True,-1.3,-32.05,76.877,-1.123,False,False,0.7599,,,True,2.1869,True,0.7389,True,1.4541,True,-2.186,False,-1.4736,False,0.1627
sample-run,dqn,1005,dqn-1005-monza,monza,2026,Monza Grand Prix,23,23,12,13,intermediate,intermediate,7,8,0.0,False,False,21.51,2.94,0.8,0,stay_out,True,-1.3,-33.35,78.62,0.62,False,False,0.8458,,,True,2.034,True,1.5565,True,-0.8817,True,-0.336,False,0.2137,False,-0.2301
sample-run,dqn,1005,dqn-1005-monza,monza,2026,Monza Grand Prix,24,24,12,13,intermediate,intermediate,8,9,0.0,False,False,29.84,1.97,2.28,0,stay_out,True,-1.3,-34.65,78.939,0.939,False,False,0.5251,,,True,1.6378,True,-0.8409,True,0.9893,True,0.8486,False,-1.6901,False,0.8067
sample-run,dqn,1005,dqn-1005-monza,monza,2026,Monza Grand Prix,25,25,11,12,intermediate,intermediate,9,10,0.0,False,False,27.31,0.52,0.83,0,stay_out,True,-1.2,-35.85,79.134,1.134,False,False,0.5925,,,True,1.0775,True,-0.283,True,-1.585,True,-2.2926,False,0.6486,False,-0.228
sample-run,dqn,1005,dqn-1005-monza,monza,2026,Monza Grand Prix,26,26,11,12,intermediate,intermediate,0,0,0.208,False,False,33.5,2.67,1.22,4,pit_intermediate,True,-1.25,-37.1,80.855,2.855,False,False,1.1693,,,True,-1.1326,True,2.3662,True,0.1023,True,-1.1345,True,2.0046,True,0.3675
sample-run,dqn,1005,dqn-1005-monza,monza,2026,Monza Grand Prix,27,27,11,12,intermediate,intermediate,0,1,0.0,True,False,32.71,0.83,1.81,0,stay_out,True,-1.2,-38.3,77.584,-0.416,False,False,0.7731,,,True,0.2159,True,-1.0932,True,-0.1619,True,0.0763,False,0.1235,False,-0.4087
sample-run,dqn,1005,dqn-1005-monza,monza,2026,Monza Grand Prix,28,28,12,13,intermediate,intermediate,1,2,0.0,False,False,22.62,1.72,2.55,0,stay_out,True,-1.3,-39.6,78.195,0.195,False,False,1.1245,,,True,1.4382,True,-0.9561,True,0.2648,True,-0.0273,False,0.5059,False,-1.2205
sample-run,dqn,1005,dqn-1005-monza,monza,2026,Monza Grand Prix,29,29,11,12,intermediate,intermediate,2,3,0.0,True,False,25.44,2.08,2.18,0,stay_out,True,-1.2,-40.8,78.221,0.221,False,False,0.9781,,,True,0.9868,True,-1.1054,True,-0.1232,True,-0.98,False,-1.4083,False,-0.7046
sample-run,dqn,1005,dqn-1005-monza,monza,2026,Monza Grand Prix,30,30,10,11,intermediate,intermediate,3,4,0.0,False,False,22.35,2.83,2.49,0,stay_out,True,-1.1,-41.9,79.461,1.461,False,False,1.0527,,,True,0.7173,True,-1.2545,True,0.5593,True,1.3328,False,0.1676,False,2.5168
sample-run,dqn,1005,dqn-1005-monza,monza,2026,Monza Grand Prix,31,31,9,10,intermediate,intermediate,4,5,0.0,False,False,28.04,1.65,1.53,0,stay_out,True,-1.0,-42.9,79.131,1.131,False,False,1.1106,,,True,2.0443,True,0.1183,True,-0.2714,True,2.599,False,-0.3655,False,-1.5692
sample-run,dqn,1005,dqn-1005-monza,monza,2026,Monza Grand Prix,32,32,9,10,intermediate,intermediate,5,6,0.0,False,False,29.76,2.81,2.02,0,stay_out,True,-1.0,-43.9,77.329,-0.671,False,False,1.0927,,,True,2.5296,True,0.5646,True,0.9214,True,-0.0437,False,-0.0883,False,0.0921
sample-run,dqn,1005,dqn-1005-monza,monza,2026,Monza Grand Prix,33,33,10,11,intermediate,intermediate,6,7,0.0,False,False,26.27,2.39,2.41,0,stay_out,True,-1.1,-45.0,80.391,2.391,False,False,1.1217,,,True,2.232,True,0.8698,True,1.1069,True,0.5902,False,-0.587,False,-1.2454
sample-run,dqn,1005,dqn-1005-monza,monza,2026,Monza Grand Prix,34,34,10,11,intermediate,intermediate,7,8,0.0,False,False,32.97,2.78,2.96,0,stay_out,True,-1.1,-46.1,77.859,-0.141,False,False,0.6974,,,True,1.2625,True,0.3094,True,-1.1776,True,0.6654,False,0.3685,False,1.212
sample-run,dqn,1005,dqn-1005-monza,monza,2026,Monza Grand Prix,35,35,10,11,intermediate,intermediate,8,9,0.0,False,False,32.25,1.08,1.33,0,stay_out,True,-1.1,-47.2,77.313,-0.687,False,False,1.1873,,,True,1.3853,True,0.4279,True,0.2565,True,-0.4895,False,0.0243,False,-0.2278
sample-run,dqn,1005,dqn-1005-monza,monza,2026,Monza Grand Prix,36,36,9,10,intermediate,intermediate,9,10,0.0,False,False,26.7,0.63,1.51,0,stay_out,True,-1.0,-48.2,78.861,0.861,False,False,0.7669,,,True,2.4324,True,-0.5994,True,1.343,True,-1.2802,False,-1.2419,False,-1.195
sample-run,dqn,1005,dqn-1005-monza,monza,2026,Monza Grand Prix,37,37,9,10,intermediate,intermediate,10,11,0.0,False,False,20.14,1.63,1.91,0,stay_out,True,-1.0,-49.2,78.389,0.389,False,False,1.18,,,True,-0.0498,True,-1.6452,True,0.4507,True,1.1145,False,-0.5977,False,-0.9658
sample-run,dqn,1005,dqn-1005-monza,monza,2026,Monza Grand Prix,38,38,9,10,intermediate,intermediate,0,0,0.354,False,False,16.73,2.35,2.12,4,pit_intermediate,True,-1.05,-50.25,81.84,3.84,False,False,0.7864,,,True,-0.2749,True,1.3666,True,-0.9195,True,-1.1675,True,2.1664,True,1.2732
sample-run,dqn,1005,dqn-1005-monza,monza,2026,Monza Grand Prix,39,39,9,10,intermediate,intermediate,0,1,0.0,False,False,20.53,1.04,1.67,0,stay_out,True,-1.0,-51.25,78.595,0.595,False,False,0.9062,,,True,-0.0741,True,-0.8943,True,0.7944,True,-0.0597,False,1.5394,False,0.2038
sample-run,dqn,1005,dqn-1005-monza,monza,2026,Monza Grand Prix,40,40,9,10,intermediate,intermediate,0,0,0.322,False,False,21.69,2.29,2.98,4,pit_intermediate,True,-1.05,-52.3,83.412,5.412,False,False,0.6745,,,True,-0.3456,True,-0.1181,True,0.6975,True,-1.6673,True,2.254,True,-0.8314
sample-run,dqn,1005,dqn-1005-monza,monza,2026,Monza Grand Prix,41,41,9,10,intermediate,intermediate,0,1,0.0,False,False,17.88,2.91,0.62,0,stay_out,True,-1.0,-53.3,78.792,0.792,False,False,0.9152,,,True,1.9889,True,-1.5965,True,0.7655,True,-0.5386,False,-0.0645,False,-0.3401
sample-run,dqn,1005,dqn-1005-monza,monza,2026,Monza Grand Prix,42,42,9,10,intermediate,intermediate,1,2,0.0,False,False,27.71,2.32,1.72,0,stay_out,True,-1.0,-54.3,79.067,1.067,False,False,0.7925,,,True,0.7036,True,-2.4415,True,0.6162,True,-0.7005,False,0.5574,False,1.1926
sample-run,dqn,1005,dqn-1005-monza,monza,2026,Monza Grand Prix,43,43,9,10,intermediate,intermediate,2,3,0.0,False,False,22.95,1.47,0.67,0,stay_out,True,-1.0,-55.3,79.015,1.015,False,False,0.4887,,,True,1.8473,True,0.9826,True,0.8408,True,0.6111,False,-0.0376,False,-0.7776
sample-run,dqn,1005,dqn-1005-monza,monza,2026,Monza Grand Prix,44,44,8,9,intermediate,intermediate,3,4,0.0,False,False,22.01,2.88,1.63,0,stay_out,True,-0.9,-56.2,77.941,-0.059,False,False,0.6696,,,True,1.3994,True,0.0963,True,-0.1195,True,1.0352,False,-0.1111,False,0.3001
sample-run,dqn,1005,dqn-1005-monza,monza,2026,Monza Grand Prix,45,45,9,10,intermediate,intermediate,4,5,0.0,False,False,21.24,2.32,1.73,0,stay_out,True,-1.0,-57.2,78.076,0.076,False,False,0.4874,,,True,2.0205,True,-0.3454,True,2.0525,True,0.238,False,0.3479,False,0.4968
sample-run,dqn,1005,dqn-1005-monza,monza,2026,Monza Grand Prix,46,46,8,9,intermediate,intermediate,5,6,0.0,False,False,16.76,0.81,2.79,0,stay_out,True,-0.9,-58.1,77.355,-0.645,False,False,0.6403,,,True,2.0757,True,1.0471,True,-0.6341,True,0.5002,False,0.7119,False,1.2252
sample-run,dqn,1005,dqn-1005-monza,monza,2026,Monza Grand Prix,47,47,9,10,intermediate,intermediate,6,7,0.0,False,False,27.32,1.3,2.18,0,stay_out,True,-1.0,-59.1,76.948,-1.052,False,False,0.707,,,True,0.571,True,0.2123,True,0.4478,True,0.9927,False,0.1172,False,0.9191
sample-run,dqn,1005,dqn-1005-monza,monza,2026,Monza Grand Prix,48,48,9,10,intermediate,intermediate,7,8,0.0,False,False,28.49,2.58,1.94,0,stay_out,True,-1.0,-60.1,77.499,-0.501,False,False,0.4593,,,True,1.183,True,-0.1863,True,0.7219,True,-0.6429,False,0.7373,False,0.6355
sample-run,dqn,1005,dqn-1005-monza,monza,2026,Monza Grand Prix,49,49,9,10,intermediate,intermediate,8,9,0.0,False,False,28.77,0.69,2.11,0,stay_out,True,-1.0,-61.1,77.763,-0.237,False,False,0.6076,,,True,0.9402,True,-0.4568,True,-0.7627,True,-1.3408,False,-0.2154,False,1.7911
sample-run,dqn,1005,dqn-1005-monza,monza,2026,Monza Grand Prix,50,50,8,9,intermediate,intermediate,9,10,0.0,False,False,26.18,1.96,1.35,0,stay_out,True,-0.9,-62.0,76.444,-1.556,False,False,0.4555,,,True,0.0839,True,-0.6695,True,-1.418,True,-1.573,False,-1.1968,False,0.6816
sample-run,dqn,1005,dqn-1005-monza,monza,2026,Monza Grand Prix,51,51,8,9,intermediate,intermediate,10,11,0.0,False,False,24.47,1.69,2.13,0,stay_out,True,-0.9,-62.9,77.774,-0.226,False,False,0.4167,,,True,1.8858,True,0.0878,True,-0.7263,True,0.8281,False,2.1373,False,-0.6835
sample-run,dqn,1005,dqn-1005-monza,monza,2026,Monza Grand Prix,52,52,8,9,intermediate,intermediate,11,12,0.0,True,False,15.48,1.95,1.72,0,stay_out,True,-0.9,-63.8,78.782,0.782,True,False,1.1716,,,True,1.0849,True,0.735,True,-0.5782,True,-0.6933,False,0.4932,False,-0.704
sample-run,qrl,1005,qrl-1005-monza,monza,2026,Monza Grand Prix,0,0,10,11,medium,medium,0,1,0.0,False,False,30.79,2.31,0.76,0,stay_out,True,-1.1,-1.1,78.512,0.512,False,False,1.4447,,,True,1.2453,True,0.8464,True,-1.495,True,0.5822,False,1.3507,False,-0.5279
sample-run,qrl,1005,qrl-1005-monza,monza,2026,Monza Grand Prix,1,1,10,11,medium,medium,1,2,0.0,False,False,21.7,2.16,2.88,0,stay_out,True,-1.1,-2.2,78.993,0.993,False,False,2.379,,,True,1.3092,True,0.5227,True,0.5524,True,-0.4467,False,-0.0247,False,1.6554
sample-run,qrl,1005,qrl-1005-monza,monza,2026,Monza Grand Prix,2,2,9,10,medium,medium,2,3,0.0,False,False,26.11,0.93,1.02,0,stay_out,True,-1.0,-3.2,78.125,0.125,False,False,2.4691,,,True,1.4421,True,-0.6467,True,0.7819,True,0.4397,False,1.0198,False,-1.7418
sample-run,qrl,1005,qrl-1005-monza,monza,2026,Monza Grand Prix,3,3,9,10,medium,medium,3,4,0.0,False,False,27.43,1.29,1.81,0,stay_out,True,-1.0,-4.2,79.074,1.074,False,False,1.874,,,True,1.8811,True,0.0265,True,-0.8603,True,-0.1182,False,0.1901,False,0.0728
sample-run,qrl,1005,qrl-1005-monza,monza,2026,Monza Grand Prix,4,4,9,10,medium,medium,4,5,0.0,False,False,29.41,2.72,2.41,0,stay_out,True,-1.0,-5.2,78.27,0.27,False,False,1.354,,,True,-0.7557,True,-0.74,True,0.1849,True,-0.9722,False,0.0586,False,2.192
sample-run,qrl,1005,qrl-1005-monza,monza,2026,Monza Grand Prix,5,5,9,10,medium,medium,5,6,0.0,False,False,28.16,1.88,2.05,0,stay_out,True,-1.0,-6.2,77.929,-0.071,False,False,2.6113,,,True,2.5792,True,-2.1648,True,-2.0169,True,1.3682,False,-0.3581,False,0.3175
sample-run,qrl,1005,qrl-1005-monza,monza,2026,Monza Grand Prix,6,6,8,9,medium,medium,6,7,0.0,False,False,19.94,1.43,1.01,0,stay_out,True,-0.9,-7.1,76.869,-1.131,False,False,1.5051,,,True,1.2565,True,0.8353,True,-1.0823,True,0.9436,False,1.2387,False,0.3107
sample-run,qrl,1005,qrl-1005-monza,monza,2026,Monza Grand Prix,7,7,7,8,medium,medium,7,8,0.0,False,False,23.48,0.8,1.38,0,stay_out,True,-0.8,-7.9,77.052,-0.948,False,False,1.3464,,,True,1.6912,True,-0.8566,True,1.1453,True,-0.1788,False,0.1614,False,0.3637
sample-run,qrl,1005,qrl-1005-monza,monza,2026,Monza Grand Prix,8,8,8,9,medium,medium,8,9,0.0,False,False,19.84,2.01,1.01,0,stay_out,True,-0.9,-8.8,79.901,1.901,False,False,3.5382,,,True,2.1198,True,0.5424,True,0.7705,True,-1.2806,False,3.1748,False,1.4813
sample-run,qrl,1005,qrl-1005-monza,monza,2026,Monza Grand Prix,9,9,8,9,medium,medium,9,10,0.0,False,False,23.4,1.1,1.98,0,stay_out,True,-0.9,-9.7,77.179,-0.821,False,False,3.2011,,,True,2.1993,True,-0.0399,True,-0.1867,True,0.4139,False,0.6851,False,1.0125
sample-run,qrl,1005,qrl-1005-monza,monza,2026,Monza Grand Prix,10,10,7,8,medium,medium,10,11,0.0,False,False,12.22,0.51,1.79,0,stay_out,True,-0.8,-10.5,79.316,1.316,False,False,3.3484,,,True,1.0357,True,0.3072,True,-0.2185,True,-0.4404,False,-0.1123,False,-0.1714
sample-run,qrl,1005,qrl-1005-monza,monza,2026,Monza Grand Prix,11,11,7,8,medium,medium,11,12,0.0,False,False,12.83,2.8,2.19,0,stay_out,True,-0.8,-11.3,77.435,-0.565,False,False,2.2439,,,True,4.2307,True,-0.3022,True,1.3259,True,-0.8156,False,-0.1909,False,-0.2413
sample-run,qrl,1005,qrl-1005-monza,monza,2026,Monza Grand Prix,12,12,8,9,medium,medium,12,13,0.0,False,False,24.69,2.33,1.24,0,stay_out,True,-0.9,-12.2,75.392,-2.608,False,False,1.8934,,,True,1.6248,True,-0.3411,True,0.7288,True,-0.532,False,1.1761,False,0.0176
sample-run,qrl,1005,qrl-1005-monza,monza,2026,Monza Grand Prix,13,13,8,9,intermediate,intermediate,0,0,0.034,False,False,22.43,2.82,2.0,4,pit_intermediate,True,-0.95,-13.15,81.815,3.815,False,False,2.918,,,True,0.238,True,1.3599,True,0.6033,True,-0.3224,True,1.5921,True,-0.9256
sample-run,qrl,1005,qrl-1005-monza,monza,2026,Monza Grand Prix,14,14,9,10,intermediate,intermediate,0,1,0.0,False,False,20.23,2.99,1.28,0,stay_out,True,-1.0,-14.15,79.047,1.047,False,False,2.4289,,,True,2.975,True,0.0633,True,-0.8636,True,0.2946,False,1.6753,False,-1.261
sample-run,qrl,1005,qrl-1005-monza,monza,2026,Monza Grand Prix,15,15,8,9,intermediate,intermediate,1,2,0.0,False,False,25.39,2.93,0.85,0,stay_out,True,-0.9,-15.05,80.404,2.404,False,False,1.209,,,True,1.2056,True,-0.6508,True,0.5341,True,0.4154,False,0.1793,False,-0.6968
sample-run,qrl,1005,qrl-1005-monza,monza,2026,Monza Grand Prix,16,16,8,9,intermediate,intermediate,2,3,0.0,False,False,17.24,1.17,2.42,0,stay_out,True,-0.9,-15.95,78.413,0.413,False,False,2.8355,,,True,2.0658,True,0.3418,True,-0.6782,True,-0.5453,False,0.8143,False,-0.3862
sample-run,qrl,1005,qrl-1005-monza,monza,2026,Monza Grand Prix,17,17,9,10,intermediate,intermediate,3,4,0.0,False,False,20.83,2.99,1.63,0,stay_out,True,-1.0,-16.95,76.765,-1.235,False,False,1.3578,,,True,1.3343,True,1.2906,True,-2.2884,True,-1.3889,False,0.8585,False,1.2536
sample-run,qrl,1005,qrl-1005-monza,monza,2026,Monza Grand Prix,18,18,8,9,intermediate,intermediate,4,5,0.0,False,False,22.88,2.08,0.92,0,stay_out,True,-0.9,-17.85,77.348,-0.652,False,False,1.7655,,,True,1.4593,True,-0.0206,True,-1.0979,True,-0.1377,False,-1.1531,False,-1.4538
sample-run,qrl,1005,qrl-1005-monza,monza,2026,Monza Grand Prix,19,19,7,8,intermediate,intermediate,5,6,0.0,False,False,14.51,2.51,2.82,0,stay_out,True,-0.8,-18.65,79.72,1.72,False,False,3.1179,,,True,1.6086,True,0.0188,True,-0.1098,True,1.7648,False,-0.4812,False,-2.2916
sample-run,qrl,1005,qrl-1005-monza,monza,2026,Monza Grand Prix,20,20,6,7,intermediate,intermediate,6,7,0.0,False,False,20.02,2.63,2.16,0,stay_out,True,-0.7,-19.35,78.613,0.613,False,False,2.9662,,,True,2.9761,True,0.3969,True,0.4838,True,-0.1347,False,-2.2879,False,-0.0253
sample-run,qrl,1005,qrl-1005-monza,monza,2026,Monza Grand Prix,21,21,6,7,intermediate,intermediate,7,8,0.0,False,False,19.26,0.86,2.05,0,stay_out,True,-0.7,-20.05,79.779,1.779,False,False,1.7291,,,True,1.6057,True,-0.7993,True,-0.4473,True,-0.8346,False,0.913,False,-0.8505
sample-run,qrl,1005,qrl-1005-monza,monza,2026,Monza Grand Prix,22,22,6,7,intermediate,intermediate,8,9,0.0,False,False,12.78,2.65,1.63,0,stay_out,True,-0.7,-20.75,78.083,0.083,False,False,3.1512,,,True,2.0023,True,0.1754,True,-0.5509,True,1.0192,False,0.0559,False,0.9259
sample-run,qrl,1005,qrl-1005-monza,monza,2026,Monza Grand Prix,23,23,5,6,intermediate,intermediate,9,10,0.0,False,False,16.98,2.7,2.43,0,stay_out,True,-0.6,-21.35,78.628,0.628,False,False,2.6828,,,True,0.8206,True,-1.4853,True,0.513,True,0.5123,False,-1.3662,False,-0.339
sample-run,qrl,1005,qrl-1005-monza,monza,2026,Monza Grand Prix,24,24,6,7,intermediate,intermediate,10,11,0.0,False,False,11.01,1.28,2.24,0,stay_out,True,-0.7,-22.05,77.279,-0.721,False,False,2.4076,,,True,0.935,True,-0.3268,True,-0.5933,True,0.8325,False,-1.9537,False,-0.4992
sample-run,qrl,1005,qrl-1005-monza,monza,2026,Monza Grand Prix,25,25,6,7,intermediate,intermediate,11,12,0.0,False,False,15.26,0.63,2.1,0,stay_out,True,-0.7,-22.75,78.112,0.112,False,False,3.2426,,,True,1.7541,True,-0.4648,True,0.7271,True,1.0931,False,-0.4317,False,0.8634
sample-run,qrl,1005,qrl-1005-monza,monza,2026,Monza Grand Prix,26,26,6,7,intermediate,intermediate,12,13,0.0,False,False,15.15,1.8,2.19,0,stay_out,True,-0.7,-23.45,77.369,-0.631,False,False,3.1058,,,True,4.0888,True,-0.8494,True,1.1293,True,-1.2718,False,-0.0079,False,1.7922
sample-run,qrl,1005,qrl-1005-monza,monza,2026,Monza Grand Prix,27,27,7,8,intermediate,intermediate,13,14,0.0,False,False,23.86,2.49,2.0,0,stay_out,True,-0.8,-24.25,77.664,-0.336,False,False,1.7812,,,True,2.9203,True,-0.0256,True,0.2326,True,-0.8755,False,1.1423,False,-0.6619
sample-run,qrl,1005,qrl-1005-monza,monza,2026,Monza Grand Prix,28,28,7,8,intermediate,intermediate,14,15,0.0,False,False,23.83,1.03,1.29,0,stay_out,True,-0.8,-25.05,77.371,-0.629,False,False,2.8045,,,True,1.0807,True,-0.8744,True,1.8904,True,-0.3655,False,-0.4154,False,-0.3698
sample-run,qrl,1005,qrl-1005-monza,monza,2026,Monza Grand Prix,29,29,6,7,intermediate,intermediate,15,16,0.0,False,True,19.62,1.74,2.07,0,stay_out,True,-0.7,-25.75,77.53,-0.47,False,False,1.2485,,,True,2.6626,True,-0.3932,True,0.7641,True,-0.9429,False,-1.3755,False,-0.0265
sample-run,qrl,1005,qrl-1005-monza,monza,2026,Monza Grand Prix,30,30,5,6,intermediate,intermediate,16,17,0.0,False,True,10.94,2.13,0.85,0,stay_out,True,-0.6,-26.35,78.91,0.91,False,False,1.3736,,,True,0.5014,True,1.826,True,0.2345,True,-1.0719,False,-1.1288,False,0.4483
sample-run,qrl,1005,qrl-1005-monza,monza,2026,Monza Grand Prix,31,31,7,8,intermediate,intermediate,0,0,0.376,False,False,20.49,2.32,1.61,4,pit_intermediate,True,-0.85,-27.2,82.445,4.445,False,False,1.3029,,,True,-0.263,True,0.8959,True,0.338,True,-1.2607,True,1.383,True,-2.8628
sample-run,qrl,1005,qrl-1005-monza,monza,2026,Monza Grand Prix,32,32,6,7,intermediate,intermediate,0,1,0.0,False,False,19.44,2.19,2.72,0,stay_out,True,-0.7,-27.9,79.043,1.043,False,False,3.0326,,,True,2.3718,True,-0.6011,True,-0.0035,True,0.169,False,-0.1993,False,0.784
sample-run,qrl,1005,qrl-1005-monza,monza,2026,Monza Grand Prix,33,33,8,9,intermediate,intermediate,0,0,0.014,False,False,18.44,2.14,2.33,4,pit_intermediate,True,-0.95,-28.85,80.464,2.464,False,False,2.2918,,,True,-0.1281,True,1.9746,True,1.0804,True,-0.3365,True,1.6847,True,1.0132
sample-run,qrl,1005,qrl-1005-monza,monza,2026,Monza Grand Prix,34,34,9,10,intermediate,intermediate,0,1,0.0,False,False,23.8,2.3,1.47,0,stay_out,True,-1.0,-29.85,77.283,-0.717,False,False,3.1902,,,True,0.7527,True,0.4812,True,0.2261,True,1.1422,False,-1.4222,False,0.3721
sample-run,qrl,1005,qrl-1005-monza,monza,2026,Monza Grand Prix,35,35,8,9,intermediate,intermediate,1,2,0.0,False,False,17.98,2.6,2.6,0,stay_out,True,-0.9,-30.75,79.584,1.584,False,False,1.335,,,True,1.344,True,1.9339,True,0.6822,True,0.664,False,0.1476,False,0.9413
sample-run,qrl,1005,qrl-1005-monza,monza,2026,Monza Grand Prix,36,36,8,9,intermediate,intermediate,2,3,0.0,False,False,22.65,1.82,2.81,0,stay_out,True,-0.9,-31.65,78.47,0.47,False,False,3.4571,,,True,1.4171,True,-0.3703,True,0.0471,True,0.0183,False,0.2028,False,0.4611
sample-run,qrl,1005,qrl-1005-monza,monza,2026,Monza Grand Prix,37,37,9,10,intermediate,intermediate,3,4,0.0,False,False,28.18,0.89,2.81,0,stay_out,True,-1.0,-32.65,78.809,0.809,False,False,1.3377,,,True,0.5804,True,1.3071,True,-0.012,True,0.4779,False,-0.3547,False,0.0902
sample-run,qrl,1005,qrl-1005-monza,monza,2026,Monza Grand Prix,38,38,10,11,intermediate,intermediate,4,5,0.0,False,False,28.58,1.58,2.78,0,stay_out,True,-1.1,-33.75,77.663,-0.337,False,False,1.6222,,,True,1.0369,True,2.0429,True,-1.3134,True,0.2624,False,-1.6555,False,-2.4612
sample-run,qrl,1005,qrl-1005-monza,monza,2026,Monza Grand Prix,39,39,10,11,intermediate,intermediate,5,6,0.0,False,False,24.48,1.25,0.72,0,stay_out,True,-1.1,-34.85,76.324,-1.676,False,False,2.5702,,,True,1.0424,True,0.1337,True,0.3782,True,-1.5172,False,0.6651,False,-0.306
sample-run,qrl,1005,qrl-1005-monza,monza,2026,Monza Grand Prix,40,40,9,10,intermediate,intermediate,6,7,0.0,False,False,20.42,0.76,1.48,0,stay_out,True,-1.0,-35.85,76.985,-1.015,False,False,1.5038,,,True,2.2954,True,-0.8471,True,0.6298,True,-0.1267,False,0.7686,False,0.1621
sample-run,qrl,1005,qrl-1005-monza,monza,2026,Monza Grand Prix,41,41,10,11,intermediate,intermediate,7,8,0.0,False,False,24.43,0.9,2.64,0,stay_out,True,-1.1,-36.95,78.665,0.665,False,False,1.4084,,,True,1.6378,True,-1.8714,True,1.77,True,0.8996,False,-0.4796,False,1.0012
sample-run,qrl,1005,qrl-1005-monza,monza,2026,Monza Grand Prix,42,42,10,11,intermediate,intermediate,0,0,0.217,False,False,26.0,1.13,1.31,4,pit_intermediate,True,-1.15,-38.1,81.809,3.809,False,False,2.0204,,,True,0.4302,True,1.1461,True,0.2252,True,-0.0595,True,1.9509,True,0.2327
sample-run,qrl,1005,qrl-1005-monza,monza,2026,Monza Grand Prix,43,43,10,11,intermediate,intermediate,0,1,0.0,False,False,30.65,1.54,0.67,0,stay_out,True,-1.1,-39.2,77.65,-0.35,False,False,2.0942,,,True,2.0318,True,1.1378,True,-0.6237,True,-0.4992,False,0.5599,False,-1.8373
sample-run,qrl,1005,qrl-1005-monza,monza,2026,Monza Grand Prix,44,44,10,11,intermediate,intermediate,1,2,0.0,False,False,29.8,2.27,2.67,0,stay_out,True,-1.1,-40.3,76.678,-1.322,False,False,1.2916,,,True,2.1142,True,-1.0213,True,0.4379,True,0.8573,False,-0.4091,False,-0.7736
sample-run,qrl,1005,qrl-1005-monza,monza,2026,Monza Grand Prix,45,45,11,12,intermediate,intermediate,2,3,0.0,False,False,35.92,0.99,1.15,0,stay_out,True,-1.2,-41.5,77.621,-0.379,False,False,1.3311,,,True,1.4097,True,0.4381,True,-0.0636,True,-0.412,False,0.1438,False,0.6842
sample-run,qrl,1005,qrl-1005-monza,monza,2026,Monza Grand Prix,46,46,11,12,intermediate,intermediate,3,4,0.0,False,False,20.3,1.03,0.82,0,stay_out,True,-1.2,-42.7,80.05,2.05,False,False,1.3615,,,True,1.8733,True,0.8348,True,0.3978,True,2.667,False,-0.3876,False,1.2452
sample-run,qrl,1005,qrl-1005-monza,monza,2026,Monza Grand Prix,47,47,11,12,intermediate,intermediate,4,5,0.0,False,False,35.29,2.98,1.5,0,stay_out,True,-1.2,-43.9,77.484,-0.516,False,False,2.8036,,,True,0.6507,True,-0.6665,True,2.7072,True,-0.6512,False,0.8286,False,0.1074
sample-run,qrl,1005,qrl-1005-monza,monza,2026,Monza Grand Prix,48,48,11,12,intermediate,intermediate,5,6,0.0,False,False,33.71,2.27,2.45,0,stay_out,True,-1.2,-45.1,79.382,1.382,False,False,1.4539,,,True,1.1323,True,-0.9911,True,-0.9571,True,-0.4709,False,1.2132,False,-0.2857
sample-run,qrl,1005,qrl-1005-monza,monza,2026,Monza Grand Prix,49,49,11,12,intermediate,intermediate,6,7,0.0,False,False,25.78,1.87,2.61,0,stay_out,True,-1.2,-46.3,77.239,-0.761,False,False,3.5592,,,True,2.4142,True,-0.0843,True,1.1445,True,0.4528,False,0.2302,False,-0.6444
sample-run,qrl,1005,qrl-1005-monza,monza,2026,Monza Grand Prix,50,50,11,12,intermediate,intermediate,7,8,0.0,False,False,22.65,0.95,1.98,0,stay_out,True,-1.2,-47.5,76.99,-1.01,False,False,2.3513,,,True,-0.575,True,2.4848,True,1.5981,True,-0.6098,False,-0.7527,False,-0.6311
sample-run,qrl,1005,qrl-1005-monza,monza,2026,Monza Grand Prix,51,51,11,12,intermediate,intermediate,0,0,0.021,False,False,30.3,2.73,2.38,4,pit_intermediate,True,-1.25,-48.75,82.932,4.932,False,False,3.4239,,,True,-1.3494,True,-0.619,True,0.76,True,0.5357,True,2.4276,True,-0.1188
sample-run,qrl,1005,qrl-1005-monza,monza,2026,Monza Grand Prix,52,52,11,12,intermediate,intermediate,0,1,0.0,False,False,34.79,1.91,1.99,0,stay_out,True,-1.2,-49.95,79.377,1.377,True,False,3.0058,,,True,0.7477,True,-0.1303,True,-1.1613,True,1.9238,False,-1.2426,False,-0.1546
sample-run,dqn,1001,dqn-1001-silverstone,silverstone,2026,Silverstone Grand Prix,0,0,10,11,medium,medium,0,1,0.0,False,False,18.28,1.29,1.8,0,stay_out,True,-1.1,-1.1,77.686,-0.314,False,False,1.1188,,,True,1.1495,True,-0.334,True,2.3875,True,-0.6599,False,-0.866,False,-1.3792
sample-run,dqn,1001,dqn-1001-silverstone,silverstone,2026,Silverstone Grand Prix,1,1,9,10,medium,medium,1,2,0.0,False,False,23.86,2.52,2.08,0,stay_out,True,-1.0,-2.1,78.465,0.465,False,False,0.74,,,True,1.3007,True,0.5582,True,0.2413,True,-0.8344,False,0.1061,False,-1.413
sample-run,dqn,1001,dqn-1001-silverstone,silverstone,2026,Silverstone Grand Prix,2,2,8,9,medium,medium,2,3,0.0,False,False,19.95,0.87,1.36,0,stay_out,True,-0.9,-3.0,76.789,-1.211,False,False,1.0806,,,True,1.1582,True,-2.4675,True,0.7322,True,-1.233,False,-0.9439,False,0.5102
sample-run,dqn,1001,dqn-1001-silverstone,silverstone,2026,Silverstone Grand Prix,3,3,9,10,medium,medium,3,4,0.0,False,False,17.93,2.46,2.87,0,stay_out,True,-1.0,-4.0,80.105,2.105,False,False,0.5078,,,True,0.9653,True,-1.102,True,0.1169,True,-0.2728,False,0.2855,False,1.0943
sample-run,dqn,1001,dqn-1001-silverstone,silverstone,2026,Silverstone Grand Prix,4,4,9,10,medium,medium,4,5,0.0,False,False,24.21,1.09,2.78,0,stay_out,True,-1.0,-5.0,77.744,-0.256,False,False,0.5676,,,True,1.9927,True,-0.4266,True,1.1377,True,0.8144,False,0.3559,False,-0.3977
sample-run,dqn,1001,dqn-1001-silverstone,silverstone,2026,Silverstone Grand Prix,5,5,8,9,intermediate,intermediate,0,0,0.113,False,False,24.43,1.98,1.35,4,pit_intermediate,True,-0.95,-5.95,81.869,3.869,False,False,0.7123,,,True,-1.1316,True,1.3705,True,-0.8851,True,-1.8569,True,1.3232,True,-1.0297
sample-run,dqn,1001,dqn-1001-silverstone,silverstone,2026,Silverstone Grand Prix,6,6,8,9,intermediate,intermediate,0,1,0.0,False,False,24.5,2.63,2.62,0,stay_out,True,-0.9,-6.85,77.456,-0.544,False,False,1.069,,,True,-0.232,True,2.4202,True,-0.0761,True,-0.6466,False,-0.6108,False,0.7767
sample-run,dqn,1001,dqn-1001-silverstone,silverstone,2026,Silverstone Grand Prix,7,7,9,10,intermediate,intermediate,0,0,0.066,False,False,20.3,2.53,1.51,4,pit_intermediate,True,-1.05,-7.9,80.694,2.694,False,False,0.9371,,,True,-0.0668,True,0.6089,True,-0.6041,True,-1.2563,True,1.07,True,0.6625
sample-run,dqn,1001,dqn-1001-silverstone,silverstone,2026,Silverstone Grand Prix,8,8,9,10,intermediate,intermediate,0,1,0.0,False,False,21.51,1.69,0.69,0,stay_out,True,-1.0,-8.9,77.926,-0.074,False,False,0.6497,,,True,2.12,True,-0.6133,True,-0.0557,True,-0.8256,False,0.7117,False,-0.6188
sample-run,dqn,1001,dqn-1001-silverstone,silverstone,2026,Silverstone Grand Prix,9,9,8,9,intermediate,intermediate,1,2,0.0,False,False,23.76,2.37,2.29,0,stay_out,True,-0.9,-9.8,79.807,1.807,False,False,0.5129,,,True,0.2457,True,-1.8166,True,-0.7257,True,0.1799,False,1.0143,False,0.054
sample-run,dqn,1001,dqn-1001-silverstone,silverstone,2026,Silverstone Grand Prix,10,10,8,9,intermediate,intermediate,2,3,0.0,False,False,18.54,2.53,0.61,0,stay_out,True,-0.9,-10.7,75.744,-2.256,False,False,0.5942,,,True,1.2571,True,0.1474,True,-0.6506,True,0.1438,False,0.2565,False,-0.6876
sample-run,dqn,1001,dqn-1001-silverstone,silverstone,2026,Silverstone Grand Prix,11,11,7,8,intermediate,intermediate,3,4,0.0,False,False,23.76,1.81,1.49,0,stay_out,True,-0.8,-11.5,76.457,-1.543,False,False,1.0978,,,True,1.6365,True,-0.7433,True,0.6095,True,-0.0083,False,1.4644,False,-1.1243
sample-run,dqn,1001,dqn-1001-silverstone,silverstone,2026,Silverstone Grand Prix,12,12,8,9,intermediate,intermediate,4,5,0.0,False,False,21.5,0.95,1.05,0,stay_out,True,-0.9,-12.4,78.987,0.987,False,False,0.6819,,,True,2.4735,True,-1.4433,True,-0.8483,True,-0.4522,False,-0.4941,False,1.1352
sample-run,dqn,1001,dqn-1001-silverstone,silverstone,2026,Silverstone Grand Prix,13,13,9,10,intermediate,intermediate,5,6,0.0,False,False,15.07,1.43,1.04,0,stay_out,True,-1.0,-13.4,77.008,-0.992,False,False,0.8425,,,True,0.2183,True,-1.0122,True,0.53,True,0.8223,False,1.736,False,0.7015
sample-run,dqn,1001,dqn-1001-silverstone,silverstone,2026,Silverstone Grand Prix,14,14,9,10,intermediate,intermediate,6,7,0.0,False,False,17.88,2.84,2.54,0,stay_out,True,-1.0,-14.4,79.879,1.879,False,False,1.0743,,,True,2.961,True,-1.2198,True,0.8494,True,1.0071,False,-0.4189,False,2.017
sample-run,dqn,1001,dqn-1001-silverstone,silverstone,2026,Silverstone Grand Prix,15,15,10,11,intermediate,intermediate,7,8,0.0,False,False,24.08,2.45,1.98,0,stay_out,True,-1.1,-15.5,79.757,1.757,False,False,0.6075,,,True,2.5487,True,-0.4175,True,-0.4865,True,1.5054,False,-1.2982,False,-1.0759
sample-run,dqn,1001,dqn-1001-silverstone,silverstone,2026,Silverstone Grand Prix,16,16,10,11,intermediate,intermediate,8,9,0.0,False,False,20.84,2.69,2.68,0,stay_out,True,-1.1,-16.6,78.923,0.923,False,False,0.5136,,,True,-1.0013,True,-0.9575,True,2.3251,True,0.2122,False,0.9243,False,0.3159
sample-run,dqn,1001,dqn-1001-silverstone,silverstone,2026,Silverstone Grand Prix,17,17,9,10,intermediate,intermediate,9,10,0.0,False,False,23.0,2.56,2.77,0,stay_out,True,-1.0,-17.6,78.271,0.271,False,False,1.0819,,,True,0.8653,True,0.8458,True,0.9495,True,-0.1807,False,0.7581,False,1.4055
sample-run,dqn,1001,dqn-1001-silverstone,silverstone,2026,Silverstone Grand Prix,18,18,9,10,intermediate,intermediate,10,11,0.0,False,False,15.63,2.31,2.2,0,stay_out,True,-1.0,-18.6,78.322,0.322,False,False,1.153,,,True,1.9447,True,0.4278,True,0.5323,True,-1.9793,False,0.5257,False,0.6417
sample-run,dqn,1001,dqn-1001-silverstone,silverstone,2026,Silverstone Grand Prix,19,19,10,11,intermediate,intermediate,11,12,0.0,True,False,26.63,0.51,1.15,0,stay_out,True,-1.1,-19.7,78.453,0.453,False,False,0.7026,,,True,1.8452,True,1.2706,True,-1.7136,True,-0.067,False,0.2911,False,1.1067
sample-run,dqn,1001,dqn-1001-silverstone,silverstone,2026,Silverstone Grand Prix,20,20,9,10,intermediate,intermediate,12,13,0.0,False,False,15.6,0.5,1.45,0,stay_out,True,-1.0,-20.7,79.76,1.76,False,False,1.0034,,,True,1.4389,True,-1.8925,True,-0.6872,True,0.2079,False,-0.638,False,1.1669
sample-run,dqn,1001,dqn-1001-silverstone,silverstone,2026,Silverstone Grand Prix,21,21,9,10,intermediate,intermediate,13,14,0.0,False,False,21.23,1.69,1.61,0,stay_out,True,-1.0,-21.7,78.87,0.87,False,False,0.6692,,,True,-1.2113,True,-0.5495,True,0.2443,True,0.8582,False,0.1721,False,-0.5988
sample-run,dqn,1001,dqn-1001-silverstone,silverstone,2026,Silverstone Grand Prix,22,22,10,11,intermediate,intermediate,14,15,0.0,False,False,19.79,2.81,2.54,0,stay_out,True,-1.1,-22.8,78.591,0.591,False,False,0.6063,,,True,2.3611,True,-0.7829,True,-0.2445,True,-0.041,False,-1.2544,False,1.3447
sample-run,dqn,1001,dqn-1001-silverstone,silverstone,2026,Silverstone Grand Prix,23,23,11,12,intermediate,intermediate,15,16,0.0,False,True,22.42,2.02,1.2,0,stay_out,True,-1.2,-24.0,78.722,0.722,False,False,0.9886,,,True,1.8216,True,0.1164,True,-0.4865,True,0.734,False,-1.2468,False,-0.9633
sample-run,dqn,1001,dqn-1001-silverstone,silverstone,2026,Silverstone Grand Prix,24,24,10,11,intermediate,intermediate,16,17,0.0,False,True,27.57,2.14,1.29,0,stay_out,True,-1.1,-25.1,78.233,0.233,False,False,0.6899,,,True,1.5176,True,1.8722,True,1.6152,True,1.0994,False,0.9118,False,-1.4551
sample-run,dqn,1001,dqn-1001-silverstone,silverstone,2026,Silverstone Grand Prix,25,25,9,10,intermediate,intermediate,17,18,0.0,False,True,28.61,2.25,1.49,0,stay_out,True,-1.0,-26.1,78.848,0.848,False,False,0.9338,,,True,1.5363,True,0.5803,True,-1.7237,True,0.2008,False,0.6099,False,0.6138
sample-run,dqn,1001,dqn-1001-silverstone,silverstone,2026,Silverstone Grand Prix,26,26,10,11,intermediate,intermediate,18,19,0.0,False,True,30.27,1.55,0.51,0,stay_out,True,-1.1,-27.2,79.146,1.146,False,False,1.0551,,,True,0.814,True,-0.5341,True,-2.3794,True,-0.6192,False,0.1306,False,-0.3726
sample-run,dqn,1001,dqn-1001-silverstone,silverstone,2026,Silverstone Grand Prix,27,27,11,12,intermediate,intermediate,19,20,0.0,False,True,33.67,2.2,2.55,0,stay_out,True,-1.2,-28.4,79.173,1.173,False,False,1.0576,,,True,0.1019,True,0.2213,True,1.822,True,-0.3855,False,0.9046,False,1.5988
sample-run,dqn,1001,dqn-1001-silverstone,silverstone,2026,Silverstone Grand Prix,28,28,10,11,intermediate,intermediate,20,21,0.0,False,True,31.96,1.64,1.91,0,stay_out,True,-1.1,-29.5,77.053,-0.947,False,False,0.6576,,,True,1.1689,True,-0.4781,True,1.4874,True,-0.7439,False,-0.4773,False,-0.5097
sample-run,dqn,1001,dqn-1001-silverstone,silverstone,2026,Silverstone Grand Prix,29,29,9,10,intermediate,intermediate,21,22,0.0,False,True,26.54,2.75,0.92,0,stay_out,True,-1.0,-30.5,79.814,1.814,False,False,0.9771,,,True,0.8691,True,0.5102,True,1.5213,True,-0.9736,False,1.9708,False,0.0248
sample-run,dqn,1001,dqn-1001-silverstone,silverstone,2026,Silverstone Grand Prix,30,30,8,9,intermediate,intermediate,22,23,0.0,False,True,16.51,1.36,1.23,0,stay_out,True,-0.9,-31.4,77.938,-0.062,False,False,1.1987,,,True,2.4805,True,1.6913,True,0.0254,True,-0.4217,False,0.5766,False,0.2776
sample-run,dqn,1001,dqn-1001-silverstone,silverstone,2026,Silverstone Grand Prix,31,31,9,10,hard,hard,0,0,0.0,False,False,18.56,1.55,2.0,3,pit_hard,True,-0.5,-31.9,81.343,3.343,False,False,1.1788,,,True,-0.528,True,0.3144,True,-0.5461,True,1.503,False,-0.4811,False,1.5383
sample-run,dqn,1001,dqn-1001-silverstone,silverstone,2026,Silverstone Grand Prix,32,32,9,10,hard,hard,0,1,0.0,False,False,23.33,1.34,0.95,0,stay_out,True,-1.0,-32.9,78.903,0.903,False,False,0.778,,,True,1.8286,True,0.4676,True,-0.8159,True,0.399,False,-0.5,False,-0.0019
sample-run,dqn,1001,dqn-1001-silverstone,silverstone,2026,Silverstone Grand Prix,33,33,9,10,hard,hard,1,2,0.0,False,False,19.1,0.74,0.97,0,stay_out,True,-1.0,-33.9,76.897,-1.103,False,False,0.6134,,,True,2.0943,True,-0.0593,True,0.201,True,-0.2575,False,-0.122,False,-0.7708
sample-run,dqn,1001,dqn-1001-silverstone,silverstone,2026,Silverstone Grand Prix,34,34,9,10,hard,hard,2,3,0.0,False,False,26.63,1.19,2.42,0,stay_out,True,-1.0,-34.9,77.847,-0.153,False,False,1.0572,,,True,0.795,True,1.1536,True,-0.218,True,0.0474,False,1.3003,False,0.1604
sample-run,dqn,1001,dqn-1001-silverstone,silverstone,2026,Silverstone Grand Prix,35,35,9,10,hard,hard,3,4,0.0,False,False,15.07,1.4,0.96,0,stay_out,True,-1.0,-35.9,76.25,-1.75,False,False,0.5471,,,True,1.4524,True,1.6271,True,-2.2554,True,-1.305,False,1.8372,False,0.6539
sample-run,dqn,1001,dqn-1001-silverstone,silverstone,2026,Silverstone Grand Prix,36,36,9,10,hard,hard,4,5,0.0,False,False,25.92,0.94,2.52,0,stay_out,True,-1.0,-36.9,78.958,0.958,False,False,0.6536,,,True,2.7627,True,1.0333,True,1.1783,True,-2.2357,False,1.0125,False,0.8782
sample-run,dqn,1001,dqn-1001-silverstone,silverstone,2026,Silverstone Grand Prix,37,37,9,10,hard,hard,5,6,0.0,False,False,28.85,0.68,1.44,0,stay_out,True,-1.0,-37.9,77.721,-0.279,False,False,0.581,,,True,0.9852,True,-0.2765,True,-0.7739,True,-1.413,False,-0.135,False,-1.6757
sample-run,dqn,1001,dqn-1001-silverstone,silverstone,2026,Silverstone Grand Prix,38,38,9,10,hard,hard,6,7,0.0,False,False,19.82,1.1,1.48,0,stay_out,True,-1.0,-38.9,77.381,-0.619,False,False,0.6196,,,True,0.4112,True,0.8378,True,-0.0963,True,-0.2644,False,0.6863,False,-0.168
sample-run,dqn,1001,dqn-1001-silverstone,silverstone,2026,Silverstone Grand Prix,39,39,9,10,hard,hard,7,8,0.0,False,False,24.86,1.85,2.1,0,stay_out,True,-1.0,-39.9,80.844,2.844,False,False,0.6492,,,True,0.2776,True,0.1345,True,-0.0142,True,-0.4247,False,-0.124,False,-0.7959
sample-run,dqn,1001,dqn-1001-silverstone,silverstone,2026,Silverstone Grand Prix,40,40,9,10,hard,hard,8,9,0.0,False,False,25.82,2.03,1.68,0,stay_out,True,-1.0,-40.9,77.935,-0.065,False,False,0.8347,,,True,1.1698,True,0.3093,True,-0.4704,True,-0.0805,False,0.7055,False,1.2258
sample-run,dqn,1001,dqn-1001-silverstone,silverstone,2026,Silverstone Grand Prix,41,41,9,10,hard,hard,9,10,0.0,False,False,16.98,2.58,1.4,0,stay_out,True,-1.0,-41.9,79.417,1.417,False,False,0.893,,,True,0.3737,True,-2.7039,True,-0.433,True,-0.0672,False,-2.7353,False,-0.3973
sample-run,dqn,1001,dqn-1001-silverstone,silverstone,2026,Silverstone Grand Prix,42,42,8,9,hard,hard,10,11,0.0,False,False,20.16,2.24,2.22,0,stay_out,True,-0.9,-42.8,76.914,-1.086,False,False,0.5178,,,True,1.5196,True,0.1937,True,-0.1928,True,-1.4142,False,0.0197,False,1.4607
sample-run,dqn,1001,dqn-1001-silverstone,silverstone,2026,Silverstone Grand Prix,43,43,8,9,hard,hard,11,12,0.0,False,False,17.4,2.5,0.52,0,stay_out,True,-0.9,-43.7,78.787,0.787,False,False,0.8941,,,True,1.3415,True,-0.4202,True,1.1463,True,-1.8192,False,-0.2004,False,0.0689
sample-run,dqn,1001,dqn-1001-silverstone,silverstone,2026,Silverstone Grand Prix,44,44,7,8,hard,hard,12,13,0.0,False,False,19.81,0.52,2.03,0,stay_out,True,-0.8,-44.5,79.143,1.143,False,False,0.9323,,,True,0.9933,True,-0.7253,True,-0.5519,True,-0.8714,False,-0.8892,False,0.0695
sample-run,dqn,1001,dqn-1001-silverstone,silverstone,2026,Silverstone Grand Prix,45,45,7,8,hard,hard,13,14,0.0,False,False,23.54,1.96,2.32,0,stay_out,True,-0.8,-45.3,77.581,-0.419,False,False,0.4315,,,True,1.1621,True,-0.1319,True,0.3521,True,-0.9338,False,-0.004,False,-0.5775
sample-run,dqn,1001,dqn-1001-silverstone,silverstone,2026,Silverstone Grand Prix,46,46,7,8,hard,hard,14,15,0.0,False,False,19.84,1.32,1.52,0,stay_out,True,-0.8,-46.1,78.87,0.87,False,False,0.4551,,,True,3.1446,True,-0.2961,True,0.7564,True,0.3441,False,-0.9884,False,-0.2684
sample-run,dqn,1001,dqn-1001-silverstone,silverstone,2026,Silverstone Grand Prix,47,47,8,9,hard,hard,15,16,0.0,False,True,19.07,1.27,1.09,0,stay_out,True,-0.9,-47.0,77.025,-0.975,False,False,0.7373,,,True,4.6371,True,0.6345,True,0.0682,True,0.3666,False,-1.5406,False,2.3243
sample-run,dqn,1001,dqn-1001-silverstone,silverstone,2026,Silverstone Grand Prix,48,48,8,9,hard,hard,16,17,0.0,True,True,23.79,2.63,2.58,0,stay_out,True,-0.9,-47.9,78.606,0.606,False,False,0.6054,,,True,3.1724,True,1.5686,True,0.2552,True,-0.0856,False,0.6719,False,0.534
sample-run,dqn,1001,dqn-1001-silverstone,silverstone,2026,Silverstone Grand Prix,49,49,9,10,hard,hard,17,18,0.0,False,True,23.96,2.27,2.99,0,stay_out,True,-1.0,-48.9,76.348,-1.652,False,False,0.8005,,,True,1.7768,True,-0.8001,True,0.0622,True,-0.6618,False,-0.4163,False,0.3247
sample-run,dqn,1001,dqn-1001-silverstone,silverstone,2026,Silverstone Grand Prix,50,50,8,9,hard,hard,18,19,0.0,False,True,24.52,1.35,1.57,0,stay_out,True,-0.9,-49.8,79.703,1.703,False,False,0.9107,,,True,2.1567,True,-2.6726,True,-1.9852,True,-0.2597,False,0.6873,False,-1.8702
sample-run,dqn,1001,dqn-1001-silverstone,silverstone,2026,Silverstone Grand Prix,51,51,7,8,intermediate,intermediate,0,0,0.062,False,False,16.89,2.75,1.1,4,pit_intermediate,True,-0.85,-50.65,83.114,5.114,True,False,0.4719,,,True,0.0871,True,-1.7328,True,-0.3707,True,0.9978,True,2.096,True,-0.6125
sample-run,qrl,1001,qrl-1001-silverstone,silverstone,2026,Silverstone Grand Prix,0,0,7,8,medium,medium,0,1,0.0,False,False,22.47,1.22,1.69,0,stay_out,True,-0.8,-0.8,78.272,0.272,False,False,2.3471,,,True,2.0502,True,-0.2329,True,-1.1851,True,-0.1678,False,0.7408,False,-0.6001
sample-run,qrl,1001,qrl-1001-silverstone,silverstone,2026,Silverstone Grand Prix,1,1,8,9,medium,medium,1,2,0.0,False,False,14.38,2.87,1.53,0,stay_out,True,-0.9,-1.7,78.794,0.794,False,False,2.0429,,,True,1.1102,True,-0.0643,True,2.751,True,0.1973,False,0.8057,False,-0.626
sample-run,qrl,1001,qrl-1001-silverstone,silverstone,2026,Silverstone Grand Prix,2,2,7,8,medium,medium,2,3,0.0,False,False,23.84,1.12,1.6,0,stay_out,True,-0.8,-2.5,76.318,-1.682,False,False,2.5154,,,True,1.8605,True,-0.6631,True,2.5995,True,-0.6464,False,1.2546,False,0.4986
sample-run,qrl,1001,qrl-1001-silverstone,silverstone,2026,Silverstone Grand Prix,3,3,7,8,medium,medium,3,4,0.0,False,False,20.99,0.53,0.78,0,stay_out,True,-0.8,-3.3,78.665,0.665,False,False,2.5358,,,True,-1.0299,True,0.851,True,0.1531,True,-2.8079,False,-1.72,False,1.0929
sample-run,qrl,1001,qrl-1001-silverstone,silverstone,2026,Silverstone Grand Prix,4,4,7,8,medium,medium,4,5,0.0,False,False,15.9,2.16,0.6,0,stay_out,True,-0.8,-4.1,78.638,0.638,False,False,3.322,,,True,3.0521,True,0.5777,True,0.2168,True,-0.916,False,-0.2558,False,-0.5077
sample-run,qrl,1001,qrl-1001-silverstone,silverstone,2026,Silverstone Grand Prix,5,5,7,8,medium,medium,5,6,0.0,False,False,16.11,2.69,2.79,0,stay_out,True,-0.8,-4.9,77.46,-0.54,False,False,1.4172,,,True,0.653,True,-0.1379,True,-1.7478,True,0.3048,False,0.6605,False,-1.111
sample-run,qrl,1001,qrl-1001-silverstone,silverstone,2026,Silverstone Grand Prix,6,6,7,8,medium,medium,6,7,0.0,False,False,14.93,2.6,1.74,0,stay_out,True,-0.8,-5.7,77.96,-0.04,False,False,2.7543,,,True,0.9422,True,-1.3668,True,-0.144,True,0.309,False,-0.6837,False,0.5206
sample-run,qrl,1001,qrl-1001-silverstone,silverstone,2026,Silverstone Grand Prix,7,7,7,8,medium,medium,7,8,0.0,False,False,20.45,0.61,2.18,0,stay_out,True,-0.8,-6.5,78.424,0.424,False,False,3.1636,,,True,1.9891,True,0.0213,True,0.4305,True,-0.257,False,0.2418,False,-0.1697
sample-run,qrl,1001,qrl-1001-silverstone,silverstone,2026,Silverstone Grand Prix,8,8,8,9,intermediate,intermediate,0,0,0.171,False,False,26.24,2.75,1.42,4,pit_intermediate,True,-0.95,-7.45,82.009,4.009,False,False,1.9748,,,True,-0.5635,True,0.8607,True,0.8598,True,1.6243,True,1.9127,True,0.0253
sample-run,qrl,1001,qrl-1001-silverstone,silverstone,2026,Silverstone Grand Prix,9,9,8,9,intermediate,intermediate,0,0,0.201,False,False,17.06,2.83,2.53,4,pit_intermediate,True,-0.95,-8.4,80.672,2.672,False,False,1.4412,,,True,0.7888,True,0.3157,True,0.4766,True,-0.6025,True,2.059,True,-0.9618
sample-run,qrl,1001,qrl-1001-silverstone,silverstone,2026,Silverstone Grand Prix,10,10,8,9,intermediate,intermediate,0,1,0.0,False,False,21.2,1.74,2.29,0,stay_out,True,-0.9,-9.3,77.008,-0.992,False,False,2.6468,,,True,0.9352,True,-0.8074,True,-0.1092,True,-0.3405,False,0.4358,False,-0.3058
sample-run,qrl,1001,qrl-1001-silverstone,silverstone,2026,Silverstone Grand Prix,11,11,8,9,intermediate,intermediate,1,2,0.0,False,False,21.8,2.0,0.98,0,stay_out,True,-0.9,-10.2,76.458,-1.542,False,False,2.3567,,,True,2.5912,True,-2.1437,True,0.4884,True,0.021,False,0.6281,False,0.14
sample-run,qrl,1001,qrl-1001-silverstone,silverstone,2026,Silverstone Grand Prix,12,12,9,10,intermediate,intermediate,2,3,0.0,False,False,24.69,0.66,2.34,0,stay_out,True,-1.0,-11.2,77.921,-0.079,False,False,1.4342,,,True,0.1817,True,0.4074,True,0.1554,True,0.3236,False,1.1265,False,0.137
sample-run,qrl,1001,qrl-1001-silverstone,silverstone,2026,Silverstone Grand Prix,13,13,9,10,intermediate,intermediate,3,4,0.0,False,False,28.06,1.7,2.1,0,stay_out,True,-1.0,-12.2,78.118,0.118,False,False,2.9327,,,True,0.8452,True,0.0838,True,-0.3321,True,-0.3949,False,0.2269,False,0.3413
sample-run,qrl,1001,qrl-1001-silverstone,silverstone,2026,Silverstone Grand Prix,14,14,9,10,intermediate,intermediate,4,5,0.0,False,False,18.92,2.42,0.93,0,stay_out,True,-1.0,-13.2,78.95,0.95,False,False,2.859,,,True,0.872,True,-1.0561,True,0.578,True,0.2208,False,-1.1887,False,0.363
sample-run,qrl,1001,qrl-1001-silverstone,silverstone,2026,Silverstone Grand Prix,15,15,9,10,intermediate,intermediate,5,6,0.0,False,False,28.7,2.91,1.8,0,stay_out,True,-1.0,-14.2,79.623,1.623,False,False,3.0283,,,True,1.0085,True,-0.3001,True,-1.2095,True,-0.5521,False,-0.3997,False,-1.0705
sample-run,qrl,1001,qrl-1001-silverstone,silverstone,2026,Silverstone Grand Prix,16,16,8,9,intermediate,intermediate,6,7,0.0,False,False,23.86,0.88,0.71,0,stay_out,True,-0.9,-15.1,79.952,1.952,False,False,1.8975,,,True,2.4459,True,0.5476,True,-0.4872,True,-1.314,False,-0.4694,False,2.1426
sample-run,qrl,1001,qrl-1001-silverstone,silverstone,2026,Silverstone Grand Prix,17,17,8,9,intermediate,intermediate,7,8,0.0,False,False,22.39,1.41,1.04,0,stay_out,True,-0.9,-16.0,78.658,0.658,False,False,2.6282,,,True,0.7207,True,-1.3626,True,-0.9864,True,0.7058,False,2.1023,False,1.1833
sample-run,qrl,1001,qrl-1001-silverstone,silverstone,2026,Silverstone Grand Prix,18,18,8,9,intermediate,intermediate,8,9,0.0,False,False,15.01,1.1,2.75,0,stay_out,True,-0.9,-16.9,78.553,0.553,False,False,3.0752,,,True,1.7818,True,0.9629,True,-0.8333,True,-1.9972,False,-1.8602,False,0.1598
sample-run,qrl,1001,qrl-1001-silverstone,silverstone,2026,Silverstone Grand Prix,19,19,8,9,intermediate,intermediate,0,0,0.215,False,False,23.84,2.18,1.95,4,pit_intermediate,True,-0.95,-17.85,82.975,4.975,False,False,3.4582,,,True,-0.5694,True,0.1994,True,0.248,True,0.0413,True,1.9309,True,-0.8824
sample-run,qrl,1001,qrl-1001-silverstone,silverstone,2026,Silverstone Grand Prix,20,20,8,9,intermediate,intermediate,0,1,0.0,False,False,26.47,2.38,0.92,0,stay_out,True,-0.9,-18.75,79.11,1.11,False,False,3.1331,,,True,1.796,True,-0.1998,True,-1.2606,True,0.7492,False,0.2448,False,-0.3369
sample-run,qrl,1001,qrl-1001-silverstone,silverstone,2026,Silverstone Grand Prix,21,21,7,8,intermediate,intermediate,1,2,0.0,False,False,21.11,0.8,2.02,0,stay_out,True,-0.8,-19.55,77.523,-0.477,False,False,2.6514,,,True,2.3074,True,0.6071,True,-1.3995,True,-1.1871,False,0.0941,False,0.0003
sample-run,qrl,1001,qrl-1001-silverstone,silverstone,2026,Silverstone Grand Prix,22,22,6,7,intermediate,intermediate,2,3,0.0,True,False,18.26,2.97,2.05,0,stay_out,True,-0.7,-20.25,77.098,-0.902,False,False,2.0823,,,True,1.8379,True,-0.3945,True,-0.1645,True,0.5587,False,0.2051,False,0.9136
sample-run,qrl,1001,qrl-1001-silverstone,silverstone,2026,Silverstone Grand Prix,23,23,6,7,intermediate,intermediate,3,4,0.0,False,False,17.69,1.79,1.66,0,stay_out,True,-0.7,-20.95,78.379,0.379,False,False,3.3901,,,True,2.3605,True,1.0247,True,-1.2979,True,1.5113,False,0.3913,False,-1.5206
sample-run,qrl,1001,qrl-1001-silverstone,silverstone,2026,Silverstone Grand Prix,24,24,6,7,intermediate,intermediate,4,5,0.0,False,False,18.67,0.96,1.01,0,stay_out,True,-0.7,-21.65,78.507,0.507,False,False,2.0872,,,True,0.8519,True,0.5474,True,-0.2715,True,-0.4334,False,0.4653,False,-0.4181
sample-run,qrl,1001,qrl-1001-silverstone,silverstone,2026,Silverstone Grand Prix,25,25,6,7,intermediate,intermediate,5,6,0.0,False,False,14.22,0.87,1.04,0,stay_out,True,-0.7,-22.35,75.888,-2.112,False,False,3.0614,,,True,2.7354,True,0.0587,True,-0.6947,True,0.7491,False,-1.2882,False,0.5895
sample-run,qrl,1001,qrl-1001-silverstone,silverstone,2026,Silverstone Grand Prix,26,26,6,7,intermediate,intermediate,6,7,0.0,False,False,17.25,2.97,2.83,0,stay_out,True,-0.7,-23.05,78.591,0.591,False,False,2.9236,,,True,1.4381,True,0.6112,True,0.5779,True,-2.0879,False,-0.6209,False,0.839
sample-run,qrl,1001,qrl-1001-silverstone,silverstone,2026,Silverstone Grand Prix,27,27,5,6,intermediate,intermediate,0,0,0.281,False,False,14.31,2.0,0.82,4,pit_intermediate,True,-0.65,-23.7,82.073,4.073,False,False,3.507,,,True,-1.1387,True,-0.286,True,-0.0473,True,-0.1427,True,1.425,True,-0.2662
sample-run,qrl,1001,qrl-1001-silverstone,silverstone,2026,Silverstone Grand Prix,28,28,4,5,intermediate,intermediate,0,1,0.0,False,False,9.1,2.23,0.96,0,stay_out,True,-0.5,-24.2,79.779,1.779,False,False,2.1042,,,True,2.0776,True,-1.2045,True,-1.0058,True,-0.0958,False,0.3444,False,1.0938
sample-run,qrl,1001,qrl-1001-silverstone,silverstone,2026,Silverstone Grand Prix,29,29,5,6,intermediate,intermediate,1,2,0.0,False,False,16.23,2.68,0.69,0,stay_out,True,-0.6,-24.8,77.841,-0.159,False,False,2.14,,,True,0.7601,True,-0.526,True,1.6063,True,0.9076,False,-1.2686,False,0.2208
sample-run,qrl,1001,qrl-1001-silverstone,silverstone,2026,Silverstone Grand Prix,30,30,6,7,intermediate,intermediate,2,3,0.0,False,False,13.59,1.78,1.92,0,stay_out,True,-0.7,-25.5,76.677,-1.323,False,False,3.5412,,,True,2.3651,True,-0.3625,True,-0.53,True,-1.3566,False,1.3618,False,-0.2678
sample-run,qrl,1001,qrl-1001-silverstone,silverstone,2026,Silverstone Grand Prix,31,31,5,6,intermediate,intermediate,3,4,0.0,False,False,16.54,2.73,2.92,0,stay_out,True,-0.6,-26.1,79.405,1.405,False,False,1.2599,,,True,1.0808,True,0.0699,True,-1.068,True,-0.0386,False,0.6836,False,0.7733
sample-run,qrl,1001,qrl-1001-silverstone,silverstone,2026,Silverstone Grand Prix,32,32,4,5,intermediate,intermediate,4,5,0.0,False,False,12.07,1.38,1.76,0,stay_out,True,-0.5,-26.6,79.23,1.23,False,False,3.3085,,,True,0.7297,True,-1.1285,True,-0.9839,True,-1.0257,False,-0.6317,False,0.3403
sample-run,qrl,1001,qrl-1001-silverstone,silverstone,2026,Silverstone Grand Prix,33,33,3,4,intermediate,intermediate,5,6,0.0,False,False,11.9,2.75,1.39,0,stay_out,True,-0.4,-27.0,75.673,-2.327,False,False,3.2911,,,True,1.793,True,0.4003,True,0.4885,True,-0.4965,False,-1.3096,False,0.2365
sample-run,qrl,1001,qrl-1001-silverstone,silverstone,2026,Silverstone Grand Prix,34,34,2,3,intermediate,intermediate,0,0,0.13,False,False,5.09,2.64,1.03,4,pit_intermediate,True,-0.35,-27.35,82.835,4.835,False,False,3.2211,,,True,1.2718,True,-1.1967,True,1.7748,True,-0.3249,True,1.1807,True,0.345
sample-run,qrl,1001,qrl-1001-silverstone,silverstone,2026,Silverstone Grand Prix,35,35,1,2,intermediate,intermediate,0,1,0.0,False,False,4.71,0.95,2.63,0,stay_out,True,-0.2,-27.55,76.274,-1.726,False,False,1.6662,,,True,1.5625,True,1.0226,True,1.369,True,0.7036,False,0.7934,False,0.3875
sample-run,qrl,1001,qrl-1001-silverstone,silverstone,2026,Silverstone Grand Prix,36,36,1,1,intermediate,intermediate,1,2,0.0,False,False,2.66,1.16,1.24,0,stay_out,True,-0.1,-27.65,76.669,-1.331,False,False,2.5278,,,True,1.8175,True,0.6504,True,-0.3803,True,-0.6348,False,-0.8661,False,1.3459
sample-run,qrl,1001,qrl-1001-silverstone,silverstone,2026,Silverstone Grand Prix,37,37,1,1,intermediate,intermediate,2,3,0.0,False,False,1.84,0.7,1.76,0,stay_out,True,-0.1,-27.75,79.829,1.829,False,False,2.0182,,,True,1.9314,True,1.4555,True,-0.4445,True,0.9722,False,0.1265,False,0.213
sample-run,qrl,1001,qrl-1001-silverstone,silverstone,2026,Silverstone Grand Prix,38,38,1,1,intermediate,intermediate,3,4,0.0,False,False,2.73,0.57,1.96,0,stay_out,True,-0.1,-27.85,78.269,0.269,False,False,3.1576,,,True,0.0673,True,0.9256,True,0.5299,True,1.2859,False,-0.6853,False,1.0855
sample-run,qrl,1001,qrl-1001-silverstone,silverstone,2026,Silverstone Grand Prix,39,39,1,1,intermediate,intermediate,4,5,0.0,False,False,2.34,2.76,2.04,0,stay_out,True,-0.1,-27.95,79.288,1.288,False,False,3.5892,,,True,0.5583,True,2.1161,True,2.7933,True,0.5635,False,-0.9589,False,-0.3554
sample-run,qrl,1001,qrl-1001-silverstone,silverstone,2026,Silverstone Grand Prix,40,40,1,1,intermediate,intermediate,5,6,0.0,False,False,2.14,1.39,1.51,0,stay_out,True,-0.1,-28.05,78.747,0.747,False,False,2.767,,,True,-0.1607,True,0.1425,True,0.6989,True,0.0914,False,0.0609,False,-0.5757
sample-run,qrl,1001,qrl-1001-silverstone,silverstone,2026,Silverstone Grand Prix,41,41,1,1,intermediate,intermediate,6,7,0.0,False,False,2.79,2.75,2.96,0,stay_out,True,-0.1,-28.15,77.957,-0.043,False,False,2.4167,,,True,1.3759,True,-0.4367,True,0.2305,True,-1.8914,False,-1.0725,False,0.2891
sample-run,qrl,1001,qrl-1001-silverstone,silverstone,2026,Silverstone Grand Prix,42,42,1,1,intermediate,intermediate,7,8,0.0,False,False,2.23,2.37,1.11,0,stay_out,True,-0.1,-28.25,79.083,1.083,False,False,2.4348,,,True,1.6612,True,0.1555,True,1.7306,True,-0.8034,False,-0.333,False,-0.0924
sample-run,qrl,1001,qrl-1001-silverstone,silverstone,2026,Silverstone Grand Prix,43,43,1,1,intermediate,intermediate,8,9,0.0,False,False,2.78,1.15,1.38,0,stay_out,True,-0.1,-28.35,79.486,1.486,False,False,1.3511,,,True,1.4401,True,-0.3141,True,0.4017,True,-2.4245,False,-0.0981,False,-1.1689
sample-run,qrl,1001,qrl-1001-silverstone,silverstone,2026,Silverstone Grand Prix,44,44,1,1,intermediate,intermediate,9,10,0.0,False,False,2.09,2.01,0.73,0,stay_out,True,-0.1,-28.45,75.79,-2.21,False,False,2.5768,,,True,0.5158,True,1.8133,True,0.2861,True,-0.7402,False,0.2924,False,-0.7276
sample-run,qrl,1001,qrl-1001-silverstone,silverstone,2026,Silverstone Grand Prix,45,45,1,1,intermediate,intermediate,10,11,0.0,False,False,2.31,1.8,2.84,0,stay_out,True,-0.1,-28.55,78.88,0.88,False,False,2.9778,,,True,1.2659,True,-0.505,True,0.7033,True,-0.6108,False,1.2151,False,-0.3453
sample-run,qrl,1001,qrl-1001-silverstone,silverstone,2026,Silverstone Grand Prix,46,46,1,1,intermediate,intermediate,11,12,0.0,False,False,2.58,1.52,1.33,0,stay_out,True,-0.1,-28.65,79.088,1.088,False,False,3.2578,,,True,0.8333,True,-0.4068,True,1.911,True,0.2765,False,1.012,False,0.0786
sample-run,qrl,1001,qrl-1001-silverstone,silverstone,2026,Silverstone Grand Prix,47,47,1,1,intermediate,intermediate,12,13,0.0,False,False,2.48,1.41,2.06,0,stay_out,True,-0.1,-28.75,78.64,0.64,False,False,2.9785,,,True,3.471,True,-0.9379,True,-2.1471,True,0.8663,False,-0.0627,False,-0.7215
sample-run,qrl,1001,qrl-1001-silverstone,silverstone,2026,Silverstone Grand Prix,48,48,1,2,intermediate,intermediate,13,14,0.0,False,False,3.07,1.15,0.62,0,stay_out,True,-0.2,-28.95,78.015,0.015,False,False,3.5356,,,True,0.551,True,2.2556,True,-0.0236,True,-1.2273,False,1.2232,False,-0.4453
sample-run,qrl,1001,qrl-1001-silverstone,silverstone,2026,Silverstone Grand Prix,49,49,2,3,intermediate,intermediate,0,0,0.039,False,False,7.49,1.03,1.09,4,pit_intermediate,True,-0.35,-29.3,82.091,4.091,False,False,1.8605,,,True,1.7206,True,1.6195,True,-1.1374,True,-1.3441,True,1.7652,True,-0.4184
sample-run,qrl,1001,qrl-1001-silverstone,silverstone,2026,Silverstone Grand Prix,50,50,2,3,intermediate,intermediate,0,0,0.09,False,False,7.4,1.76,2.18,4,pit_intermediate,True,-0.35,-29.65,79.167,1.167,False,False,2.923,,,True,-1.0275,True,-0.395,True,-0.0878,True,1.2083,True,1.4102,True,-0.1728
sample-run,qrl,1001,qrl-1001-silverstone,silverstone,2026,Silverstone Grand Prix,51,51,4,5,intermediate,intermediate,0,0,0.023,False,False,14.71,1.22,2.18,4,pit_intermediate,True,-0.55,-30.2,81.578,3.578,True,False,1.3745,,,True,-0.2889,True,-1.7773,True,-0.028,True,-0.7133,True,2.0285,True,-0.2726
sample-run,dqn,1002,dqn-1002-silverstone,silverstone,2026,Silverstone Grand Prix,0,0,4,5,medium,medium,0,1,0.0,True,False,13.56,1.31,2.15,0,stay_out,True,-0.5,-0.5,79.166,1.166,False,False,1.1797,,,True,2.787,True,-0.2821,True,1.0721,True,-0.6449,False,-0.7334,False,0.51
sample-run,dqn,1002,dqn-1002-silverstone,silverstone,2026,Silverstone Grand Prix,1,1,4,5,medium,medium,1,2,0.0,False,False,9.4,2.22,2.14,0,stay_out,True,-0.5,-1.0,78.777,0.777,False,False,0.5063,,,True,2.9949,True,-0.4738,True,-0.7097,True,0.8546,False,0.8403,False,-1.3118
sample-run,dqn,1002,dqn-1002-silverstone,silverstone,2026,Silverstone Grand Prix,2,2,3,4,medium,medium,2,3,0.0,False,False,6.8,1.71,0.56,0,stay_out,True,-0.4,-1.4,77.306,-0.694,False,False,0.4466,,,True,3.3955,True,-0.1008,True,-2.613,True,1.4581,False,-0.9034,False,-0.0036
sample-run,dqn,1002,dqn-1002-silverstone,silverstone,2026,Silverstone Grand Prix,3,3,4,5,medium,medium,3,4,0.0,False,False,12.52,2.52,2.59,0,stay_out,True,-0.5,-1.9,77.777,-0.223,False,False,0.6265,,,True,0.6859,True,0.1223,True,-2.4642,True,2.6205,False,0.0349,False,-0.6422
sample-run,dqn,1002,dqn-1002-silverstone,silverstone,2026,Silverstone Grand Prix,4,4,4,5,medium,medium,4,5,0.0,False,False,8.43,1.96,2.46,0,stay_out,True,-0.5,-2.4,80.805,2.805,False,False,0.6902,,,True,1.2849,True,-1.0987,True,-0.0626,True,-0.7049,False,-0.4507,False,0.439
sample-run,dqn,1002,dqn-1002-silverstone,silverstone,2026,Silverstone Grand Prix,5,5,4,5,medium,medium,5,6,0.0,False,False,14.16,1.31,2.11,0,stay_out,True,-0.5,-2.9,78.989,0.989,False,False,0.9138,,,True,2.7476,True,0.8173,True,-0.295,True,-1.0324,False,-0.4749,False,1.3028
sample-run,dqn,1002,dqn-1002-silverstone,silverstone,2026,Silverstone Grand Prix,6,6,4,5,medium,medium,6,7,0.0,False,False,14.12,0.77,1.27,0,stay_out,True,-0.5,-3.4,76.75,-1.25,False,False,1.097,,,True,1.3857,True,-0.6864,True,-1.7446,True,1.0147,False,-0.5495,False,0.1968
sample-run,dqn,1002,dqn-1002-silverstone,silverstone,2026,Silverstone Grand Prix,7,7,4,5,medium,medium,7,8,0.0,False,False,7.65,1.54,2.1,0,stay_out,True,-0.5,-3.9,77.143,-0.857,False,False,1.0524,,,True,0.4601,True,-0.2277,True,-0.5147,True,-0.4202,False,-0.5664,False,-0.1792
sample-run,dqn,1002,dqn-1002-silverstone,silverstone,2026,Silverstone Grand Prix,8,8,3,4,medium,medium,8,9,0.0,False,False,7.26,0.6,2.49,0,stay_out,True,-0.4,-4.3,77.646,-0.354,False,False,1.0577,,,True,0.4178,True,-2.4331,True,-0.5163,True,-0.0908,False,0.5055,False,0.1489
sample-run,dqn,1002,dqn-1002-silverstone,silverstone,2026,Silverstone Grand Prix,9,9,3,4,intermediate,intermediate,0,0,0.025,False,False,11.35,1.85,1.08,4,pit_intermediate,True,-0.45,-4.75,80.714,2.714,False,False,0.679,,,True,0.2845,True,-1.9071,True,2.7668,True,-0.0306,True,1.2195,True,0.4547
sample-run,dqn,1002,dqn-1002-silverstone,silverstone,2026,Silverstone Grand Prix,10,10,2,3,intermediate,intermediate,0,1,0.0,False,False,5.18,1.78,0.6,0,stay_out,True,-0.3,-5.05,79.939,1.939,False,False,0.6433,,,True,3.0963,True,0.8501,True,-0.4296,True,-0.3585,False,-1.3844,False,-0.0896
sample-run,dqn,1002,dqn-1002-silverstone,silverstone,2026,Silverstone Grand Prix,11,11,4,5,intermediate,intermediate,0,0,0.244,False,False,12.09,0.5,0.83,4,pit_intermediate,True,-0.55,-5.6,81.022,3.022,False,False,0.6893,,,True,0.2572,True,0.4049,True,0.9832,True,1.4644,True,1.5871,True,-0.6271
sample-run,dqn,1002,dqn-1002-silverstone,silverstone,2026,Silverstone Grand Prix,12,12,5,6,intermediate,intermediate,0,1,0.0,False,False,10.29,1.55,2.56,0,stay_out,True,-0.6,-6.2,77.543,-0.457,False,False,1.1392,,,True,2.6977,True,0.9333,True,0.6401,True,0.7738,False,0.0431,False,0.6902
sample-run,dqn,1002,dqn-1002-silverstone,silverstone,2026,Silverstone Grand Prix,13,13,6,7,intermediate,intermediate,1,2,0.0,False,False,19.1,2.88,1.43,0,stay_out,True,-0.7,-6.9,77.388,-0.612,False,False,1.1608,,,True,0.9911,True,1.1336,True,0.7886,True,-0.5672,False,-0.2982,False,0.7788
sample-run,dqn,1002,dqn-1002-silverstone,silverstone,2026,Silverstone Grand Prix,14,14,6,7,intermediate,intermediate,2,3,0.0,False,False,13.46,1.04,1.94,0,stay_out,True,-0.7,-7.6,78.115,0.115,False,False,0.5271,,,True,0.0202,True,1.5299,True,0.4819,True,-0.5826,False,0.9988,False,-2.1134
sample-run,dqn,1002,dqn-1002-silverstone,silverstone,2026,Silverstone Grand Prix,15,15,6,7,intermediate,intermediate,0,0,0.054,True,False,12.54,2.75,0.53,4,pit_intermediate,True,-0.75,-8.35,81.056,3.056,False,False,0.6691,,,True,-1.1779,True,-0.7709,True,-2.1679,True,-0.3736,True,2.4038,True,-0.4368
sample-run,dqn,1002,dqn-1002-silverstone,silverstone,2026,Silverstone Grand Prix,16,16,6,7,intermediate,intermediate,0,1,0.0,False,False,17.8,1.65,1.15,0,stay_out,True,-0.7,-9.05,77.983,-0.017,False,False,0.5222,,,True,1.7236,True,1.4063,True,-1.0919,True,-1.0714,False,-0.8598,False,-1.2035
sample-run,dqn,1002,dqn-1002-silverstone,silverstone,2026,Silverstone Grand Prix,17,17,5,6,intermediate,intermediate,1,2,0.0,False,False,14.59,1.5,1.71,0,stay_out,True,-0.6,-9.65,77.366,-0.634,False,False,0.5456,,,True,1.7431,True,-0.2988,True,-0.8833,True,0.0428,False,-0.9269,False,0.144
sample-run,dqn,1002,dqn-1002-silverstone,silverstone,2026,Silverstone Grand Prix,18,18,4,5,intermediate,intermediate,2,3,0.0,False,False,10.29,0.89,1.8,0,stay_out,True,-0.5,-10.15,78.317,0.317,False,False,0.7836,,,True,1.7782,True,-0.4928,True,-0.95,True,0.9628,False,-1.491,False,-1.0176
sample-run,dqn,1002,dqn-1002-silverstone,silverstone,2026,Silverstone Grand Prix,19,19,3,4,intermediate,intermediate,3,4,0.0,False,False,8.69,1.5,0.78,0,stay_out,True,-0.4,-10.55,78.021,0.021,False,False,1.0972,,,True,1.8983,True,-0.9204,True,-0.0213,True,-1.7161,False,1.0675,False,0.443
sample-run,dqn,1002,dqn-1002-silverstone,silverstone,2026,Silverstone Grand Prix,20,20,3,4,intermediate,intermediate,4,5,0.0,False,False,11.13,2.33,1.31,0,stay_out,True,-0.4,-10.95,80.305,2.305,False,False,0.8098,,,True,1.4268,True,0.2216,True,2.8559,True,-1.6369,False,-1.7035,False,0.6967
sample-run,dqn,1002,dqn-1002-silverstone,silverstone,2026,Silverstone Grand Prix,21,21,3,4,intermediate,intermediate,5,6,0.0,False,False,6.33,1.47,1.0,0,stay_out,True,-0.4,-11.35,78.471,0.471,False,False,0.4625,,,True,2.8217,True,0.6797,True,1.0806,True,0.0465,False,-0.3087,False,1.404
sample-run,dqn,1002,dqn-1002-silverstone,silverstone,2026,Silverstone Grand Prix,22,22,5,6,intermediate,intermediate,0,0,0.058,False,False,17.16,2.48,1.85,4,pit_intermediate,True,-0.65,-12.0,81.918,3.918,False,False,0.8558,,,True,-1.3516,True,0.3049,True,-1.1576,True,-0.2449,True,0.9364,True,0.1623
sample-run,dqn,1002,dqn-1002-silverstone,silverstone,2026,Silverstone Grand Prix,23,23,4,5,intermediate,intermediate,0,1,0.0,False,False,14.26,1.82,1.9,0,stay_out,True,-0.5,-12.5,78.362,0.362,False,False,1.1045,,,True,1.0003,True,-0.7717,True,1.1418,True,-1.5712,False,0.4696,False,0.5321
sample-run,dqn,1002,dqn-1002-silverstone,silverstone,2026,Silverstone Grand Prix,24,24,3,4,intermediate,intermediate,1,2,0.0,False,False,11.45,0.54,2.48,0,stay_out,True,-0.4,-12.9,76.881,-1.119,False,False,0.8235,,,True,2.6262,True,-0.6836,True,-0.1296,True,1.1972,False,-0.5215,False,1.3789
sample-run,dqn,1002,dqn-1002-silverstone,silverstone,2026,Silverstone Grand Prix,25,25,3,4,intermediate,intermediate,2,3,0.0,False,False,8.03,2.21,1.21,0,stay_out,True,-0.4,-13.3,77.036,-0.964,False,False,1.1309,,,True,0.2499,True,1.0911,True,-0.6964,True,0.1129,False,-0.1691,False,-0.2062
sample-run,dqn,1002,dqn-1002-silverstone,silverstone,2026,Silverstone Grand Prix,26,26,3,4,intermediate,intermediate,3,4,0.0,False,False,8.35,2.89,1.35,0,stay_out,True,-0.4,-13.7,78.285,0.285,False,False,1.0172,,,True,1.4415,True,-1.1137,True,0.4715,True,0.3627,False,-1.5088,False,-0.2867
sample-run,dqn,1002,dqn-1002-silverstone,silverstone,2026,Silverstone Grand Prix,27,27,3,4,intermediate,intermediate,4,5,0.0,False,False,8.5,1.5,1.43,0,stay_out,True,-0.4,-14.1,80.214,2.214,False,False,1.0509,,,True,1.9032,True,0.1291,True,-0.2537,True,0.5496,False,-0.5714,False,-0.3257
sample-run,dqn,1002,dqn-1002-silverstone,silverstone,2026,Silverstone Grand Prix,28,28,2,3,intermediate,intermediate,5,6,0.0,False,False,5.26,0.52,2.38,0,stay_out,True,-0.3,-14.4,77.592,-0.408,False,False,0.5392,,,True,1.3449,True,0.2333,True,1.7591,True,1.3966,False,-0.4987,False,0.4411
sample-run,dqn,1002,dqn-1002-silverstone,silverstone,2026,Silverstone Grand Prix,29,29,2,3,intermediate,intermediate,6,7,0.0,False,False,5.57,1.97,2.7,0,stay_out,True,-0.3,-14.7,78.504,0.504,False,False,0.9198,,,True,0.8038,True,0.5167,True,0.6455,True,-0.6316,False,-0.2682,False,-1.3939
sample-run,dqn,1002,dqn-1002-silverstone,silverstone,2026,Silverstone Grand Prix,30,30,3,4,intermediate,intermediate,0,0,0.213,False,False,7.49,2.89,0.64,4,pit_intermediate,True,-0.45,-15.15,82.356,4.356,False,False,0.5517,,,True,-0.2924,True,1.5882,True,-1.0231,True,-1.2287,True,0.5313,True,-1.9356
sample-run,dqn,1002,dqn-1002-silverstone,silverstone,2026,Silverstone Grand Prix,31,31,3,4,intermediate,intermediate,0,1,0.0,False,False,10.8,1.42,2.73,0,stay_out,True,-0.4,-15.55,79.668,1.668,False,False,0.6812,,,True,0.9115,True,1.1566,True,-0.2889,True,-1.5898,False,-0.8334,False,-0.8115
sample-run,dqn,1002,dqn-1002-silverstone,silverstone,2026,Silverstone Grand Prix,32,32,3,4,intermediate,intermediate,1,2,0.0,False,False,8.15,0.75,0.95,0,stay_out,True,-0.4,-15.95,80.887,2.887,False,False,0.7229,,,True,1.5361,True,0.7383,True,1.6164,True,0.2599,False,-0.2768,False,0.5084
sample-run,dqn,1002,dqn-1002-silverstone,silverstone,2026,Silverstone Grand Prix,33,33,3,4,intermediate,intermediate,2,3,0.0,False,False,9.72,2.62,1.32,0,stay_out,True,-0.4,-16.35,78.201,0.201,False,False,0.4521,,,True,3.2348,True,0.7966,True,1.1422,True,1.4629,False,-2.6813,False,0.7317
sample-run,dqn,1002,dqn-1002-silverstone,silverstone,2026,Silverstone Grand Prix,34,34,3,4,intermediate,intermediate,3,4,0.0,False,False,8.76,2.5,2.14,0,stay_out,True,-0.4,-16.75,76.866,-1.134,False,False,1.0118,,,True,0.9798,True,-0.4015,True,-0.868,True,-0.3341,False,-0.4264,False,-0.4167
sample-run,dqn,1002,dqn-1002-silverstone,silverstone,2026,Silverstone Grand Prix,35,35,2,3,intermediate,intermediate,4,5,0.0,False,False,8.93,1.9,1.75,0,stay_out,True,-0.3,-17.05,76.696,-1.304,False,False,0.4822,,,True,2.0484,True,-0.0235,True,0.2474,True,-1.4871,False,-0.32,False,-0.5012
sample-run,dqn,1002,dqn-1002-silverstone,silverstone,2026,Silverstone Grand Prix,36,36,1,2,intermediate,intermediate,5,6,0.0,False,False,4.6,1.11,1.99,0,stay_out,True,-0.2,-17.25,79.833,1.833,False,False,0.6513,,,True,3.1074,True,1.1908,True,0.7064,True,-0.0897,False,-2.3843,False,-1.5019
sample-run,dqn,1002,dqn-1002-silverstone,silverstone,2026,Silverstone Grand Prix,37,37,1,2,intermediate,intermediate,6,7,0.0,False,False,5.72,0.62,0.72,0,stay_out,True,-0.2,-17.45,77.126,-0.874,False,False,0.806,,,True,0.4749,True,2.1115,True,1.1027,True,-0.1379,False,1.0439,False,-0.583
sample-run,dqn,1002,dqn-1002-silverstone,silverstone,2026,Silverstone Grand Prix,38,38,1,1,intermediate,intermediate,7,8,0.0,False,False,2.89,2.25,2.91,0,stay_out,True,-0.1,-17.55,79.49,1.49,False,False,0.7163,,,True,-0.1066,True,0.3213,True,-1.0319,True,2.9882,False,0.7059,False,0.3314
sample-run,dqn,1002,dqn-1002-silverstone,silverstone,2026,Silverstone Grand Prix,39,39,1,1,intermediate,intermediate,8,9,0.0,False,False,2.38,1.6,1.16,0,stay_out,True,-0.1,-17.65,78.83,0.83,False,False,0.4736,,,True,-0.6761,True,-0.2205,True,-1.3486,True,-0.8013,False,-0.2407,False,1.184
sample-run,dqn,1002,dqn-1002-silverstone,silverstone,2026,Silverstone Grand Prix,40,40,1,2,intermediate,intermediate,9,10,0.0,False,False,5.35,1.5,3.0,0,stay_out,True,-0.2,-17.85,79.12,1.12,False,False,1.1894,,,True,2.0111,True,0.6516,True,-1.4483,True,0.5145,False,-1.6512,False,-1.8516
sample-run,dqn,1002,dqn-1002-silverstone,silverstone,2026,Silverstone Grand Prix,41,41,1,1,intermediate,intermediate,0,0,0.018,False,False,2.27,1.08,2.95,4,pit_intermediate,True,-0.15,-18.0,79.584,1.584,False,False,0.832,,,True,-1.3614,True,0.9093,True,0.3239,True,-0.3763,True,-0.2735,True,0.169
sample-run,dqn,1002,dqn-1002-silverstone,silverstone,2026,Silverstone Grand Prix,42,42,1,2,intermediate,intermediate,0,0,0.032,False,False,5.29,1.29,2.96,4,pit_intermediate,True,-0.25,-18.25,80.254,2.254,False,False,1.1638,,,True,-1.1878,True,0.2528,True,-1.2097,True,1.0527,True,0.494,True,0.0001
sample-run,dqn,1002,dqn-1002-silverstone,silverstone,2026,Silverstone Grand Prix,43,43,1,1,intermediate,intermediate,0,1,0.0,False,False,2.43,0.71,1.69,0,stay_out,True,-0.1,-18.35,79.026,1.026,False,False,0.7303,,,True,3.6898,True,1.1058,True,0.7318,True,-0.1889,False,0.1163,False,-0.5701
sample-run,dqn,1002,dqn-1002-silverstone,silverstone,2026,Silverstone Grand Prix,44,44,1,1,intermediate,intermediate,1,2,0.0,False,False,2.15,1.58,2.9,0,stay_out,True,-0.1,-18.45,78.362,0.362,False,False,0.7457,,,True,0.3485,True,1.7097,True,0.114,True,0.2823,False,0.614,False,0.081
sample-run,dqn,1002,dqn-1002-silverstone,silverstone,2026,Silverstone Grand Prix,45,45,1,2,intermediate,intermediate,2,3,0.0,False,False,5.21,0.69,1.09,0,stay_out,True,-0.2,-18.65,79.426,1.426,False,False,1.0964,,,True,1.8389,True,-0.2706,True,1.0768,True,-0.2825,False,0.6587,False,0.1955
sample-run,dqn,1002,dqn-1002-silverstone,silverstone,2026,Silverstone Grand Prix,46,46,1,1,intermediate,intermediate,3,4,0.0,False,False,2.42,2.75,1.39,0,stay_out,True,-0.1,-18.75,78.833,0.833,False,False,1.0788,,,True,3.2677,True,-0.1969,True,0.0159,True,1.4329,False,-1.2173,False,-2.0398
sample-run,dqn,1002,dqn-1002-silverstone,silverstone,2026,Silverstone Grand Prix,47,47,1,1,intermediate,intermediate,4,5,0.0,False,False,2.72,0.55,0.56,0,stay_out,True,-0.1,-18.85,78.695,0.695,False,False,0.5819,,,True,0.4395,True,-0.786,True,1.6409,True,0.5316,False,2.9941,False,-1.6607
sample-run,dqn,1002,dqn-1002-silverstone,silverstone,2026,Silverstone Grand Prix,48,48,1,1,intermediate,intermediate,5,6,0.0,False,False,1.65,0.89,1.7,0,stay_out,True,-0.1,-18.95,78.06,0.06,False,False,1.1633,,,True,0.2137,True,-0.469,True,-0.47,True,0.7913,False,0.8515,False,0.3171
sample-run,dqn,1002,dqn-1002-silverstone,silverstone,2026,Silverstone Grand Prix,49,49,1,2,intermediate,intermediate,6,7,0.0,False,False,5.31,0.9,1.79,0,stay_out,True,-0.2,-19.15,78.965,0.965,False,False,0.7233,,,True,0.6271,True,0.3847,True,-1.5623,True,0.0846,False,-0.2433,False,1.59
sample-run,dqn,1002,dqn-1002-silverstone,silverstone,2026,Silverstone Grand Prix,50,50,1,1,intermediate,intermediate,7,8,0.0,False,False,2.38,2.56,2.77,0,stay_out,True,-0.1,-19.25,78.014,0.014,False,False,0.9064,,,True,0.9665,True,-0.1737,True,-0.7246,True,-1.6914,False,0.8474,False,-0.4171
sample-run,dqn,1002,dqn-1002-silverstone,silverstone,2026,Silverstone Grand Prix,51,51,1,1,intermediate,intermediate,8,9,0.0,False,False,2.39,2.89,0.74,0,stay_out,True,-0.1,-19.35,77.187,-0.813,True,False,0.463,,,True,2.1027,True,1.1512,True,-0.0864,True,-0.0242,False,-1.3312,False,0.05
sample-run,qrl,1002,qrl-1002-silverstone,silverstone,2026,Silverstone Grand Prix,0,0,5,6,medium,medium,0,1,0.0,False,False,10.15,1.4,2.72,0,stay_out,True,-0.6,-0.6,80.138,2.138,False,False,2.2128,,,True,2.1211,True,-1.1997,True,-0.1406,True,1.2899,False,-0.8644,False,0.1695
sample-run,qrl,1002,qrl-1002-silverstone,silverstone,2026,Silverstone Grand Prix,1,1,6,7,medium,medium,1,2,0.0,False,False,17.67,2.13,0.62,0,stay_out,True,-0.7,-1.3,78.397,0.397,False,False,2.6823,,,True,1.6507,True,1.9385,True,-1.1101,True,-0.8827,False,1.8606,False,0.3848
sample-run,qrl,1002,qrl-1002-silverstone,silverstone,2026,Silverstone Grand Prix,2,2,6,7,medium,medium,2,3,0.0,False,False,19.88,1.82,1.37,0,stay_out,True,-0.7,-2.0,79.344,1.344,False,False,2.6687,,,True,1.9515,True,0.1334,True,-0.9388,True,1.0224,False,-0.5912,False,0.2951
sample-run,qrl,1002,qrl-1002-silverstone,silverstone,2026,Silverstone Grand Prix,3,3,5,6,medium,medium,3,4,0.0,False,False,14.01,1.38,2.81,0,stay_out,True,-0.6,-2.6,78.582,0.582,False,False,3.5084,,,True,0.6557,True,1.2697,True,0.7949,True,0.7992,False,-1.4785,False,0.3224
sample-run,qrl,1002,qrl-1002-silverstone,silverstone,2026,Silverstone Grand Prix,4,4,4,5,medium,medium,4,5,0.0,False,False,7.77,1.87,1.19,0,stay_out,True,-0.5,-3.1,78.181,0.181,False,False,2.7594,,,True,2.0016,True,-0.1318,True,-0.2963,True,0.4385,False,-0.5035,False,0.4168
sample-run,qrl,1002,qrl-1002-silverstone,silverstone,2026,Silverstone Grand Prix,5,5,5,6,intermediate,intermediate,0,0,0.106,False,False,10.81,2.49,1.71,4,pit_intermediate,True,-0.65,-3.75,80.539,2.539,False,False,2.2556,,,True,0.1241,True,0.3406,True,-0.4267,True,0.7399,True,0.3158,True,0.9211
sample-run,qrl,1002,qrl-1002-silverstone,silverstone,2026,Silverstone Grand Prix,6,6,4,5,intermediate,intermediate,0,1,0.0,False,False,11.15,0.59,1.24,0,stay_out,True,-0.5,-4.25,77.385,-0.615,False,False,1.6426,,,True,2.3069,True,-0.9149,True,-0.3813,True,0.4731,False,-1.4622,False,0.357
sample-run,qrl,1002,qrl-1002-silverstone,silverstone,2026,Silverstone Grand Prix,7,7,4,5,intermediate,intermediate,1,2,0.0,False,False,11.74,2.31,2.83,0,stay_out,True,-0.5,-4.75,77.946,-0.054,False,False,1.2695,,,True,1.7384,True,1.1542,True,0.1804,True,-0.5781,False,0.1126,False,0.197
sample-run,qrl,1002,qrl-1002-silverstone,silverstone,2026,Silverstone Grand Prix,8,8,3,4,intermediate,intermediate,2,3,0.0,False,False,10.23,2.19,1.33,0,stay_out,True,-0.4,-5.15,76.321,-1.679,False,False,2.3631,,,True,1.9021,True,0.0276,True,-1.027,True,-0.0607,False,0.5808,False,1.1416
sample-run,qrl,1002,qrl-1002-silverstone,silverstone,2026,Silverstone Grand Prix,9,9,3,4,intermediate,intermediate,3,4,0.0,False,False,6.74,1.34,2.27,0,stay_out,True,-0.4,-5.55,77.78,-0.22,False,False,3.2753,,,True,1.5164,True,-1.0145,True,-0.9241,True,-0.9689,False,0.0087,False,0.5832
sample-run,qrl,1002,qrl-1002-silverstone,silverstone,2026,Silverstone Grand Prix,10,10,3,4,intermediate,intermediate,4,5,0.0,False,False,11.27,2.73,2.2,0,stay_out,True,-0.4,-5.95,74.886,-3.114,False,False,2.4733,,,True,0.9975,True,-0.2569,True,1.6994,True,-1.538,False,-0.063,False,1.5723
sample-run,qrl,1002,qrl-1002-silverstone,silverstone,2026,Silverstone Grand Prix,11,11,3,4,intermediate,intermediate,5,6,0.0,False,False,6.05,2.43,0.93,0,stay_out,True,-0.4,-6.35,80.496,2.496,False,False,2.7076,,,True,2.3098,True,0.5633,True,-0.1124,True,-1.3682,False,0.7953,False,0.2846
sample-run,qrl,1002,qrl-1002-silverstone,silverstone,2026,Silverstone Grand Prix,12,12,3,4,intermediate,intermediate,6,7,0.0,False,False,6.55,1.54,2.0,0,stay_out,True,-0.4,-6.75,78.209,0.209,False,False,1.3001,,,True,2.6978,True,0.9395,True,0.2408,True,0.8115,False,-1.5557,False,0.5046
sample-run,qrl,1002,qrl-1002-silverstone,silverstone,2026,Silverstone Grand Prix,13,13,2,3,intermediate,intermediate,7,8,0.0,False,False,6.38,2.14,0.79,0,stay_out,True,-0.3,-7.05,78.872,0.872,False,False,1.3162,,,True,0.4616,True,-0.009,True,-0.3015,True,0.5697,False,0.9744,False,-0.0801
sample-run,qrl,1002,qrl-1002-silverstone,silverstone,2026,Silverstone Grand Prix,14,14,1,2,intermediate,intermediate,8,9,0.0,False,False,3.42,0.81,2.94,0,stay_out,True,-0.2,-7.25,79.574,1.574,False,False,1.4632,,,True,1.3088,True,0.8655,True,1.3961,True,-0.9699,False,-0.8717,False,1.1857
sample-run,qrl,1002,qrl-1002-silverstone,silverstone,2026,Silverstone Grand Prix,15,15,3,4,intermediate,intermediate,0,0,0.163,False,False,10.23,0.62,1.57,4,pit_intermediate,True,-0.45,-7.7,83.233,5.233,False,False,2.4301,,,True,0.2951,True,-0.2972,True,-1.6204,True,0.2539,True,0.4184,True,-0.0597
sample-run,qrl,1002,qrl-1002-silverstone,silverstone,2026,Silverstone Grand Prix,16,16,2,3,intermediate,intermediate,0,1,0.0,False,False,8.66,0.54,2.55,0,stay_out,True,-0.3,-8.0,77.669,-0.331,False,False,2.855,,,True,2.3998,True,-0.8302,True,-1.1228,True,-0.635,False,-0.0028,False,0.6367
sample-run,qrl,1002,qrl-1002-silverstone,silverstone,2026,Silverstone Grand Prix,17,17,2,3,intermediate,intermediate,1,2,0.0,False,False,6.28,2.76,0.87,0,stay_out,True,-0.3,-8.3,78.4,0.4,False,False,3.2616,,,True,2.7941,True,0.0543,True,-0.4395,True,2.1589,False,0.7273,False,0.1484
sample-run,qrl,1002,qrl-1002-silverstone,silverstone,2026,Silverstone Grand Prix,18,18,2,3,intermediate,intermediate,2,3,0.0,False,False,8.79,1.46,1.54,0,stay_out,True,-0.3,-8.6,77.176,-0.824,False,False,1.8842,,,True,1.5097,True,-1.7159,True,-1.0722,True,0.3566,False,-1.0281,False,1.9987
sample-run,qrl,1002,qrl-1002-silverstone,silverstone,2026,Silverstone Grand Prix,19,19,1,2,intermediate,intermediate,3,4,0.0,False,False,4.46,1.6,0.72,0,stay_out,True,-0.2,-8.8,78.472,0.472,False,False,2.901,,,True,1.4011,True,0.6131,True,2.046,True,-0.2681,False,-0.0814,False,-0.2793
sample-run,qrl,1002,qrl-1002-silverstone,silverstone,2026,Silverstone Grand Prix,20,20,2,3,intermediate,intermediate,4,5,0.0,False,False,7.61,0.82,1.42,0,stay_out,True,-0.3,-9.1,77.906,-0.094,False,False,1.5653,,,True,2.7318,True,-0.9676,True,-1.3027,True,-0.5759,False,0.2496,False,-0.7777
sample-run,qrl,1002,qrl-1002-silverstone,silverstone,2026,Silverstone Grand Prix,21,21,1,2,intermediate,intermediate,5,6,0.0,False,False,4.89,0.99,1.97,0,stay_out,True,-0.2,-9.3,74.898,-3.102,False,False,1.2164,,,True,1.23,True,-2.497,True,-0.9392,True,-0.0047,False,0.4583,False,0.8034
sample-run,qrl,1002,qrl-1002-silverstone,silverstone,2026,Silverstone Grand Prix,22,22,1,2,intermediate,intermediate,6,7,0.0,False,False,5.86,2.38,0.89,0,stay_out,True,-0.2,-9.5,78.393,0.393,False,False,1.3164,,,True,-0.0438,True,-0.1034,True,1.6069,True,1.3144,False,1.2557,False,0.1118
sample-run,qrl,1002,qrl-1002-silverstone,silverstone,2026,Silverstone Grand Prix,23,23,3,4,intermediate,intermediate,0,0,0.123,False,False,9.84,0.56,1.02,4,pit_intermediate,True,-0.45,-9.95,81.095,3.095,False,False,3.563,,,True,0.2164,True,-0.1045,True,-0.9528,True,-2.0339,True,0.4564,True,0.3664
sample-run,qrl,1002,qrl-1002-silverstone,silverstone,2026,Silverstone Grand Prix,24,24,3,4,intermediate,intermediate,0,1,0.0,False,False,9.72,2.06,1.13,0,stay_out,True,-0.4,-10.35,79.258,1.258,False,False,2.362,,,True,1.928,True,-0.1343,True,0.1099,True,0.0347,False,-0.6038,False,-0.9132
sample-run,qrl,1002,qrl-1002-silverstone,silverstone,2026,Silverstone Grand Prix,25,25,4,5,intermediate,intermediate,1,2,0.0,False,False,13.69,1.77,1.08,0,stay_out,True,-0.5,-10.85,78.126,0.126,False,False,1.9702,,,True,-0.1588,True,-0.166,True,-0.3858,True,-1.0501,False,1.7252,False,0.8351
sample-run,qrl,1002,qrl-1002-silverstone,silverstone,2026,Silverstone Grand Prix,26,26,4,5,intermediate,intermediate,2,3,0.0,False,False,11.14,0.74,1.85,0,stay_out,True,-0.5,-11.35,78.969,0.969,False,False,2.668,,,True,-0.207,True,0.4072,True,-0.1652,True,0.1728,False,-1.8542,False,-1.2357
sample-run,qrl,1002,qrl-1002-silverstone,silverstone,2026,Silverstone Grand Prix,27,27,5,6,intermediate,intermediate,0,0,0.201,False,False,14.17,2.1,0.94,4,pit_intermediate,True,-0.65,-12.0,83.135,5.135,False,False,3.0609,,,True,0.4699,True,0.474,True,1.1755,True,-0.5035,True,1.3796,True,-1.1074
sample-run,qrl,1002,qrl-1002-silverstone,silverstone,2026,Silverstone Grand Prix,28,28,5,6,intermediate,intermediate,0,1,0.0,False,False,12.05,1.09,1.54,0,stay_out,True,-0.6,-12.6,76.094,-1.906,False,False,2.3291,,,True,0.1486,True,0.8295,True,-0.3826,True,0.4821,False,-0.0811,False,1.8297
sample-run,qrl,1002,qrl-1002-silverstone,silverstone,2026,Silverstone Grand Prix,29,29,4,5,intermediate,intermediate,1,2,0.0,False,False,10.79,2.9,1.42,0,stay_out,True,-0.5,-13.1,77.152,-0.848,False,False,1.7696,,,True,1.2432,True,-1.2287,True,0.0076,True,0.0477,False,-0.3864,False,0.9961
sample-run,qrl,1002,qrl-1002-silverstone,silverstone,2026,Silverstone Grand Prix,30,30,4,5,intermediate,intermediate,2,3,0.0,False,False,10.84,1.45,2.38,0,stay_out,True,-0.5,-13.6,77.687,-0.313,False,False,2.7481,,,True,2.1575,True,-2.0553,True,0.1121,True,1.5164,False,-3.1857,False,-0.6628
sample-run,qrl,1002,qrl-1002-silverstone,silverstone,2026,Silverstone Grand Prix,31,31,5,6,intermediate,intermediate,3,4,0.0,False,False,15.57,2.06,1.89,0,stay_out,True,-0.6,-14.2,80.593,2.593,False,False,2.9461,,,True,1.0389,True,-0.7819,True,-0.5634,True,-0.5189,False,2.4248,False,0.4881
sample-run,qrl,1002,qrl-1002-silverstone,silverstone,2026,Silverstone Grand Prix,32,32,6,7,intermediate,intermediate,4,5,0.0,False,False,13.34,0.83,1.97,0,stay_out,True,-0.7,-14.9,79.475,1.475,False,False,2.5412,,,True,1.5785,True,0.5579,True,1.6891,True,-0.2754,False,-0.2524,False,-0.2086
sample-run,qrl,1002,qrl-1002-silverstone,silverstone,2026,Silverstone Grand Prix,33,33,7,8,intermediate,intermediate,5,6,0.0,False,False,18.04,1.09,2.43,0,stay_out,True,-0.8,-15.7,79.896,1.896,False,False,2.9112,,,True,2.0238,True,1.2483,True,1.5935,True,-1.6492,False,0.5072,False,0.736
sample-run,qrl,1002,qrl-1002-silverstone,silverstone,2026,Silverstone Grand Prix,34,34,7,8,intermediate,intermediate,6,7,0.0,False,False,22.83,1.02,1.07,0,stay_out,True,-0.8,-16.5,80.996,2.996,False,False,3.3604,,,True,1.7009,True,0.5805,True,-0.3947,True,-0.2512,False,0.8339,False,-0.2472
sample-run,qrl,1002,qrl-1002-silverstone,silverstone,2026,Silverstone Grand Prix,35,35,7,8,intermediate,intermediate,7,8,0.0,False,False,20.94,0.55,0.56,0,stay_out,True,-0.8,-17.3,79.267,1.267,False,False,1.9542,,,True,2.426,True,-0.5218,True,0.397,True,-1.0934,False,-1.1211,False,-1.0684
sample-run,qrl,1002,qrl-1002-silverstone,silverstone,2026,Silverstone Grand Prix,36,36,8,9,intermediate,intermediate,8,9,0.0,False,False,21.56,2.1,2.78,0,stay_out,True,-0.9,-18.2,79.772,1.772,False,False,3.0349,,,True,2.7639,True,1.0971,True,0.5854,True,-0.7763,False,-0.7046,False,-1.4857
sample-run,qrl,1002,qrl-1002-silverstone,silverstone,2026,Silverstone Grand Prix,37,37,7,8,intermediate,intermediate,9,10,0.0,False,False,22.68,2.84,2.83,0,stay_out,True,-0.8,-19.0,78.073,0.073,False,False,2.2891,,,True,1.0544,True,-0.0178,True,0.868,True,0.0844,False,0.9702,False,0.5374
sample-run,qrl,1002,qrl-1002-silverstone,silverstone,2026,Silverstone Grand Prix,38,38,6,7,intermediate,intermediate,10,11,0.0,False,False,10.7,2.02,2.54,0,stay_out,True,-0.7,-19.7,77.819,-0.181,False,False,2.3655,,,True,2.148,True,-0.5431,True,0.8772,True,-0.0968,False,-2.2865,False,-1.4486
sample-run,qrl,1002,qrl-1002-silverstone,silverstone,2026,Silverstone Grand Prix,39,39,5,6,intermediate,intermediate,11,12,0.0,False,False,15.94,1.8,1.34,0,stay_out,True,-0.6,-20.3,78.597,0.597,False,False,3.5884,,,True,2.0516,True,0.1086,True,-1.2689,True,-0.8816,False,-0.3652,False,-0.8636
sample-run,qrl,1002,qrl-1002-silverstone,silverstone,2026,Silverstone Grand Prix,40,40,5,6,intermediate,intermediate,12,13,0.0,False,False,14.18,0.92,0.69,0,stay_out,True,-0.6,-20.9,78.276,0.276,False,False,1.8969,,,True,0.608,True,-0.7497,True,-0.8652,True,-0.0855,False,0.1628,False,0.7245
sample-run,qrl,1002,qrl-1002-silverstone,silverstone,2026,Silverstone Grand Prix,41,41,5,6,intermediate,intermediate,13,14,0.0,False,False,13.9,1.95,1.62,0,stay_out,True,-0.6,-21.5,78.155,0.155,False,False,2.9386,,,True,0.869,True,-1.6902,True,-0.6045,True,-1.949,False,-0.9354,False,0.2934
sample-run,qrl,1002,qrl-1002-silverstone,silverstone,2026,Silverstone Grand Prix,42,42,4,5,intermediate,intermediate,14,15,0.0,False,False,8.58,2.13,2.83,0,stay_out,True,-0.5,-22.0,80.524,2.524,False,False,1.2351,,,True,0.9154,True,-0.2094,True,0.5808,True,-0.3264,False,-0.7891,False,1.1926
sample-run,qrl,1002,qrl-1002-silverstone,silverstone,2026,Silverstone Grand Prix,43,43,4,5,intermediate,intermediate,15,16,0.0,False,True,7.89,2.98,0.78,0,stay_out,True,-0.5,-22.5,77.937,-0.063,False,False,1.2261,,,True,0.0377,True,1.5428,True,-0.3495,True,1.3658,False,1.399,False,-1.6262
sample-run,qrl,1002,qrl-1002-silverstone,silverstone,2026,Silverstone Grand Prix,44,44,4,5,intermediate,intermediate,16,17,0.0,False,True,8.86,2.55,1.62,0,stay_out,True,-0.5,-23.0,76.92,-1.08,False,False,1.6796,,,True,0.4509,True,1.2553,True,-0.3026,True,0.2663,False,-0.7327,False,-0.4755
sample-run,qrl,1002,qrl-1002-silverstone,silverstone,2026,Silverstone Grand Prix,45,45,3,4,intermediate,intermediate,17,18,0.0,False,True,7.31,1.0,2.2,0,stay_out,True,-0.4,-23.4,80.148,2.148,False,False,1.6679,,,True,2.7464,True,0.8049,True,-1.0457,True,1.0877,False,-0.2749,False,2.2668
sample-run,qrl,1002,qrl-1002-silverstone,silverstone,2026,Silverstone Grand Prix,46,46,3,4,intermediate,intermediate,18,19,0.0,False,True,11.14,2.99,2.32,0,stay_out,True,-0.4,-23.8,76.243,-1.757,False,False,1.3481,,,True,1.0758,True,0.1504,True,-0.2711,True,0.5666,False,-0.0418,False,-0.5142
sample-run,qrl,1002,qrl-1002-silverstone,silverstone,2026,Silverstone Grand Prix,47,47,2,3,intermediate,intermediate,19,20,0.0,False,True,5.23,2.89,1.76,0,stay_out,True,-0.3,-24.1,76.328,-1.672,False,False,1.2936,,,True,1.8271,True,-1.3563,True,-1.1995,True,0.8181,False,0.7097,False,0.2681
sample-run,qrl,1002,qrl-1002-silverstone,silverstone,2026,Silverstone Grand Prix,48,48,2,3,intermediate,intermediate,20,21,0.0,False,True,8.84,1.69,2.69,0,stay_out,True,-0.3,-24.4,81.399,3.399,False,False,1.6226,,,True,2.2338,True,-0.0014,True,-0.8353,True,-0.4128,False,0.6213,False,-1.3589
sample-run,qrl,1002,qrl-1002-silverstone,silverstone,2026,Silverstone Grand Prix,49,49,3,4,intermediate,intermediate,21,22,0.0,False,True,8.88,1.62,0.72,0,stay_out,True,-0.4,-24.8,76.063,-1.937,False,False,3.2233,,,True,0.2155,True,-0.4383,True,-0.8467,True,0.0947,False,-0.2353,False,-1.9003
sample-run,qrl,1002,qrl-1002-silverstone,silverstone,2026,Silverstone Grand Prix,50,50,2,3,soft,soft,0,0,0.0,False,False,5.87,0.95,2.72,1,pit_soft,True,0.2,-24.6,81.593,3.593,False,False,2.2577,,,True,-0.5392,True,2.1217,True,-0.0675,True,-1.2468,False,0.102,False,-1.0779
sample-run,qrl,1002,qrl-1002-silverstone,silverstone,2026,Silverstone Grand Prix,51,51,1,2,intermediate,intermediate,0,0,0.102,False,False,3.62,2.31,0.61,4,pit_intermediate,True,-0.25,-24.85,82.53,4.53,True,False,2.1575,,,True,0.4152,True,0.118,True,0.1949,True,0.204,True,1.4506,True,-0.5721
sample-run,dqn,1003,dqn-1003-silverstone,silverstone,2026,Silverstone Grand Prix,0,0,9,10,medium,medium,0,1,0.0,False,False,17.33,2.54,1.75,0,stay_out,True,-1.0,-1.0,78.486,0.486,False,False,1.1718,,,True,-0.2493,True,1.8826,True,0.2778,True,-0.2633,False,-1.143,False,1.0684
sample-run,dqn,1003,dqn-1003-silverstone,silverstone,2026,Silverstone Grand Prix,1,1,8,9,medium,medium,1,2,0.0,False,False,15.16,1.37,2.92,0,stay_out,True,-0.9,-1.9,78.206,0.206,False,False,1.1476,,,True,2.2197,True,-0.8555,True,-0.0111,True,-1.5994,False,1.276,False,-0.9925
sample-run,dqn,1003,dqn-1003-silverstone,silverstone,2026,Silverstone Grand Prix,2,2,9,10,medium,medium,2,3,0.0,False,False,27.52,0.64,2.09,0,stay_out,True,-1.0,-2.9,78.341,0.341,False,False,1.0484,,,True,3.28,True,0.2379,True,0.6093,True,-0.6671,False,-0.2855,False,0.1664
sample-run,dqn,1003,dqn-1003-silverstone,silverstone,2026,Silverstone Grand Prix,3,3,10,11,medium,medium,3,4,0.0,False,False,23.08,1.6,0.94,0,stay_out,True,-1.1,-4.0,79.984,1.984,False,False,1.1505,,,True,2.0447,True,-0.6627,True,1.0128,True,-0.7775,False,0.5831,False,1.6462
sample-run,dqn,1003,dqn-1003-silverstone,silverstone,2026,Silverstone Grand Prix,4,4,11,12,medium,medium,4,5,0.0,False,False,21.45,2.06,2.99,0,stay_out,True,-1.2,-5.2,76.962,-1.038,False,False,0.9931,,,True,1.2472,True,0.4314,True,0.2561,True,-0.2187,False,0.9057,False,-0.1069
sample-run,dqn,1003,dqn-1003-silverstone,silverstone,2026,Silverstone Grand Prix,5,5,11,12,medium,medium,5,6,0.0,False,False,26.37,2.84,0.82,0,stay_out,True,-1.2,-6.4,78.053,0.053,False,False,0.7471,,,True,0.9073,True,-1.3102,True,0.6052,True,-0.456,False,0.4631,False,0.6167
sample-run,dqn,1003,dqn-1003-silverstone,silverstone,2026,Silverstone Grand Prix,6,6,11,12,medium,medium,6,7,0.0,False,False,30.77,1.85,1.67,0,stay_out,True,-1.2,-7.6,77.417,-0.583,False,False,0.6846,,,True,1.7633,True,0.9166,True,1.1295,True,-1.7315,False,0.6332,False,-1.4585
sample-run,dqn,1003,dqn-1003-silverstone,silverstone,2026,Silverstone Grand Prix,7,7,11,12,medium,medium,7,8,0.0,False,False,18.67,1.44,1.83,0,stay_out,True,-1.2,-8.8,76.828,-1.172,False,False,0.8382,,,True,2.2679,True,0.2771,True,1.583,True,0.3096,False,-1.255,False,-0.3557
sample-run,dqn,1003,dqn-1003-silverstone,silverstone,2026,Silverstone Grand Prix,8,8,12,13,medium,medium,8,9,0.0,False,False,23.1,1.75,2.54,0,stay_out,True,-1.3,-10.1,78.069,0.069,False,False,0.5304,,,True,3.3492,True,1.3001,True,-0.4455,True,0.159,False,-1.5318,False,0.5355
sample-run,dqn,1003,dqn-1003-silverstone,silverstone,2026,Silverstone Grand Prix,9,9,12,13,medium,medium,9,10,0.0,False,False,36.01,2.19,2.5,0,stay_out,True,-1.3,-11.4,78.349,0.349,False,False,1.059,,,True,2.1102,True,-0.8153,True,1.5524,True,0.0011,False,1.2604,False,0.6562
sample-run,dqn,1003,dqn-1003-silverstone,silverstone,2026,Silverstone Grand Prix,10,10,12,13,medium,medium,10,11,0.0,False,False,28.55,1.34,0.63,0,stay_out,True,-1.3,-12.7,78.957,0.957,False,False,0.6002,,,True,2.1018,True,-0.9506,True,-0.7687,True,0.1616,False,1.1211,False,-1.4972
sample-run,dqn,1003,dqn-1003-silverstone,silverstone,2026,Silverstone Grand Prix,11,11,13,14,medium,medium,11,12,0.0,False,False,34.56,1.64,2.02,0,stay_out,True,-1.4,-14.1,78.809,0.809,False,False,0.4022,,,True,1.0629,True,1.3985,True,0.725,True,-0.3984,False,0.0757,False,-1.028
sample-run,dqn,1003,dqn-1003-silverstone,silverstone,2026,Silverstone Grand Prix,12,12,14,15,intermediate,intermediate,0,0,0.432,False,False,42.18,2.95,1.39,4,pit_intermediate,True,-1.55,-15.65,80.679,2.679,False,False,0.402,,,True,0.3868,True,-0.1218,True,0.2364,True,0.4075,True,0.7538,True,-1.2015
sample-run,dqn,1003,dqn-1003-silverstone,silverstone,2026,Silverstone Grand Prix,13,13,13,14,intermediate,intermediate,0,1,0.0,False,False,32.13,0.95,0.75,0,stay_out,True,-1.4,-17.05,79.329,1.329,False,False,0.4737,,,True,-0.2555,True,0.6052,True,-3.251,True,1.1389,False,-0.898,False,0.9222
sample-run,dqn,1003,dqn-1003-silverstone,silverstone,2026,Silverstone Grand Prix,14,14,13,14,intermediate,intermediate,1,2,0.0,False,False,28.3,0.77,0.96,0,stay_out,True,-1.4,-18.45,77.444,-0.556,False,False,0.9847,,,True,1.2297,True,-0.9699,True,0.7244,True,1.6257,False,-0.4952,False,-1.5348
sample-run,dqn,1003,dqn-1003-silverstone,silverstone,2026,Silverstone Grand Prix,15,15,14,15,intermediate,intermediate,2,3,0.0,False,False,36.52,2.33,1.67,0,stay_out,True,-1.5,-19.95,75.651,-2.349,False,False,0.7277,,,True,2.3235,True,0.245,True,-0.584,True,1.3048,False,-0.1998,False,0.8065
sample-run,dqn,1003,dqn-1003-silverstone,silverstone,2026,Silverstone Grand Prix,16,16,14,15,intermediate,intermediate,3,4,0.0,False,False,25.31,1.35,2.67,0,stay_out,True,-1.5,-21.45,77.369,-0.631,False,False,0.6939,,,True,-0.4952,True,-0.3689,True,2.4236,True,-0.6089,False,-0.8642,False,-0.5449
sample-run,dqn,1003,dqn-1003-silverstone,silverstone,2026,Silverstone Grand Prix,17,17,14,15,intermediate,intermediate,4,5,0.0,False,False,37.41,1.99,1.58,0,stay_out,True,-1.5,-22.95,79.892,1.892,False,False,0.969,,,True,1.7152,True,-0.1971,True,1.0882,True,-0.2842,False,1.2899,False,0.8979
sample-run,dqn,1003,dqn-1003-silverstone,silverstone,2026,Silverstone Grand Prix,18,18,14,15,intermediate,intermediate,5,6,0.0,False,False,40.94,1.26,0.55,0,stay_out,True,-1.5,-24.45,75.853,-2.147,False,False,1.1307,,,True,-0.2962,True,-0.1754,True,-0.5764,True,0.5524,False,1.3107,False,1.667
sample-run,dqn,1003,dqn-1003-silverstone,silverstone,2026,Silverstone Grand Prix,19,19,13,14,intermediate,intermediate,6,7,0.0,False,False,34.7,2.45,2.21,0,stay_out,True,-1.4,-25.85,76.599,-1.401,False,False,0.4914,,,True,1.3001,True,0.2087,True,1.3384,True,1.2356,False,-0.019,False,-0.1197
sample-run,dqn,1003,dqn-1003-silverstone,silverstone,2026,Silverstone Grand Prix,20,20,14,15,intermediate,intermediate,7,8,0.0,False,False,35.89,0.71,2.41,0,stay_out,True,-1.5,-27.35,79.53,1.53,False,False,0.8993,,,True,1.2534,True,1.6239,True,0.4604,True,-0.3466,False,-1.0817,False,-0.0251
sample-run,dqn,1003,dqn-1003-silverstone,silverstone,2026,Silverstone Grand Prix,21,21,14,15,intermediate,intermediate,8,9,0.0,False,False,26.37,1.51,2.21,0,stay_out,True,-1.5,-28.85,75.322,-2.678,False,False,0.947,,,True,2.0644,True,0.0644,True,-0.4139,True,-0.329,False,0.1421,False,-0.3015
sample-run,dqn,1003,dqn-1003-silverstone,silverstone,2026,Silverstone Grand Prix,22,22,13,14,intermediate,intermediate,9,10,0.0,False,False,35.92,2.0,1.25,0,stay_out,True,-1.4,-30.25,79.261,1.261,False,False,0.688,,,True,1.4168,True,0.4524,True,-2.9214,True,0.5043,False,0.2698,False,-0.3872
sample-run,dqn,1003,dqn-1003-silverstone,silverstone,2026,Silverstone Grand Prix,23,23,12,13,intermediate,intermediate,0,0,0.055,False,False,36.43,1.22,1.71,4,pit_intermediate,True,-1.35,-31.6,79.624,1.624,False,False,1.1038,,,True,-0.2001,True,-1.8154,True,-0.4159,True,-0.2727,True,1.9779,True,0.727
sample-run,dqn,1003,dqn-1003-silverstone,silverstone,2026,Silverstone Grand Prix,24,24,14,15,intermediate,intermediate,0,0,0.156,False,False,29.3,1.15,1.33,4,pit_intermediate,True,-1.55,-33.15,83.026,5.026,False,False,0.8682,,,True,0.5569,True,1.5537,True,0.0676,True,1.0234,True,0.3031,True,-0.1554
sample-run,dqn,1003,dqn-1003-silverstone,silverstone,2026,Silverstone Grand Prix,25,25,14,15,intermediate,intermediate,0,1,0.0,False,False,32.73,0.84,2.9,0,stay_out,True,-1.5,-34.65,78.095,0.095,False,False,1.0256,,,True,1.346,True,0.1896,True,0.0317,True,0.0954,False,-0.9169,False,0.2089
sample-run,dqn,1003,dqn-1003-silverstone,silverstone,2026,Silverstone Grand Prix,26,26,15,16,intermediate,intermediate,1,2,0.0,False,False,25.0,2.89,1.2,0,stay_out,True,-1.6,-36.25,78.34,0.34,False,False,0.8585,,,True,0.7564,True,2.1089,True,0.0454,True,-0.2383,False,-2.389,False,-1.3378
sample-run,dqn,1003,dqn-1003-silverstone,silverstone,2026,Silverstone Grand Prix,27,27,15,16,intermediate,intermediate,2,3,0.0,False,False,25.92,1.56,0.72,0,stay_out,True,-1.6,-37.85,77.169,-0.831,False,False,0.5702,,,True,2.3725,True,-1.2364,True,0.3963,True,-0.8872,False,-0.5045,False,-1.0462
sample-run,dqn,1003,dqn-1003-silverstone,silverstone,2026,Silverstone Grand Prix,28,28,15,16,intermediate,intermediate,3,4,0.0,False,False,31.44,1.04,2.22,0,stay_out,True,-1.6,-39.45,76.727,-1.273,False,False,0.9404,,,True,0.1907,True,0.7836,True,-1.2977,True,-0.6121,False,0.5799,False,-1.086
sample-run,dqn,1003,dqn-1003-silverstone,silverstone,2026,Silverstone Grand Prix,29,29,15,16,intermediate,intermediate,4,5,0.0,False,False,35.76,1.21,0.94,0,stay_out,True,-1.6,-41.05,77.128,-0.872,False,False,0.7901,,,True,0.36,True,0.1117,True,0.1897,True,-0.1975,False,0.8082,False,0.3979
sample-run,dqn,1003,dqn-1003-silverstone,silverstone,2026,Silverstone Grand Prix,30,30,14,15,intermediate,intermediate,5,6,0.0,False,False,43.74,2.04,2.19,0,stay_out,True,-1.5,-42.55,78.028,0.028,False,False,0.6018,,,True,2.1088,True,0.7512,True,0.5714,True,1.149,False,-0.1353,False,0.4134
sample-run,dqn,1003,dqn-1003-silverstone,silverstone,2026,Silverstone Grand Prix,31,31,14,15,intermediate,intermediate,6,7,0.0,False,False,25.4,2.62,0.58,0,stay_out,True,-1.5,-44.05,77.99,-0.01,False,False,1.0044,,,True,0.3732,True,1.2352,True,-0.0917,True,-0.0822,False,0.1188,False,-0.2028
sample-run,dqn,1003,dqn-1003-silverstone,silverstone,2026,Silverstone Grand Prix,32,32,14,15,intermediate,intermediate,7,8,0.0,False,False,42.36,0.64,2.09,0,stay_out,True,-1.5,-45.55,77.916,-0.084,False,False,0.4311,,,True,2.2657,True,1.3336,True,0.7798,True,0.5183,False,-1.9924,False,-0.2753
sample-run,dqn,1003,dqn-1003-silverstone,silverstone,2026,Silverstone Grand Prix,33,33,13,14,intermediate,intermediate,0,0,0.023,False,False,33.32,0.69,1.17,4,pit_intermediate,True,-1.45,-47.0,80.183,2.183,False,False,0.5201,,,True,-1.2073,True,1.4683,True,-0.9943,True,0.5426,True,0.34,True,-0.5613
sample-run,dqn,1003,dqn-1003-silverstone,silverstone,2026,Silverstone Grand Prix,34,34,13,14,intermediate,intermediate,0,1,0.0,False,False,30.96,0.84,2.91,0,stay_out,True,-1.4,-48.4,77.643,-0.357,False,False,1.0507,,,True,1.2263,True,0.4673,True,-0.2009,True,1.029,False,-0.498,False,-0.2471
sample-run,dqn,1003,dqn-1003-silverstone,silverstone,2026,Silverstone Grand Prix,35,35,12,13,intermediate,intermediate,1,2,0.0,False,False,20.19,0.53,1.45,0,stay_out,True,-1.3,-49.7,78.6,0.6,False,False,1.1283,,,True,2.5352,True,1.3139,True,-1.696,True,-1.9646,False,-1.398,False,0.2385
sample-run,dqn,1003,dqn-1003-silverstone,silverstone,2026,Silverstone Grand Prix,36,36,12,13,intermediate,intermediate,2,3,0.0,False,False,31.44,2.14,1.77,0,stay_out,True,-1.3,-51.0,77.051,-0.949,False,False,0.7223,,,True,3.3671,True,0.3592,True,0.2516,True,0.3366,False,-0.6753,False,-0.6327
sample-run,dqn,1003,dqn-1003-silverstone,silverstone,2026,Silverstone Grand Prix,37,37,12,13,intermediate,intermediate,3,4,0.0,False,False,32.65,2.39,1.77,0,stay_out,True,-1.3,-52.3,78.756,0.756,False,False,0.9067,,,True,1.37,True,-0.5399,True,0.0116,True,-0.9578,False,0.25,False,1.6111
sample-run,dqn,1003,dqn-1003-silverstone,silverstone,2026,Silverstone Grand Prix,38,38,12,13,intermediate,intermediate,4,5,0.0,False,False,34.21,2.44,2.65,0,stay_out,True,-1.3,-53.6,77.962,-0.038,False,False,0.9441,,,True,1.13,True,0.527,True,-0.4243,True,-0.8782,False,1.1006,False,-0.1436
sample-run,dqn,1003,dqn-1003-silverstone,silverstone,2026,Silverstone Grand Prix,39,39,13,14,intermediate,intermediate,5,6,0.0,False,False,22.52,1.28,1.85,0,stay_out,True,-1.4,-55.0,78.943,0.943,False,False,0.473,,,True,1.1263,True,-1.0237,True,0.3766,True,2.1764,False,-0.7896,False,0.2533
sample-run,dqn,1003,dqn-1003-silverstone,silverstone,2026,Silverstone Grand Prix,40,40,12,13,intermediate,intermediate,0,0,0.004,True,False,33.91,0.85,1.67,4,pit_intermediate,True,-1.35,-56.35,83.876,5.876,False,False,0.5728,,,True,-0.764,True,0.5257,True,-1.2348,True,0.0626,True,-0.9612,True,0.0984
sample-run,dqn,1003,dqn-1003-silverstone,silverstone,2026,Silverstone Grand Prix,41,41,12,13,intermediate,intermediate,0,1,0.0,False,False,30.22,1.66,2.29,0,stay_out,True,-1.3,-57.65,76.868,-1.132,False,False,0.4709,,,True,1.6412,True,-0.4789,True,1.7101,True,0.6934,False,-1.1701,False,0.9534
sample-run,dqn,1003,dqn-1003-silverstone,silverstone,2026,Silverstone Grand Prix,42,42,11,12,intermediate,intermediate,1,2,0.0,False,False,34.22,1.68,1.31,0,stay_out,True,-1.2,-58.85,76.64,-1.36,False,False,0.582,,,True,2.8672,True,-0.1101,True,0.6211,True,1.1141,False,0.6319,False,0.8892
sample-run,dqn,1003,dqn-1003-silverstone,silverstone,2026,Silverstone Grand Prix,43,43,11,12,intermediate,intermediate,2,3,0.0,False,False,27.51,3.0,2.11,0,stay_out,True,-1.2,-60.05,77.72,-0.28,False,False,0.9864,,,True,0.4857,True,0.9698,True,1.4547,True,0.7909,False,0.7688,False,-0.347
sample-run,dqn,1003,dqn-1003-silverstone,silverstone,2026,Silverstone Grand Prix,44,44,10,11,intermediate,intermediate,3,4,0.0,False,False,28.21,0.83,1.47,0,stay_out,True,-1.1,-61.15,79.33,1.33,False,False,0.4461,,,True,0.2823,True,-0.8779,True,1.4782,True,0.7131,False,0.5159,False,-0.1951
sample-run,dqn,1003,dqn-1003-silverstone,silverstone,2026,Silverstone Grand Prix,45,45,10,11,intermediate,intermediate,4,5,0.0,False,False,24.74,2.14,2.33,0,stay_out,True,-1.1,-62.25,77.377,-0.623,False,False,1.0902,,,True,1.7513,True,-1.213,True,-1.9991,True,-0.0807,False,0.9355,False,0.2969
sample-run,dqn,1003,dqn-1003-silverstone,silverstone,2026,Silverstone Grand Prix,46,46,10,11,intermediate,intermediate,5,6,0.0,False,False,22.0,1.97,2.04,0,stay_out,True,-1.1,-63.35,76.131,-1.869,False,False,0.6022,,,True,1.0788,True,-1.8754,True,-1.0339,True,-1.0804,False,0.862,False,-0.1196
sample-run,dqn,1003,dqn-1003-silverstone,silverstone,2026,Silverstone Grand Prix,47,47,10,11,intermediate,intermediate,6,7,0.0,False,False,20.89,2.9,2.2,0,stay_out,True,-1.1,-64.45,78.573,0.573,False,False,0.7752,,,True,2.21,True,0.6731,True,-1.4515,True,0.0035,False,-0.7655,False,-1.0425
sample-run,dqn,1003,dqn-1003-silverstone,silverstone,2026,Silverstone Grand Prix,48,48,11,12,intermediate,intermediate,7,8,0.0,False,False,27.81,2.62,0.54,0,stay_out,True,-1.2,-65.65,79.536,1.536,False,False,0.8496,,,True,2.5271,True,1.1559,True,-1.5825,True,-0.3761,False,0.2002,False,1.7289
sample-run,dqn,1003,dqn-1003-silverstone,silverstone,2026,Silverstone Grand Prix,49,49,11,12,intermediate,intermediate,8,9,0.0,False,False,35.55,0.59,1.53,0,stay_out,True,-1.2,-66.85,78.373,0.373,False,False,0.7176,,,True,1.655,True,-0.101,True,-0.297,True,2.0572,False,0.0564,False,0.3075
sample-run,dqn,1003,dqn-1003-silverstone,silverstone,2026,Silverstone Grand Prix,50,50,11,12,intermediate,intermediate,0,0,0.066,False,False,24.8,1.97,2.81,4,pit_intermediate,True,-1.25,-68.1,80.374,2.374,False,False,0.4451,,,True,1.5106,True,-0.4658,True,-0.2295,True,-0.5509,True,1.8706,True,-0.8406
sample-run,dqn,1003,dqn-1003-silverstone,silverstone,2026,Silverstone Grand Prix,51,51,11,12,intermediate,intermediate,0,1,0.0,False,False,28.96,2.05,2.71,0,stay_out,True,-1.2,-69.3,78.051,0.051,True,False,1.0542,,,True,1.1926,True,-0.6447,True,-0.9808,True,0.223,False,0.6607,False,-0.4605
sample-run,qrl,1003,qrl-1003-silverstone,silverstone,2026,Silverstone Grand Prix,0,0,10,11,medium,medium,0,1,0.0,False,False,16.83,1.36,2.92,0,stay_out,True,-1.1,-1.1,77.147,-0.853,False,False,1.7747,,,True,2.7019,True,-0.4105,True,0.1823,True,-1.0481,False,0.2888,False,-1.0109
sample-run,qrl,1003,qrl-1003-silverstone,silverstone,2026,Silverstone Grand Prix,1,1,10,11,medium,medium,1,2,0.0,False,False,18.26,2.94,1.73,0,stay_out,True,-1.1,-2.2,78.77,0.77,False,False,3.0456,,,True,-0.6655,True,0.4515,True,-1.7905,True,0.3504,False,0.9858,False,-1.2251
sample-run,qrl,1003,qrl-1003-silverstone,silverstone,2026,Silverstone Grand Prix,2,2,10,11,medium,medium,2,3,0.0,False,False,28.43,1.14,1.67,0,stay_out,True,-1.1,-3.3,79.198,1.198,False,False,2.5814,,,True,0.7112,True,-0.0555,True,1.6652,True,-0.4897,False,-0.1342,False,0.5566
sample-run,qrl,1003,qrl-1003-silverstone,silverstone,2026,Silverstone Grand Prix,3,3,10,11,medium,medium,3,4,0.0,False,False,16.75,0.79,2.93,0,stay_out,True,-1.1,-4.4,77.751,-0.249,False,False,1.9259,,,True,1.9075,True,0.1704,True,0.1398,True,-0.7764,False,0.8312,False,2.0871
sample-run,qrl,1003,qrl-1003-silverstone,silverstone,2026,Silverstone Grand Prix,4,4,10,11,medium,medium,4,5,0.0,False,False,28.38,1.64,1.69,0,stay_out,True,-1.1,-5.5,79.467,1.467,False,False,2.454,,,True,1.2781,True,-0.4002,True,0.7696,True,0.5939,False,-1.3473,False,0.6493
sample-run,qrl,1003,qrl-1003-silverstone,silverstone,2026,Silverstone Grand Prix,5,5,9,10,medium,medium,5,6,0.0,False,False,22.34,2.0,2.0,0,stay_out,True,-1.0,-6.5,77.594,-0.406,False,False,2.9083,,,True,0.7242,True,-1.0861,True,-0.0234,True,2.0453,False,-0.905,False,0.0418
sample-run,qrl,1003,qrl-1003-silverstone,silverstone,2026,Silverstone Grand Prix,6,6,8,9,medium,medium,6,7,0.0,False,False,24.12,2.98,2.57,0,stay_out,True,-0.9,-7.4,76.451,-1.549,False,False,2.9853,,,True,2.0833,True,-1.4898,True,0.4437,True,-0.1488,False,0.7196,False,1.2331
sample-run,qrl,1003,qrl-1003-silverstone,silverstone,2026,Silverstone Grand Prix,7,7,8,9,medium,medium,7,8,0.0,False,False,22.07,2.35,1.26,0,stay_out,True,-0.9,-8.3,79.506,1.506,False,False,1.6589,,,True,1.6051,True,0.2309,True,0.3047,True,0.2494,False,0.3352,False,-1.5592
sample-run,qrl,1003,qrl-1003-silverstone,silverstone,2026,Silverstone Grand Prix,8,8,9,10,medium,medium,8,9,0.0,False,False,16.54,0.95,2.21,0,stay_out,True,-1.0,-9.3,76.504,-1.496,False,False,2.6446,,,True,2.4882,True,1.2777,True,0.0761,True,-0.4211,False,-0.2082,False,0.4185
sample-run,qrl,1003,qrl-1003-silverstone,silverstone,2026,Silverstone Grand Prix,9,9,10,11,medium,medium,9,10,0.0,False,False,22.88,1.18,1.12,0,stay_out,True,-1.1,-10.4,78.653,0.653,False,False,2.9678,,,True,1.6214,True,-0.6878,True,0.8644,True,-0.4099,False,-0.8773,False,1.8065
sample-run,qrl,1003,qrl-1003-silverstone,silverstone,2026,Silverstone Grand Prix,10,10,11,12,medium,medium,10,11,0.0,False,False,23.72,2.55,0.96,0,stay_out,True,-1.2,-11.6,78.957,0.957,False,False,1.471,,,True,1.838,True,0.3943,True,1.4237,True,-0.3294,False,-0.2258,False,-0.2261
sample-run,qrl,1003,qrl-1003-silverstone,silverstone,2026,Silverstone Grand Prix,11,11,11,12,medium,medium,11,12,0.0,False,False,23.41,1.13,1.48,0,stay_out,True,-1.2,-12.8,77.205,-0.795,False,False,3.4322,,,True,1.0186,True,0.2444,True,-0.3348,True,1.3288,False,-0.2805,False,0.115
sample-run,qrl,1003,qrl-1003-silverstone,silverstone,2026,Silverstone Grand Prix,12,12,12,13,medium,medium,12,13,0.0,False,False,37.66,1.49,1.8,0,stay_out,True,-1.3,-14.1,79.756,1.756,False,False,3.4029,,,True,1.356,True,1.1631,True,-1.5696,True,-0.5651,False,0.2561,False,-0.4729
sample-run,qrl,1003,qrl-1003-silverstone,silverstone,2026,Silverstone Grand Prix,13,13,12,13,intermediate,intermediate,0,0,0.03,False,False,37.7,1.56,1.71,4,pit_intermediate,True,-1.35,-15.45,80.177,2.177,False,False,3.5624,,,True,0.2094,True,0.8786,True,-2.0283,True,1.3801,True,2.5847,True,1.1516
sample-run,qrl,1003,qrl-1003-silverstone,silverstone,2026,Silverstone Grand Prix,14,14,12,13,intermediate,intermediate,0,1,0.0,False,False,35.74,2.12,0.56,0,stay_out,True,-1.3,-16.75,77.447,-0.553,False,False,2.1734,,,True,2.0715,True,-0.9292,True,0.529,True,0.9537,False,-1.3903,False,-0.5835
sample-run,qrl,1003,qrl-1003-silverstone,silverstone,2026,Silverstone Grand Prix,15,15,11,12,intermediate,intermediate,1,2,0.0,False,False,33.76,0.74,2.14,0,stay_out,True,-1.2,-17.95,77.375,-0.625,False,False,2.3525,,,True,0.3435,True,-0.3823,True,-0.2731,True,-0.8048,False,-0.3574,False,0.3584
sample-run,qrl,1003,qrl-1003-silverstone,silverstone,2026,Silverstone Grand Prix,16,16,11,12,intermediate,intermediate,2,3,0.0,False,False,23.64,1.22,2.07,0,stay_out,True,-1.2,-19.15,75.133,-2.867,False,False,2.8241,,,True,1.0978,True,-0.5697,True,-0.1177,True,0.2746,False,-0.2451,False,-0.0479
sample-run,qrl,1003,qrl-1003-silverstone,silverstone,2026,Silverstone Grand Prix,17,17,12,13,intermediate,intermediate,3,4,0.0,False,False,21.74,0.9,0.67,0,stay_out,True,-1.3,-20.45,78.297,0.297,False,False,1.6192,,,True,-0.716,True,0.1555,True,-0.3983,True,1.4906,False,0.2811,False,1.5242
sample-run,qrl,1003,qrl-1003-silverstone,silverstone,2026,Silverstone Grand Prix,18,18,13,14,intermediate,intermediate,4,5,0.0,True,False,37.04,0.57,2.25,0,stay_out,True,-1.4,-21.85,78.543,0.543,False,False,3.2544,,,True,0.3309,True,-0.6957,True,0.4107,True,-0.4565,False,-0.1895,False,-0.4176
sample-run,qrl,1003,qrl-1003-silverstone,silverstone,2026,Silverstone Grand Prix,19,19,13,14,intermediate,intermediate,5,6,0.0,False,False,39.55,3.0,1.61,0,stay_out,True,-1.4,-23.25,77.342,-0.658,False,False,2.188,,,True,2.084,True,-0.7189,True,0.0585,True,1.723,False,0.1903,False,-0.5348
sample-run,qrl,1003,qrl-1003-silverstone,silverstone,2026,Silverstone Grand Prix,20,20,13,14,intermediate,intermediate,6,7,0.0,True,False,24.45,0.83,1.15,0,stay_out,True,-1.4,-24.65,77.83,-0.17,False,False,1.9343,,,True,2.4138,True,-0.6122,True,-0.7104,True,1.041,False,0.507,False,0.8582
sample-run,qrl,1003,qrl-1003-silverstone,silverstone,2026,Silverstone Grand Prix,21,21,13,14,intermediate,intermediate,7,8,0.0,False,False,27.1,2.39,1.96,0,stay_out,True,-1.4,-26.05,78.667,0.667,False,False,2.3108,,,True,1.1415,True,0.6917,True,-0.4452,True,0.107,False,0.5982,False,-1.7291
sample-run,qrl,1003,qrl-1003-silverstone,silverstone,2026,Silverstone Grand Prix,22,22,13,14,intermediate,intermediate,8,9,0.0,False,False,34.6,2.08,2.74,0,stay_out,True,-1.4,-27.45,79.228,1.228,False,False,2.2812,,,True,1.5461,True,-1.5881,True,-1.1353,True,1.2474,False,0.0466,False,-0.2122
sample-run,qrl,1003,qrl-1003-silverstone,silverstone,2026,Silverstone Grand Prix,23,23,13,14,intermediate,intermediate,9,10,0.0,False,False,30.87,0.78,1.75,0,stay_out,True,-1.4,-28.85,77.804,-0.196,False,False,1.5391,,,True,2.5786,True,-1.3803,True,0.6234,True,0.563,False,1.2729,False,-0.743
sample-run,qrl,1003,qrl-1003-silverstone,silverstone,2026,Silverstone Grand Prix,24,24,12,13,intermediate,intermediate,0,0,0.048,True,False,25.61,0.74,1.2,4,pit_intermediate,True,-1.35,-30.2,80.169,2.169,False,False,2.8175,,,True,-0.3017,True,0.8641,True,-0.6128,True,0.171,True,1.0664,True,-1.2191
sample-run,qrl,1003,qrl-1003-silverstone,silverstone,2026,Silverstone Grand Prix,25,25,13,14,intermediate,intermediate,0,1,0.0,False,False,31.62,1.67,1.88,0,stay_out,True,-1.4,-31.6,77.639,-0.361,False,False,2.8944,,,True,1.5474,True,1.3688,True,1.9612,True,-1.3593,False,0.8106,False,-0.5327
sample-run,qrl,1003,qrl-1003-silverstone,silverstone,2026,Silverstone Grand Prix,26,26,14,15,intermediate,intermediate,1,2,0.0,False,False,34.49,0.55,2.74,0,stay_out,True,-1.5,-33.1,78.941,0.941,False,False,3.5658,,,True,0.9299,True,-0.1172,True,-0.4871,True,0.4673,False,-0.6517,False,1.1186
sample-run,qrl,1003,qrl-1003-silverstone,silverstone,2026,Silverstone Grand Prix,27,27,13,14,intermediate,intermediate,2,3,0.0,False,False,39.22,1.24,2.31,0,stay_out,True,-1.4,-34.5,77.351,-0.649,False,False,1.3041,,,True,-0.2267,True,-0.1212,True,-0.9211,True,-1.2024,False,-0.0948,False,-0.241
sample-run,qrl,1003,qrl-1003-silverstone,silverstone,2026,Silverstone Grand Prix,28,28,13,14,intermediate,intermediate,3,4,0.0,False,False,32.64,0.61,2.85,0,stay_out,True,-1.4,-35.9,80.894,2.894,False,False,3.4563,,,True,1.8183,True,0.8518,True,-0.7713,True,1.7761,False,1.2011,False,-1.1299
sample-run,qrl,1003,qrl-1003-silverstone,silverstone,2026,Silverstone Grand Prix,29,29,12,13,intermediate,intermediate,4,5,0.0,False,False,24.94,0.96,1.93,0,stay_out,True,-1.3,-37.2,77.923,-0.077,False,False,2.5029,,,True,2.0584,True,-0.4724,True,0.7239,True,-0.6244,False,-1.4151,False,-1.1836
sample-run,qrl,1003,qrl-1003-silverstone,silverstone,2026,Silverstone Grand Prix,30,30,12,13,intermediate,intermediate,5,6,0.0,False,False,35.61,1.01,1.65,0,stay_out,True,-1.3,-38.5,77.954,-0.046,False,False,3.1418,,,True,2.1699,True,0.2727,True,0.4988,True,1.1386,False,-0.9593,False,-0.5588
sample-run,qrl,1003,qrl-1003-silverstone,silverstone,2026,Silverstone Grand Prix,31,31,11,12,intermediate,intermediate,6,7,0.0,False,False,22.76,2.73,1.44,0,stay_out,True,-1.2,-39.7,76.917,-1.083,False,False,2.5922,,,True,0.252,True,1.8898,True,1.0393,True,-0.9925,False,1.1982,False,-0.5021
sample-run,qrl,1003,qrl-1003-silverstone,silverstone,2026,Silverstone Grand Prix,32,32,12,13,intermediate,intermediate,0,0,0.088,False,False,36.25,0.8,2.98,4,pit_intermediate,True,-1.35,-41.05,81.203,3.203,False,False,1.3081,,,True,0.766,True,-0.6782,True,-0.4727,True,-0.3933,True,2.3173,True,0.1944
sample-run,qrl,1003,qrl-1003-silverstone,silverstone,2026,Silverstone Grand Prix,33,33,11,12,intermediate,intermediate,0,1,0.0,False,False,31.66,1.76,2.07,0,stay_out,True,-1.2,-42.25,77.446,-0.554,False,False,2.8028,,,True,1.618,True,-0.0776,True,-1.0324,True,0.684,False,1.6082,False,0.7534
sample-run,qrl,1003,qrl-1003-silverstone,silverstone,2026,Silverstone Grand Prix,34,34,12,13,intermediate,intermediate,0,0,0.017,False,False,36.63,0.83,1.74,4,pit_intermediate,True,-1.35,-43.6,81.746,3.746,False,False,2.1058,,,True,1.9176,True,0.229,True,0.2738,True,-1.1027,True,0.8833,True,0.6983
sample-run,qrl,1003,qrl-1003-silverstone,silverstone,2026,Silverstone Grand Prix,35,35,12,13,intermediate,intermediate,0,1,0.0,False,False,22.81,2.63,1.66,0,stay_out,True,-1.3,-44.9,77.838,-0.162,False,False,3.2871,,,True,-0.14,True,-0.5425,True,0.2737,True,1.3378,False,0.8429,False,-0.5977
sample-run,qrl,1003,qrl-1003-silverstone,silverstone,2026,Silverstone Grand Prix,36,36,11,12,intermediate,intermediate,1,2,0.0,False,False,30.07,2.18,1.86,0,stay_out,True,-1.2,-46.1,76.993,-1.007,False,False,2.9621,,,True,2.7827,True,-1.2427,True,-1.7117,True,0.5931,False,-0.6854,False,-1.0398
sample-run,qrl,1003,qrl-1003-silverstone,silverstone,2026,Silverstone Grand Prix,37,37,11,12,intermediate,intermediate,2,3,0.0,False,False,32.59,1.47,2.86,0,stay_out,True,-1.2,-47.3,78.738,0.738,False,False,1.8852,,,True,0.1237,True,-0.6071,True,0.8483,True,0.0395,False,1.2867,False,-0.0453
sample-run,qrl,1003,qrl-1003-silverstone,silverstone,2026,Silverstone Grand Prix,38,38,10,11,intermediate,intermediate,3,4,0.0,False,False,17.0,2.62,0.94,0,stay_out,True,-1.1,-48.4,77.758,-0.242,False,False,3.5731,,,True,1.3032,True,-1.0439,True,-2.3444,True,1.5432,False,-0.3285,False,0.1229
sample-run,qrl,1003,qrl-1003-silverstone,silverstone,2026,Silverstone Grand Prix,39,39,9,10,intermediate,intermediate,4,5,0.0,False,False,26.98,2.51,0.79,0,stay_out,True,-1.0,-49.4,79.443,1.443,False,False,2.3827,,,True,2.4101,True,-1.4746,True,-0.3766,True,1.4613,False,0.1329,False,0.2753
sample-run,qrl,1003,qrl-1003-silverstone,silverstone,2026,Silverstone Grand Prix,40,40,9,10,intermediate,intermediate,5,6,0.0,False,False,21.45,2.81,2.14,0,stay_out,True,-1.0,-50.4,78.077,0.077,False,False,1.7402,,,True,1.4502,True,1.2846,True,1.0318,True,-0.6768,False,0.5808,False,1.2766
sample-run,qrl,1003,qrl-1003-silverstone,silverstone,2026,Silverstone Grand Prix,41,41,9,10,intermediate,intermediate,6,7,0.0,False,False,19.87,2.96,1.49,0,stay_out,True,-1.0,-51.4,78.533,0.533,False,False,1.5917,,,True,0.5672,True,-0.1026,True,-0.0891,True,-0.4629,False,-0.2484,False,0.2053
sample-run,qrl,1003,qrl-1003-silverstone,silverstone,2026,Silverstone Grand Prix,42,42,9,10,intermediate,intermediate,7,8,0.0,False,False,27.05,1.02,1.97,0,stay_out,True,-1.0,-52.4,78.843,0.843,False,False,1.6388,,,True,0.5524,True,0.279,True,0.4168,True,0.4539,False,-1.0535,False,0.0011
sample-run,qrl,1003,qrl-1003-silverstone,silverstone,2026,Silverstone Grand Prix,43,43,11,12,intermediate,intermediate,0,0,0.138,False,False,19.97,0.89,2.71,4,pit_intermediate,True,-1.25,-53.65,81.211,3.211,False,False,2.0006,,,True,-0.8613,True,0.1917,True,0.6788,True,0.6255,True,2.684,True,1.2522
sample-run,qrl,1003,qrl-1003-silverstone,silverstone,2026,Silverstone Grand Prix,44,44,10,11,intermediate,intermediate,0,1,0.0,False,False,23.98,0.83,2.71,0,stay_out,True,-1.1,-54.75,77.649,-0.351,False,False,1.6128,,,True,0.8821,True,-0.8331,True,-0.1682,True,0.8162,False,0.6872,False,-0.5971
sample-run,qrl,1003,qrl-1003-silverstone,silverstone,2026,Silverstone Grand Prix,45,45,9,10,intermediate,intermediate,1,2,0.0,False,False,16.18,2.87,0.61,0,stay_out,True,-1.0,-55.75,77.905,-0.095,False,False,2.0304,,,True,1.2385,True,1.5946,True,-0.708,True,0.6655,False,1.724,False,0.3617
sample-run,qrl,1003,qrl-1003-silverstone,silverstone,2026,Silverstone Grand Prix,46,46,9,10,intermediate,intermediate,2,3,0.0,False,False,22.67,1.37,2.89,0,stay_out,True,-1.0,-56.75,80.24,2.24,False,False,2.9651,,,True,0.9212,True,0.4552,True,2.5357,True,-0.5921,False,0.9667,False,0.5593
sample-run,qrl,1003,qrl-1003-silverstone,silverstone,2026,Silverstone Grand Prix,47,47,9,10,intermediate,intermediate,3,4,0.0,False,False,27.23,0.95,0.93,0,stay_out,True,-1.0,-57.75,76.903,-1.097,False,False,1.6474,,,True,-0.5407,True,-0.4578,True,1.0425,True,0.8434,False,-0.3829,False,-0.5384
sample-run,qrl,1003,qrl-1003-silverstone,silverstone,2026,Silverstone Grand Prix,48,48,10,11,intermediate,intermediate,4,5,0.0,False,False,26.24,0.58,1.34,0,stay_out,True,-1.1,-58.85,79.659,1.659,False,False,1.4893,,,True,1.9564,True,-0.6483,True,0.4441,True,-0.1802,False,1.1238,False,-0.5727
sample-run,qrl,1003,qrl-1003-silverstone,silverstone,2026,Silverstone Grand Prix,49,49,10,11,intermediate,intermediate,5,6,0.0,False,False,17.39,2.73,0.67,0,stay_out,True,-1.1,-59.95,78.165,0.165,False,False,1.2704,,,True,1.4256,True,1.7496,True,0.2942,True,-2.1067,False,-1.0511,False,-0.5051
sample-run,qrl,1003,qrl-1003-silverstone,silverstone,2026,Silverstone Grand Prix,50,50,10,11,intermediate,intermediate,6,7,0.0,False,False,16.83,2.22,1.47,0,stay_out,True,-1.1,-61.05,78.167,0.167,False,False,3.1366,,,True,1.6584,True,-0.0479,True,3.5648,True,0.7279,False,-2.0791,False,-1.1954
sample-run,qrl,1003,qrl-1003-silverstone,silverstone,2026,Silverstone Grand Prix,51,51,12,13,intermediate,intermediate,0,0,0.153,False,False,23.05,1.56,0.83,4,pit_intermediate,True,-1.35,-62.4,80.467,2.467,True,False,3.5052,,,True,0.2071,True,-0.7725,True,1.2564,True,1.6518,True,1.2479,True,-0.0161
sample-run,dqn,1004,dqn-1004-silverstone,silverstone,2026,Silverstone Grand Prix,0,0,6,7,medium,medium,0,1,0.0,True,False,10.83,2.18,2.16,0,stay_out,True,-0.7,-0.7,75.572,-2.428,False,False,0.7143,,,True,0.5139,True,-1.3222,True,-1.4842,True,-0.304,False,-1.0809,False,-1.3597
sample-run,dqn,1004,dqn-1004-silverstone,silverstone,2026,Silverstone Grand Prix,1,1,7,8,medium,medium,1,2,0.0,False,False,12.74,2.27,0.94,0,stay_out,True,-0.8,-1.5,77.596,-0.404,False,False,0.8731,,,True,1.3702,True,1.5582,True,-1.6473,True,0.9507,False,-0.0469,False,0.8935
sample-run,dqn,1004,dqn-1004-silverstone,silverstone,2026,Silverstone Grand Prix,2,2,6,7,medium,medium,2,3,0.0,False,False,15.94,2.71,2.49,0,stay_out,True,-0.7,-2.2,78.553,0.553,False,False,0.6293,,,True,1.7076,True,-1.1694,True,0.2128,True,-1.923,False,1.5427,False,0.1141
sample-run,dqn,1004,dqn-1004-silverstone,silverstone,2026,Silverstone Grand Prix,3,3,6,7,medium,medium,3,4,0.0,False,False,11.87,1.12,2.54,0,stay_out,True,-0.7,-2.9,77.613,-0.387,False,False,1.0872,,,True,1.0206,True,-0.1151,True,-1.1867,True,0.5345,False,0.9039,False,0.5428
sample-run,dqn,1004,dqn-1004-silverstone,silverstone,2026,Silverstone Grand Prix,4,4,6,7,medium,medium,4,5,0.0,False,False,19.34,1.47,1.41,0,stay_out,True,-0.7,-3.6,76.876,-1.124,False,False,0.4255,,,True,1.6516,True,-1.2822,True,-0.2789,True,-0.3234,False,-0.2636,False,-0.8847
sample-run,dqn,1004,dqn-1004-silverstone,silverstone,2026,Silverstone Grand Prix,5,5,6,7,medium,medium,5,6,0.0,False,False,17.1,1.53,1.86,0,stay_out,True,-0.7,-4.3,77.243,-0.757,False,False,0.908,,,True,1.2039,True,-1.8172,True,-0.2032,True,-0.0495,False,-0.33,False,2.9051
sample-run,dqn,1004,dqn-1004-silverstone,silverstone,2026,Silverstone Grand Prix,6,6,6,7,medium,medium,6,7,0.0,False,False,12.38,2.4,1.14,0,stay_out,True,-0.7,-5.0,78.436,0.436,False,False,1.1922,,,True,1.5786,True,-1.0989,True,0.7705,True,0.6707,False,0.7082,False,0.1304
sample-run,dqn,1004,dqn-1004-silverstone,silverstone,2026,Silverstone Grand Prix,7,7,6,7,medium,medium,7,8,0.0,False,False,20.82,1.93,1.43,0,stay_out,True,-0.7,-5.7,76.772,-1.228,False,False,0.5558,,,True,3.2362,True,-0.3249,True,1.0165,True,1.5838,False,-0.7352,False,0.06
sample-run,dqn,1004,dqn-1004-silverstone,silverstone,2026,Silverstone Grand Prix,8,8,6,7,medium,medium,8,9,0.0,False,False,14.95,1.21,1.29,0,stay_out,True,-0.7,-6.4,78.4,0.4,False,False,0.648,,,True,1.886,True,0.553,True,1.4013,True,1.32,False,0.8196,False,0.0535
sample-run,dqn,1004,dqn-1004-silverstone,silverstone,2026,Silverstone Grand Prix,9,9,7,8,medium,medium,9,10,0.0,False,False,20.97,2.47,2.25,0,stay_out,True,-0.8,-7.2,76.812,-1.188,False,False,0.7471,,,True,1.4905,True,0.3092,True,0.3772,True,-0.921,False,-0.5053,False,1.4514
sample-run,dqn,1004,dqn-1004-silverstone,silverstone,2026,Silverstone Grand Prix,10,10,7,8,medium,medium,10,11,0.0,False,False,12.4,0.77,1.34,0,stay_out,True,-0.8,-8.0,77.28,-0.72,False,False,0.4542,,,True,0.6323,True,0.0956,True,0.8537,True,-0.3661,False,2.0503,False,0.3914
sample-run,dqn,1004,dqn-1004-silverstone,silverstone,2026,Silverstone Grand Prix,11,11,6,7,intermediate,intermediate,0,0,0.261,False,False,18.85,0.97,2.98,4,pit_intermediate,True,-0.75,-8.75,80.514,2.514,False,False,0.9949,,,True,0.4343,True,-1.2201,True,0.7911,True,1.3774,True,1.759,True,0.4013
sample-run,dqn,1004,dqn-1004-silverstone,silverstone,2026,Silverstone Grand Prix,12,12,6,7,intermediate,intermediate,0,1,0.0,False,False,19.17,2.6,1.22,0,stay_out,True,-0.7,-9.45,74.406,-3.594,False,False,0.4303,,,True,0.5744,True,0.4052,True,0.9703,True,0.3249,False,-0.0792,False,0.957
sample-run,dqn,1004,dqn-1004-silverstone,silverstone,2026,Silverstone Grand Prix,13,13,6,7,intermediate,intermediate,1,2,0.0,False,False,19.87,2.39,2.62,0,stay_out,True,-0.7,-10.15,78.945,0.945,False,False,0.8492,,,True,0.7697,True,-0.0816,True,-1.2894,True,-0.3827,False,0.0471,False,-0.395
sample-run,dqn,1004,dqn-1004-silverstone,silverstone,2026,Silverstone Grand Prix,14,14,6,7,intermediate,intermediate,2,3,0.0,False,False,20.78,0.98,0.96,0,stay_out,True,-0.7,-10.85,78.158,0.158,False,False,0.9481,,,True,1.0971,True,-0.9216,True,0.6315,True,-0.8216,False,-1.5939,False,0.0285
sample-run,dqn,1004,dqn-1004-silverstone,silverstone,2026,Silverstone Grand Prix,15,15,6,7,intermediate,intermediate,0,0,0.118,False,False,18.18,1.25,2.81,4,pit_intermediate,True,-0.75,-11.6,81.715,3.715,False,False,0.9929,,,True,-0.466,True,-1.0397,True,-0.2545,True,0.2455,True,2.813,True,2.3254
sample-run,dqn,1004,dqn-1004-silverstone,silverstone,2026,Silverstone Grand Prix,16,16,6,7,intermediate,intermediate,0,1,0.0,False,False,18.77,1.05,1.4,0,stay_out,True,-0.7,-12.3,77.891,-0.109,False,False,0.7448,,,True,0.8415,True,1.2651,True,-0.245,True,-0.3277,False,1.9138,False,-0.7672
sample-run,dqn,1004,dqn-1004-silverstone,silverstone,2026,Silverstone Grand Prix,17,17,5,6,intermediate,intermediate,1,2,0.0,False,False,11.12,0.71,2.72,0,stay_out,True,-0.6,-12.9,78.969,0.969,False,False,1.0987,,,True,1.5698,True,1.9939,True,-0.1951,True,1.0804,False,-0.2198,False,-0.7978
sample-run,dqn,1004,dqn-1004-silverstone,silverstone,2026,Silverstone Grand Prix,18,18,5,6,intermediate,intermediate,2,3,0.0,False,False,15.27,2.14,2.9,0,stay_out,True,-0.6,-13.5,77.034,-0.966,False,False,0.9587,,,True,4.0136,True,0.9638,True,-2.4675,True,1.0637,False,0.0206,False,0.6064
sample-run,dqn,1004,dqn-1004-silverstone,silverstone,2026,Silverstone Grand Prix,19,19,6,7,intermediate,intermediate,3,4,0.0,False,False,19.65,0.59,2.06,0,stay_out,True,-0.7,-14.2,78.684,0.684,False,False,0.6123,,,True,2.1124,True,-0.0736,True,-1.254,True,-0.5091,False,-0.2718,False,-0.8142
sample-run,dqn,1004,dqn-1004-silverstone,silverstone,2026,Silverstone Grand Prix,20,20,7,8,intermediate,intermediate,4,5,0.0,False,False,22.48,2.59,1.06,0,stay_out,True,-0.8,-15.0,77.459,-0.541,False,False,0.5847,,,True,2.3879,True,-0.111,True,0.0934,True,-0.8918,False,1.1441,False,1.5036
sample-run,dqn,1004,dqn-1004-silverstone,silverstone,2026,Silverstone Grand Prix,21,21,6,7,intermediate,intermediate,5,6,0.0,False,False,15.03,2.98,2.62,0,stay_out,True,-0.7,-15.7,78.196,0.196,False,False,1.0305,,,True,3.5133,True,0.1799,True,1.607,True,0.8977,False,0.9862,False,-1.2922
sample-run,dqn,1004,dqn-1004-silverstone,silverstone,2026,Silverstone Grand Prix,22,22,6,7,intermediate,intermediate,6,7,0.0,False,False,20.57,1.65,2.11,0,stay_out,True,-0.7,-16.4,76.687,-1.313,False,False,0.9129,,,True,3.2839,True,1.0464,True,-1.1828,True,-1.2951,False,0.6576,False,-0.7914
sample-run,dqn,1004,dqn-1004-silverstone,silverstone,2026,Silverstone Grand Prix,23,23,5,6,intermediate,intermediate,7,8,0.0,False,False,14.07,2.49,2.67,0,stay_out,True,-0.6,-17.0,77.102,-0.898,False,False,0.9603,,,True,0.2418,True,0.461,True,-0.4128,True,-1.9002,False,0.3472,False,-0.6814
sample-run,dqn,1004,dqn-1004-silverstone,silverstone,2026,Silverstone Grand Prix,24,24,6,7,intermediate,intermediate,8,9,0.0,False,False,15.88,1.58,2.32,0,stay_out,True,-0.7,-17.7,77.901,-0.099,False,False,0.9784,,,True,2.4484,True,1.6004,True,-1.382,True,0.3754,False,1.0399,False,-2.0858
sample-run,dqn,1004,dqn-1004-silverstone,silverstone,2026,Silverstone Grand Prix,25,25,7,8,intermediate,intermediate,9,10,0.0,False,False,13.2,2.97,0.55,0,stay_out,True,-0.8,-18.5,79.029,1.029,False,False,1.0826,,,True,2.0902,True,-1.0217,True,1.4954,True,-0.1891,False,-0.7482,False,-2.4094
sample-run,dqn,1004,dqn-1004-silverstone,silverstone,2026,Silverstone Grand Prix,26,26,6,7,intermediate,intermediate,10,11,0.0,False,False,16.37,0.79,1.09,0,stay_out,True,-0.7,-19.2,78.239,0.239,False,False,0.5073,,,True,1.2579,True,-0.4948,True,-1.9962,True,-0.7096,False,1.0467,False,0.4689
sample-run,dqn,1004,dqn-1004-silverstone,silverstone,2026,Silverstone Grand Prix,27,27,6,7,intermediate,intermediate,11,12,0.0,False,False,18.95,1.5,2.77,0,stay_out,True,-0.7,-19.9,80.159,2.159,False,False,1.1462,,,True,3.2364,True,0.3763,True,-1.3034,True,0.4819,False,1.3864,False,-1.4861
sample-run,dqn,1004,dqn-1004-silverstone,silverstone,2026,Silverstone Grand Prix,28,28,5,6,intermediate,intermediate,12,13,0.0,False,False,9.86,1.65,1.22,0,stay_out,True,-0.6,-20.5,76.487,-1.513,False,False,0.9361,,,True,1.3231,True,-1.356,True,0.2739,True,-1.1495,False,-0.9867,False,0.4181
sample-run,dqn,1004,dqn-1004-silverstone,silverstone,2026,Silverstone Grand Prix,29,29,4,5,intermediate,intermediate,13,14,0.0,False,False,10.75,1.41,2.4,0,stay_out,True,-0.5,-21.0,77.607,-0.393,False,False,0.4606,,,True,1.9813,True,2.5467,True,0.375,True,0.3097,False,-0.168,False,-0.3255
sample-run,dqn,1004,dqn-1004-silverstone,silverstone,2026,Silverstone Grand Prix,30,30,5,6,intermediate,intermediate,14,15,0.0,False,False,11.57,1.62,1.99,0,stay_out,True,-0.6,-21.6,79.771,1.771,False,False,0.6446,,,True,-0.6945,True,1.0283,True,0.24,True,-1.8121,False,0.8576,False,0.2182
sample-run,dqn,1004,dqn-1004-silverstone,silverstone,2026,Silverstone Grand Prix,31,31,6,7,intermediate,intermediate,15,16,0.0,False,True,16.81,2.54,2.04,0,stay_out,True,-0.7,-22.3,77.176,-0.824,False,False,0.4548,,,True,1.2118,True,-0.0628,True,1.0197,True,-1.4644,False,-0.7445,False,-0.8303
sample-run,dqn,1004,dqn-1004-silverstone,silverstone,2026,Silverstone Grand Prix,32,32,6,7,intermediate,intermediate,16,17,0.0,False,True,13.78,0.64,1.51,0,stay_out,True,-0.7,-23.0,78.184,0.184,False,False,0.9966,,,True,1.5932,True,-1.3168,True,-0.3134,True,-1.1328,False,0.4788,False,1.2257
sample-run,dqn,1004,dqn-1004-silverstone,silverstone,2026,Silverstone Grand Prix,33,33,5,6,intermediate,intermediate,17,18,0.0,False,True,9.08,2.92,0.93,0,stay_out,True,-0.6,-23.6,76.974,-1.026,False,False,1.0402,,,True,1.7043,True,-0.3563,True,-0.1312,True,-0.1467,False,0.8316,False,-0.1038
sample-run,dqn,1004,dqn-1004-silverstone,silverstone,2026,Silverstone Grand Prix,34,34,5,6,intermediate,intermediate,18,19,0.0,False,True,12.51,2.83,0.68,0,stay_out,True,-0.6,-24.2,78.716,0.716,False,False,0.5122,,,True,0.8323,True,-1.5253,True,1.0174,True,-0.4662,False,-0.368,False,-0.379
sample-run,dqn,1004,dqn-1004-silverstone,silverstone,2026,Silverstone Grand Prix,35,35,4,5,soft,soft,0,0,0.0,False,False,14.4,1.31,2.56,1,pit_soft,True,0.0,-24.2,80.476,2.476,False,False,0.5773,,,True,1.3627,True,0.4372,True,1.0548,True,2.6076,False,-0.0989,False,0.0469
sample-run,dqn,1004,dqn-1004-silverstone,silverstone,2026,Silverstone Grand Prix,36,36,3,4,soft,soft,0,1,0.0,False,False,8.84,1.52,1.06,0,stay_out,True,-0.4,-24.6,78.755,0.755,False,False,1.1634,,,True,1.4488,True,0.53,True,-0.4567,True,0.0389,False,-0.089,False,0.1509
sample-run,dqn,1004,dqn-1004-silverstone,silverstone,2026,Silverstone Grand Prix,37,37,3,4,intermediate,intermediate,0,0,0.15,False,False,7.69,2.8,1.01,4,pit_intermediate,True,-0.45,-25.05,79.191,1.191,False,False,1.0749,,,True,-0.8409,True,-0.0432,True,-0.2589,True,0.1484,True,1.9245,True,-0.983
sample-run,dqn,1004,dqn-1004-silverstone,silverstone,2026,Silverstone Grand Prix,38,38,4,5,intermediate,intermediate,0,1,0.0,False,False,10.57,0.51,2.25,0,stay_out,True,-0.5,-25.55,79.704,1.704,False,False,0.7501,,,True,0.9363,True,0.949,True,0.6589,True,0.096,False,-1.2522,False,-0.2466
sample-run,dqn,1004,dqn-1004-silverstone,silverstone,2026,Silverstone Grand Prix,39,39,4,5,intermediate,intermediate,1,2,0.0,False,False,14.99,1.05,2.91,0,stay_out,True,-0.5,-26.05,77.966,-0.034,False,False,0.6199,,,True,-1.198,True,1.9155,True,-0.1556,True,-0.0286,False,1.4851,False,0.3564
sample-run,dqn,1004,dqn-1004-silverstone,silverstone,2026,Silverstone Grand Prix,40,40,4,5,intermediate,intermediate,2,3,0.0,False,False,10.27,1.24,1.52,0,stay_out,True,-0.5,-26.55,79.241,1.241,False,False,0.9306,,,True,1.5842,True,1.2208,True,0.7019,True,-0.6033,False,-0.5596,False,1.1913
sample-run,dqn,1004,dqn-1004-silverstone,silverstone,2026,Silverstone Grand Prix,41,41,3,4,intermediate,intermediate,3,4,0.0,False,False,6.22,2.09,0.69,0,stay_out,True,-0.4,-26.95,78.125,0.125,False,False,0.5406,,,True,1.5951,True,0.5308,True,-0.5273,True,0.3875,False,-0.7139,False,1.9632
sample-run,dqn,1004,dqn-1004-silverstone,silverstone,2026,Silverstone Grand Prix,42,42,4,5,intermediate,intermediate,4,5,0.0,False,False,11.71,0.83,0.95,0,stay_out,True,-0.5,-27.45,78.318,0.318,False,False,1.1686,,,True,1.7139,True,-2.1263,True,1.0036,True,-0.8418,False,-0.6553,False,0.3642
sample-run,dqn,1004,dqn-1004-silverstone,silverstone,2026,Silverstone Grand Prix,43,43,4,5,intermediate,intermediate,5,6,0.0,False,False,9.92,2.84,1.37,0,stay_out,True,-0.5,-27.95,79.125,1.125,False,False,0.7281,,,True,1.1691,True,-0.1801,True,-1.4151,True,0.2454,False,-0.3865,False,-1.4194
sample-run,dqn,1004,dqn-1004-silverstone,silverstone,2026,Silverstone Grand Prix,44,44,4,5,intermediate,intermediate,6,7,0.0,False,False,13.39,2.02,2.86,0,stay_out,True,-0.5,-28.45,77.271,-0.729,False,False,0.7807,,,True,-0.7734,True,1.7048,True,-1.5091,True,0.5228,False,0.5937,False,1.4158
sample-run,dqn,1004,dqn-1004-silverstone,silverstone,2026,Silverstone Grand Prix,45,45,4,5,intermediate,intermediate,0,0,0.067,False,False,14.26,2.73,2.36,4,pit_intermediate,True,-0.55,-29.0,79.945,1.945,False,False,1.0133,,,True,-0.9992,True,1.1102,True,0.1432,True,-0.4891,True,1.8435,True,0.4418
sample-run,dqn,1004,dqn-1004-silverstone,silverstone,2026,Silverstone Grand Prix,46,46,4,5,intermediate,intermediate,0,1,0.0,False,False,13.35,0.91,2.71,0,stay_out,True,-0.5,-29.5,78.095,0.095,False,False,0.5742,,,True,1.8855,True,0.166,True,0.8253,True,0.4039,False,0.6221,False,-0.3738
sample-run,dqn,1004,dqn-1004-silverstone,silverstone,2026,Silverstone Grand Prix,47,47,4,5,intermediate,intermediate,1,2,0.0,False,False,13.83,2.11,1.47,0,stay_out,True,-0.5,-30.0,78.131,0.131,False,False,1.1223,,,True,0.1195,True,0.6456,True,-1.5169,True,-0.8069,False,-1.6125,False,1.0955
sample-run,dqn,1004,dqn-1004-silverstone,silverstone,2026,Silverstone Grand Prix,48,48,6,7,intermediate,intermediate,0,0,0.163,False,False,17.26,1.38,2.2,4,pit_intermediate,True,-0.75,-30.75,81.898,3.898,False,False,0.8984,,,True,-0.282,True,0.0239,True,1.5294,True,1.174,True,2.0638,True,-0.4801
sample-run,dqn,1004,dqn-1004-silverstone,silverstone,2026,Silverstone Grand Prix,49,49,5,6,intermediate,intermediate,0,1,0.0,False,False,14.75,0.77,1.81,0,stay_out,True,-0.6,-31.35,76.545,-1.455,False,False,0.5961,,,True,2.7527,True,1.0005,True,-1.3875,True,0.0819,False,0.567,False,0.6551
sample-run,dqn,1004,dqn-1004-silverstone,silverstone,2026,Silverstone Grand Prix,50,50,6,7,intermediate,intermediate,1,2,0.0,True,False,14.87,2.62,1.98,0,stay_out,True,-0.7,-32.05,77.434,-0.566,False,False,0.5379,,,True,0.8063,True,0.101,True,1.5088,True,-0.5328,False,-0.6427,False,-0.0683
sample-run,dqn,1004,dqn-1004-silverstone,silverstone,2026,Silverstone Grand Prix,51,51,6,7,intermediate,intermediate,2,3,0.0,False,False,15.02,1.56,2.67,0,stay_out,True,-0.7,-32.75,79.401,1.401,True,False,0.6725,,,True,2.027,True,0.6241,True,-0.4105,True,-1.2833,False,-0.0479,False,1.1843
sample-run,qrl,1004,qrl-1004-silverstone,silverstone,2026,Silverstone Grand Prix,0,0,12,13,medium,medium,0,1,0.0,False,False,29.0,1.49,2.18,0,stay_out,True,-1.3,-1.3,78.183,0.183,False,False,3.5619,,,True,3.3189,True,-0.9916,True,-0.6898,True,-1.1031,False,-1.453,False,0.189
sample-run,qrl,1004,qrl-1004-silverstone,silverstone,2026,Silverstone Grand Prix,1,1,12,13,medium,medium,1,2,0.0,False,False,28.38,1.34,2.11,0,stay_out,True,-1.3,-2.6,78.022,0.022,False,False,2.6362,,,True,1.0813,True,-0.7758,True,0.95,True,1.2089,False,-0.4966,False,1.6198
sample-run,qrl,1004,qrl-1004-silverstone,silverstone,2026,Silverstone Grand Prix,2,2,13,14,medium,medium,2,3,0.0,False,False,26.86,2.7,0.63,0,stay_out,True,-1.4,-4.0,79.552,1.552,False,False,1.7887,,,True,3.1725,True,-0.7246,True,0.5761,True,0.6947,False,-0.3991,False,-0.4336
sample-run,qrl,1004,qrl-1004-silverstone,silverstone,2026,Silverstone Grand Prix,3,3,12,13,medium,medium,3,4,0.0,False,False,33.1,2.42,1.63,0,stay_out,True,-1.3,-5.3,77.927,-0.073,False,False,1.3109,,,True,2.4226,True,-0.1088,True,1.0611,True,-0.5283,False,-0.786,False,0.4553
sample-run,qrl,1004,qrl-1004-silverstone,silverstone,2026,Silverstone Grand Prix,4,4,12,13,medium,medium,4,5,0.0,False,False,25.71,2.53,1.44,0,stay_out,True,-1.3,-6.6,77.764,-0.236,False,False,1.6586,,,True,1.5096,True,1.2497,True,1.2008,True,-0.8223,False,1.8323,False,0.8469
sample-run,qrl,1004,qrl-1004-silverstone,silverstone,2026,Silverstone Grand Prix,5,5,12,13,medium,medium,5,6,0.0,False,False,33.82,2.49,0.53,0,stay_out,True,-1.3,-7.9,76.118,-1.882,False,False,2.007,,,True,1.5997,True,0.2433,True,-0.4322,True,-0.4289,False,-0.9938,False,0.7293
sample-run,qrl,1004,qrl-1004-silverstone,silverstone,2026,Silverstone Grand Prix,6,6,12,13,medium,medium,6,7,0.0,False,False,29.44,2.29,0.84,0,stay_out,True,-1.3,-9.2,78.513,0.513,False,False,2.8645,,,True,2.2688,True,0.0309,True,-0.7067,True,-0.9222,False,-1.4289,False,0.7065
sample-run,qrl,1004,qrl-1004-silverstone,silverstone,2026,Silverstone Grand Prix,7,7,12,13,medium,medium,7,8,0.0,False,False,23.12,0.56,1.85,0,stay_out,True,-1.3,-10.5,78.311,0.311,False,False,2.0096,,,True,0.362,True,1.2774,True,1.2484,True,-0.9842,False,-1.5347,False,-1.88
sample-run,qrl,1004,qrl-1004-silverstone,silverstone,2026,Silverstone Grand Prix,8,8,12,13,medium,medium,8,9,0.0,False,False,36.86,1.99,1.04,0,stay_out,True,-1.3,-11.8,78.528,0.528,False,False,3.1946,,,True,2.8863,True,0.5088,True,-0.1678,True,0.0765,False,0.1177,False,-0.1008
sample-run,qrl,1004,qrl-1004-silverstone,silverstone,2026,Silverstone Grand Prix,9,9,12,13,medium,medium,9,10,0.0,False,False,32.01,1.54,2.49,0,stay_out,True,-1.3,-13.1,78.71,0.71,False,False,3.2553,,,True,0.9275,True,-0.0176,True,-0.3959,True,-2.442,False,0.3786,False,0.1099
sample-run,qrl,1004,qrl-1004-silverstone,silverstone,2026,Silverstone Grand Prix,10,10,11,12,medium,medium,10,11,0.0,False,False,20.18,1.68,2.54,0,stay_out,True,-1.2,-14.3,76.554,-1.446,False,False,2.7498,,,True,-0.6524,True,0.5883,True,-0.0922,True,1.6019,False,1.1015,False,0.7128
sample-run,qrl,1004,qrl-1004-silverstone,silverstone,2026,Silverstone Grand Prix,11,11,11,12,medium,medium,11,12,0.0,False,False,26.77,1.73,2.63,0,stay_out,True,-1.2,-15.5,78.357,0.357,False,False,2.7646,,,True,1.1625,True,0.8541,True,0.6909,True,0.4589,False,-1.1129,False,1.4322
sample-run,qrl,1004,qrl-1004-silverstone,silverstone,2026,Silverstone Grand Prix,12,12,11,12,medium,medium,12,13,0.0,False,False,19.3,2.37,1.0,0,stay_out,True,-1.2,-16.7,78.663,0.663,False,False,2.4123,,,True,0.9444,True,1.7822,True,1.3224,True,0.4273,False,0.2784,False,0.0326
sample-run,qrl,1004,qrl-1004-silverstone,silverstone,2026,Silverstone Grand Prix,13,13,10,11,intermediate,intermediate,0,0,0.147,False,False,18.76,0.59,2.62,4,pit_intermediate,True,-1.15,-17.85,80.978,2.978,False,False,2.2267,,,True,0.72,True,-1.1082,True,-2.201,True,-0.5334,True,0.8546,True,-1.4985
sample-run,qrl,1004,qrl-1004-silverstone,silverstone,2026,Silverstone Grand Prix,14,14,10,11,intermediate,intermediate,0,1,0.0,False,False,19.56,0.62,1.94,0,stay_out,True,-1.1,-18.95,79.233,1.233,False,False,3.0811,,,True,0.381,True,0.1697,True,-0.8209,True,1.1992,False,2.7194,False,-0.314
sample-run,qrl,1004,qrl-1004-silverstone,silverstone,2026,Silverstone Grand Prix,15,15,10,11,intermediate,intermediate,0,0,0.124,True,False,30.82,1.67,1.74,4,pit_intermediate,True,-1.15,-20.1,81.587,3.587,False,False,1.6563,,,True,-0.7667,True,-0.8817,True,-0.8876,True,-0.586,True,0.339,True,0.052
sample-run,qrl,1004,qrl-1004-silverstone,silverstone,2026,Silverstone Grand Prix,16,16,9,10,intermediate,intermediate,0,1,0.0,False,False,18.8,2.48,1.68,0,stay_out,True,-1.0,-21.1,79.222,1.222,False,False,1.6529,,,True,2.2492,True,1.3998,True,1.2936,True,0.216,False,1.1155,False,0.9772
sample-run,qrl,1004,qrl-1004-silverstone,silverstone,2026,Silverstone Grand Prix,17,17,9,10,intermediate,intermediate,1,2,0.0,False,False,16.23,0.81,1.94,0,stay_out,True,-1.0,-22.1,77.467,-0.533,False,False,3.0017,,,True,2.4924,True,-0.2852,True,0.0295,True,-1.1047,False,-1.9583,False,0.3541
sample-run,qrl,1004,qrl-1004-silverstone,silverstone,2026,Silverstone Grand Prix,18,18,9,10,intermediate,intermediate,2,3,0.0,False,False,28.01,0.87,1.54,0,stay_out,True,-1.0,-23.1,79.283,1.283,False,False,3.1528,,,True,0.4432,True,1.3091,True,2.1488,True,-0.5841,False,0.9827,False,-0.2521
sample-run,qrl,1004,qrl-1004-silverstone,silverstone,2026,Silverstone Grand Prix,19,19,10,11,intermediate,intermediate,3,4,0.0,False,False,23.99,0.77,0.92,0,stay_out,True,-1.1,-24.2,78.572,0.572,False,False,1.7003,,,True,1.2099,True,-0.9053,True,-0.5737,True,-0.7862,False,0.4544,False,0.208
sample-run,qrl,1004,qrl-1004-silverstone,silverstone,2026,Silverstone Grand Prix,20,20,10,11,intermediate,intermediate,4,5,0.0,False,False,25.65,2.48,2.62,0,stay_out,True,-1.1,-25.3,75.443,-2.557,False,False,3.1307,,,True,1.6436,True,0.5405,True,-1.8065,True,0.0972,False,0.5373,False,0.3296
sample-run,qrl,1004,qrl-1004-silverstone,silverstone,2026,Silverstone Grand Prix,21,21,10,11,intermediate,intermediate,5,6,0.0,False,False,18.65,1.75,1.66,0,stay_out,True,-1.1,-26.4,79.313,1.313,False,False,1.8859,,,True,2.8398,True,0.312,True,0.6203,True,-0.9347,False,0.2948,False,-0.6294
sample-run,qrl,1004,qrl-1004-silverstone,silverstone,2026,Silverstone Grand Prix,22,22,9,10,intermediate,intermediate,6,7,0.0,False,False,20.27,2.79,1.13,0,stay_out,True,-1.0,-27.4,79.551,1.551,False,False,2.9965,,,True,1.2134,True,-0.8094,True,-0.1315,True,1.7986,False,-1.1568,False,-0.378
sample-run,qrl,1004,qrl-1004-silverstone,silverstone,2026,Silverstone Grand Prix,23,23,9,10,intermediate,intermediate,7,8,0.0,False,False,20.4,2.45,2.48,0,stay_out,True,-1.0,-28.4,77.491,-0.509,False,False,1.8266,,,True,-1.0929,True,-0.2403,True,0.0968,True,-0.1698,False,1.4918,False,-0.0456
sample-run,qrl,1004,qrl-1004-silverstone,silverstone,2026,Silverstone Grand Prix,24,24,8,9,intermediate,intermediate,8,9,0.0,False,False,21.53,1.08,2.41,0,stay_out,True,-0.9,-29.3,78.497,0.497,False,False,3.3133,,,True,3.2895,True,0.0791,True,0.3333,True,0.4584,False,-0.0745,False,0.0862
sample-run,qrl,1004,qrl-1004-silverstone,silverstone,2026,Silverstone Grand Prix,25,25,9,10,intermediate,intermediate,0,0,0.055,False,False,16.01,0.86,0.8,4,pit_intermediate,True,-1.05,-30.35,82.136,4.136,False,False,1.6692,,,True,-0.8933,True,0.6782,True,0.3801,True,0.8105,True,0.637,True,-1.0586
sample-run,qrl,1004,qrl-1004-silverstone,silverstone,2026,Silverstone Grand Prix,26,26,9,10,intermediate,intermediate,0,1,0.0,False,False,19.91,2.78,1.05,0,stay_out,True,-1.0,-31.35,77.143,-0.857,False,False,2.5195,,,True,0.1801,True,0.5335,True,0.0382,True,0.143,False,0.5773,False,0.3866
sample-run,qrl,1004,qrl-1004-silverstone,silverstone,2026,Silverstone Grand Prix,27,27,8,9,intermediate,intermediate,1,2,0.0,False,False,22.88,2.41,1.72,0,stay_out,True,-0.9,-32.25,78.929,0.929,False,False,1.3505,,,True,2.5258,True,0.6157,True,0.6055,True,-0.5643,False,0.4182,False,1.5387
sample-run,qrl,1004,qrl-1004-silverstone,silverstone,2026,Silverstone Grand Prix,28,28,8,9,intermediate,intermediate,2,3,0.0,False,False,22.19,2.07,1.03,0,stay_out,True,-0.9,-33.15,77.941,-0.059,False,False,3.0255,,,True,2.4414,True,0.8686,True,-0.5337,True,2.2761,False,0.6122,False,-1.5761
sample-run,qrl,1004,qrl-1004-silverstone,silverstone,2026,Silverstone Grand Prix,29,29,8,9,intermediate,intermediate,3,4,0.0,False,False,13.87,2.23,1.46,0,stay_out,True,-0.9,-34.05,80.588,2.588,False,False,3.0281,,,True,1.1783,True,0.6833,True,-2.5938,True,-1.1067,False,-0.6948,False,0.3619
sample-run,qrl,1004,qrl-1004-silverstone,silverstone,2026,Silverstone Grand Prix,30,30,8,9,intermediate,intermediate,0,0,0.011,False,False,20.53,1.54,2.25,4,pit_intermediate,True,-0.95,-35.0,80.529,2.529,False,False,2.9475,,,True,-1.1943,True,0.5854,True,-1.773,True,-1.4961,True,1.386,True,1.3644
sample-run,qrl,1004,qrl-1004-silverstone,silverstone,2026,Silverstone Grand Prix,31,31,7,8,intermediate,intermediate,0,1,0.0,False,False,19.94,2.02,1.77,0,stay_out,True,-0.8,-35.8,77.242,-0.758,False,False,1.9473,,,True,1.6095,True,2.4099,True,-0.7488,True,0.3194,False,-0.8844,False,-1.0664
sample-run,qrl,1004,qrl-1004-silverstone,silverstone,2026,Silverstone Grand Prix,32,32,6,7,intermediate,intermediate,1,2,0.0,False,False,14.97,1.25,0.71,0,stay_out,True,-0.7,-36.5,79.208,1.208,False,False,1.2136,,,True,2.703,True,1.1478,True,0.3844,True,-1.1449,False,0.1888,False,-2.7761
sample-run,qrl,1004,qrl-1004-silverstone,silverstone,2026,Silverstone Grand Prix,33,33,5,6,intermediate,intermediate,2,3,0.0,False,False,15.25,1.19,2.65,0,stay_out,True,-0.6,-37.1,77.81,-0.19,False,False,1.6853,,,True,0.481,True,1.3205,True,2.3722,True,-1.7802,False,0.2235,False,1.3965
sample-run,qrl,1004,qrl-1004-silverstone,silverstone,2026,Silverstone Grand Prix,34,34,6,7,intermediate,intermediate,3,4,0.0,False,False,18.77,2.69,2.43,0,stay_out,True,-0.7,-37.8,75.747,-2.253,False,False,2.0735,,,True,2.0761,True,-0.3384,True,0.0134,True,0.1549,False,0.2256,False,0.4006
sample-run,qrl,1004,qrl-1004-silverstone,silverstone,2026,Silverstone Grand Prix,35,35,5,6,intermediate,intermediate,4,5,0.0,False,False,16.39,2.61,0.63,0,stay_out,True,-0.6,-38.4,78.802,0.802,False,False,2.463,,,True,3.0293,True,2.4332,True,0.2142,True,-0.8983,False,-1.7994,False,0.1033
sample-run,qrl,1004,qrl-1004-silverstone,silverstone,2026,Silverstone Grand Prix,36,36,5,6,intermediate,intermediate,5,6,0.0,False,False,11.46,2.32,2.75,0,stay_out,True,-0.6,-39.0,78.058,0.058,False,False,1.2745,,,True,1.0875,True,1.1139,True,-0.6849,True,0.9986,False,0.6712,False,-0.2469
sample-run,qrl,1004,qrl-1004-silverstone,silverstone,2026,Silverstone Grand Prix,37,37,6,7,intermediate,intermediate,6,7,0.0,False,False,19.41,1.3,0.67,0,stay_out,True,-0.7,-39.7,78.266,0.266,False,False,1.8731,,,True,0.4412,True,0.688,True,-0.5371,True,1.6216,False,-0.0158,False,0.1676
sample-run,qrl,1004,qrl-1004-silverstone,silverstone,2026,Silverstone Grand Prix,38,38,5,6,intermediate,intermediate,0,0,0.11,False,False,10.62,0.61,2.16,4,pit_intermediate,True,-0.65,-40.35,80.712,2.712,False,False,1.2682,,,True,0.9892,True,0.1724,True,0.3922,True,-0.1146,True,1.5478,True,-1.5965
sample-run,qrl,1004,qrl-1004-silverstone,silverstone,2026,Silverstone Grand Prix,39,39,5,6,intermediate,intermediate,0,1,0.0,False,False,13.44,2.97,1.32,0,stay_out,True,-0.6,-40.95,78.481,0.481,False,False,3.1052,,,True,2.4997,True,-0.3685,True,-1.1956,True,0.6236,False,-2.394,False,1.2648
sample-run,qrl,1004,qrl-1004-silverstone,silverstone,2026,Silverstone Grand Prix,40,40,6,7,intermediate,intermediate,0,0,0.175,False,False,11.99,2.4,0.81,4,pit_intermediate,True,-0.75,-41.7,80.878,2.878,False,False,2.9509,,,True,-1.2374,True,1.0188,True,-1.6956,True,1.6952,True,0.65,True,0.7287
sample-run,qrl,1004,qrl-1004-silverstone,silverstone,2026,Silverstone Grand Prix,41,41,5,6,intermediate,intermediate,0,1,0.0,False,False,13.48,0.52,1.06,0,stay_out,True,-0.6,-42.3,76.757,-1.243,False,False,3.4507,,,True,1.8137,True,-0.2395,True,-0.6239,True,0.7529,False,-2.2681,False,0.2663
sample-run,qrl,1004,qrl-1004-silverstone,silverstone,2026,Silverstone Grand Prix,42,42,6,7,intermediate,intermediate,1,2,0.0,False,False,19.09,2.87,1.29,0,stay_out,True,-0.7,-43.0,78.447,0.447,False,False,1.4745,,,True,2.0343,True,0.2499,True,0.1433,True,1.3956,False,0.431,False,0.7721
sample-run,qrl,1004,qrl-1004-silverstone,silverstone,2026,Silverstone Grand Prix,43,43,5,6,intermediate,intermediate,2,3,0.0,False,False,13.66,0.78,2.33,0,stay_out,True,-0.6,-43.6,77.31,-0.69,False,False,3.247,,,True,3.035,True,1.2591,True,1.3126,True,-1.7949,False,1.9149,False,0.3917
sample-run,qrl,1004,qrl-1004-silverstone,silverstone,2026,Silverstone Grand Prix,44,44,4,5,intermediate,intermediate,3,4,0.0,False,False,14.31,1.5,0.68,0,stay_out,True,-0.5,-44.1,75.666,-2.334,False,False,2.0305,,,True,2.9134,True,-0.6502,True,-1.1143,True,-0.7881,False,0.5608,False,-0.5182
sample-run,qrl,1004,qrl-1004-silverstone,silverstone,2026,Silverstone Grand Prix,45,45,4,5,intermediate,intermediate,4,5,0.0,False,False,13.78,1.56,1.6,0,stay_out,True,-0.5,-44.6,77.252,-0.748,False,False,3.4887,,,True,2.6686,True,-0.5341,True,0.3907,True,0.3916,False,0.6791,False,0.3103
sample-run,qrl,1004,qrl-1004-silverstone,silverstone,2026,Silverstone Grand Prix,46,46,4,5,intermediate,intermediate,5,6,0.0,False,False,12.37,2.94,2.03,0,stay_out,True,-0.5,-45.1,77.98,-0.02,False,False,1.7157,,,True,1.7387,True,-0.0002,True,0.3458,True,0.2656,False,1.8522,False,-0.3631
sample-run,qrl,1004,qrl-1004-silverstone,silverstone,2026,Silverstone Grand Prix,47,47,3,4,intermediate,intermediate,6,7,0.0,False,False,6.08,1.32,2.69,0,stay_out,True,-0.4,-45.5,78.638,0.638,False,False,2.359,,,True,1.0849,True,-0.5482,True,0.8776,True,-1.334,False,0.0096,False,-0.6507
sample-run,qrl,1004,qrl-1004-silverstone,silverstone,2026,Silverstone Grand Prix,48,48,4,5,intermediate,intermediate,7,8,0.0,False,False,8.59,0.65,2.32,0,stay_out,True,-0.5,-46.0,77.615,-0.385,False,False,3.0591,,,True,3.5568,True,0.2855,True,-0.6443,True,-1.036,False,-0.0376,False,1.6434
sample-run,qrl,1004,qrl-1004-silverstone,silverstone,2026,Silverstone Grand Prix,49,49,5,6,intermediate,intermediate,8,9,0.0,False,False,17.67,1.08,2.94,0,stay_out,True,-0.6,-46.6,76.728,-1.272,False,False,3.1652,,,True,1.5139,True,-1.2577,True,2.0872,True,0.1663,False,-0.767,False,-0.1041
sample-run,qrl,1004,qrl-1004-silverstone,silverstone,2026,Silverstone Grand Prix,50,50,5,6,intermediate,intermediate,9,10,0.0,False,False,9.49,2.41,2.19,0,stay_out,True,-0.6,-47.2,78.926,0.926,False,False,2.7685,,,True,2.2288,True,-0.6247,True,0.9805,True,0.1286,False,0.8877,False,1.3283
sample-run,qrl,1004,qrl-1004-silverstone,silverstone,2026,Silverstone Grand Prix,51,51,5,6,intermediate,intermediate,10,11,0.0,False,False,10.7,1.38,2.97,0,stay_out,True,-0.6,-47.8,78.633,0.633,True,False,2.5704,,,True,0.6202,True,-0.6916,True,0.0158,True,2.218,False,1.1491,False,-0.4494
sample-run,dqn,1005,dqn-1005-silverstone,silverstone,2026,Silverstone Grand Prix,0,0,14,15,medium,medium,0,1,0.0,False,False,28.98,1.62,1.91,0,stay_out,True,-1.5,-1.5,77.936,-0.064,False,False,1.1399,,,True,3.0186,True,-0.5725,True,1.2189,True,-0.188,False,0.6573,False,-0.1666
sample-run,dqn,1005,dqn-1005-silverstone,silverstone,2026,Silverstone Grand Prix,1,1,13,14,medium,medium,1,2,0.0,False,False,36.04,1.2,2.1,0,stay_out,True,-1.4,-2.9,77.12,-0.88,False,False,0.5718,,,True,3.1199,True,-0.4957,True,-1.293,True,0.9641,False,0.7752,False,-0.1771
sample-run,dqn,1005,dqn-1005-silverstone,silverstone,2026,Silverstone Grand Prix,2,2,13,14,medium,medium,2,3,0.0,False,False,29.82,1.58,2.38,0,stay_out,True,-1.4,-4.3,76.569,-1.431,False,False,0.835,,,True,1.2456,True,0.7894,True,0.7358,True,0.2557,False,-1.2363,False,-1.4286
sample-run,dqn,1005,dqn-1005-silverstone,silverstone,2026,Silverstone Grand Prix,3,3,13,14,medium,medium,3,4,0.0,False,False,21.74,0.87,1.05,0,stay_out,True,-1.4,-5.7,80.728,2.728,False,False,0.4994,,,True,1.2996,True,-1.7793,True,0.1133,True,2.0522,False,1.2569,False,0.263
sample-run,dqn,1005,dqn-1005-silverstone,silverstone,2026,Silverstone Grand Prix,4,4,13,14,medium,medium,4,5,0.0,False,False,21.36,1.8,1.92,0,stay_out,True,-1.4,-7.1,77.666,-0.334,False,False,0.4038,,,True,0.7958,True,0.457,True,1.3332,True,-0.4311,False,1.0998,False,-0.117
sample-run,dqn,1005,dqn-1005-silverstone,silverstone,2026,Silverstone Grand Prix,5,5,15,16,intermediate,intermediate,0,0,0.155,False,False,32.12,2.39,1.93,4,pit_intermediate,True,-1.65,-8.75,81.147,3.147,False,False,0.4457,,,True,-0.0993,True,-1.0168,True,-0.6173,True,-0.2246,True,2.0839,True,0.54
sample-run,dqn,1005,dqn-1005-silverstone,silverstone,2026,Silverstone Grand Prix,6,6,15,16,intermediate,intermediate,0,1,0.0,False,False,46.87,0.51,1.82,0,stay_out,True,-1.6,-10.35,78.857,0.857,False,False,0.521,,,True,0.9674,True,-0.1594,True,-2.074,True,-0.3397,False,0.7687,False,0.9573
sample-run,dqn,1005,dqn-1005-silverstone,silverstone,2026,Silverstone Grand Prix,7,7,15,16,intermediate,intermediate,1,2,0.0,False,False,42.89,1.27,2.13,0,stay_out,True,-1.6,-11.95,77.481,-0.519,False,False,1.1596,,,True,1.3811,True,-0.9099,True,1.4725,True,-1.459,False,-0.8918,False,-1.6825
sample-run,dqn,1005,dqn-1005-silverstone,silverstone,2026,Silverstone Grand Prix,8,8,14,15,intermediate,intermediate,2,3,0.0,False,False,36.28,1.14,1.64,0,stay_out,True,-1.5,-13.45,76.895,-1.105,False,False,0.6754,,,True,1.5117,True,2.4745,True,1.4406,True,0.1653,False,-0.2696,False,0.5829
sample-run,dqn,1005,dqn-1005-silverstone,silverstone,2026,Silverstone Grand Prix,9,9,14,15,intermediate,intermediate,3,4,0.0,False,False,27.35,0.66,0.89,0,stay_out,True,-1.5,-14.95,79.001,1.001,False,False,0.5245,,,True,1.2043,True,-1.9508,True,-0.4992,True,-0.4155,False,0.0291,False,-0.2156
sample-run,dqn,1005,dqn-1005-silverstone,silverstone,2026,Silverstone Grand Prix,10,10,14,15,intermediate,intermediate,4,5,0.0,False,False,33.31,2.9,2.08,0,stay_out,True,-1.5,-16.45,76.513,-1.487,False,False,0.4917,,,True,2.1957,True,-0.3788,True,0.3463,True,0.3406,False,1.8452,False,-0.221
sample-run,dqn,1005,dqn-1005-silverstone,silverstone,2026,Silverstone Grand Prix,11,11,14,15,intermediate,intermediate,5,6,0.0,False,False,23.19,0.74,2.05,0,stay_out,True,-1.5,-17.95,76.346,-1.654,False,False,0.4172,,,True,0.9537,True,-1.0068,True,-0.108,True,-0.1598,False,0.0799,False,0.8583
sample-run,dqn,1005,dqn-1005-silverstone,silverstone,2026,Silverstone Grand Prix,12,12,14,15,intermediate,intermediate,0,0,0.041,False,False,23.12,2.78,2.91,4,pit_intermediate,True,-1.55,-19.5,79.515,1.515,False,False,0.6115,,,True,0.469,True,-0.5621,True,1.0029,True,-0.6928,True,2.4737,True,0.0077
sample-run,dqn,1005,dqn-1005-silverstone,silverstone,2026,Silverstone Grand Prix,13,13,13,14,intermediate,intermediate,0,1,0.0,False,False,36.58,1.07,1.96,0,stay_out,True,-1.4,-20.9,78.57,0.57,False,False,0.9761,,,True,2.0498,True,1.2876,True,0.222,True,-0.119,False,0.5056,False,1.6269
sample-run,dqn,1005,dqn-1005-silverstone,silverstone,2026,Silverstone Grand Prix,14,14,13,14,intermediate,intermediate,1,2,0.0,False,False,23.94,1.97,2.53,0,stay_out,True,-1.4,-22.3,77.424,-0.576,False,False,0.5223,,,True,2.2459,True,-0.1923,True,0.913,True,-1.408,False,0.9873,False,0.8701
sample-run,dqn,1005,dqn-1005-silverstone,silverstone,2026,Silverstone Grand Prix,15,15,13,14,intermediate,intermediate,2,3,0.0,False,False,34.99,1.74,1.71,0,stay_out,True,-1.4,-23.7,77.889,-0.111,False,False,1.0241,,,True,0.2477,True,0.4704,True,-0.2514,True,-0.3779,False,-0.8713,False,-0.6573
sample-run,dqn,1005,dqn-1005-silverstone,silverstone,2026,Silverstone Grand Prix,16,16,13,14,intermediate,intermediate,3,4,0.0,False,False,32.64,1.39,1.66,0,stay_out,True,-1.4,-25.1,76.662,-1.338,False,False,0.7315,,,True,0.7362,True,1.6388,True,-0.3995,True,-2.3151,False,-0.5813,False,0.7605
sample-run,dqn,1005,dqn-1005-silverstone,silverstone,2026,Silverstone Grand Prix,17,17,14,15,intermediate,intermediate,4,5,0.0,False,False,40.01,2.44,0.64,0,stay_out,True,-1.5,-26.6,78.059,0.059,False,False,1.1315,,,True,2.2276,True,-0.2367,True,-0.4807,True,1.0109,False,0.5467,False,0.5077
sample-run,dqn,1005,dqn-1005-silverstone,silverstone,2026,Silverstone Grand Prix,18,18,13,14,intermediate,intermediate,5,6,0.0,False,False,31.01,1.14,2.85,0,stay_out,True,-1.4,-28.0,77.764,-0.236,False,False,0.8345,,,True,3.4837,True,0.8629,True,2.4238,True,-1.8162,False,-0.6536,False,0.9474
sample-run,dqn,1005,dqn-1005-silverstone,silverstone,2026,Silverstone Grand Prix,19,19,13,14,intermediate,intermediate,0,0,0.166,False,False,40.03,0.51,2.41,4,pit_intermediate,True,-1.45,-29.45,81.985,3.985,False,False,0.9885,,,True,0.1333,True,-1.554,True,-1.6535,True,-0.5041,True,1.5938,True,0.967
sample-run,dqn,1005,dqn-1005-silverstone,silverstone,2026,Silverstone Grand Prix,20,20,14,15,intermediate,intermediate,0,1,0.0,False,False,44.62,0.64,1.17,0,stay_out,True,-1.5,-30.95,79.85,1.85,False,False,0.8109,,,True,1.5009,True,0.8143,True,-0.0604,True,0.0365,False,-0.4681,False,-0.906
sample-run,dqn,1005,dqn-1005-silverstone,silverstone,2026,Silverstone Grand Prix,21,21,13,14,intermediate,intermediate,1,2,0.0,False,False,29.29,2.23,1.34,0,stay_out,True,-1.4,-32.35,78.4,0.4,False,False,1.1446,,,True,1.9024,True,-0.1264,True,1.0662,True,0.3072,False,0.6343,False,-0.284
sample-run,dqn,1005,dqn-1005-silverstone,silverstone,2026,Silverstone Grand Prix,22,22,13,14,intermediate,intermediate,2,3,0.0,False,False,36.54,1.14,0.93,0,stay_out,True,-1.4,-33.75,78.098,0.098,False,False,0.8296,,,True,1.714,True,-0.4028,True,-0.2754,True,1.4535,False,-0.1138,False,-0.3041
sample-run,dqn,1005,dqn-1005-silverstone,silverstone,2026,Silverstone Grand Prix,23,23,13,14,intermediate,intermediate,0,0,0.279,False,False,26.21,0.58,2.13,4,pit_intermediate,True,-1.45,-35.2,79.972,1.972,False,False,0.4785,,,True,0.1678,True,0.3445,True,0.4215,True,0.139,True,1.2039,True,-2.0556
sample-run,dqn,1005,dqn-1005-silverstone,silverstone,2026,Silverstone Grand Prix,24,24,14,15,intermediate,intermediate,0,1,0.0,False,False,29.79,1.99,1.42,0,stay_out,True,-1.5,-36.7,79.142,1.142,False,False,0.9735,,,True,2.136,True,-0.4907,True,0.23,True,-0.396,False,-1.0358,False,0.1738
sample-run,dqn,1005,dqn-1005-silverstone,silverstone,2026,Silverstone Grand Prix,25,25,13,14,intermediate,intermediate,1,2,0.0,False,False,37.72,2.25,2.52,0,stay_out,True,-1.4,-38.1,77.771,-0.229,False,False,1.1337,,,True,0.873,True,0.5039,True,0.1136,True,1.2027,False,0.557,False,-0.052
sample-run,dqn,1005,dqn-1005-silverstone,silverstone,2026,Silverstone Grand Prix,26,26,12,13,intermediate,intermediate,2,3,0.0,False,False,26.04,1.41,1.19,0,stay_out,True,-1.3,-39.4,78.985,0.985,False,False,0.9957,,,True,2.3131,True,-0.682,True,-0.9431,True,-1.1234,False,-1.2144,False,-0.3708
sample-run,dqn,1005,dqn-1005-silverstone,silverstone,2026,Silverstone Grand Prix,27,27,12,13,intermediate,intermediate,3,4,0.0,False,False,24.84,2.38,2.27,0,stay_out,True,-1.3,-40.7,77.874,-0.126,False,False,0.4103,,,True,3.721,True,-0.6932,True,-0.4465,True,0.6269,False,-0.8336,False,1.9756
sample-run,dqn,1005,dqn-1005-silverstone,silverstone,2026,Silverstone Grand Prix,28,28,12,13,intermediate,intermediate,4,5,0.0,False,False,25.39,2.34,1.15,0,stay_out,True,-1.3,-42.0,77.056,-0.944,False,False,0.6146,,,True,2.2938,True,-1.0622,True,-0.2101,True,1.0719,False,-0.455,False,-0.9557
sample-run,dqn,1005,dqn-1005-silverstone,silverstone,2026,Silverstone Grand Prix,29,29,11,12,intermediate,intermediate,5,6,0.0,False,False,18.97,2.04,1.4,0,stay_out,True,-1.2,-43.2,79.192,1.192,False,False,1.1962,,,True,1.9154,True,-0.8751,True,0.8215,True,-0.398,False,-0.0416,False,-0.5162
sample-run,dqn,1005,dqn-1005-silverstone,silverstone,2026,Silverstone Grand Prix,30,30,13,14,intermediate,intermediate,0,0,0.132,False,False,33.13,2.39,2.03,4,pit_intermediate,True,-1.45,-44.65,80.115,2.115,False,False,0.4847,,,True,0.0994,True,-0.8015,True,-1.0009,True,0.8565,True,0.2289,True,0.0135
sample-run,dqn,1005,dqn-1005-silverstone,silverstone,2026,Silverstone Grand Prix,31,31,13,14,intermediate,intermediate,0,1,0.0,False,False,25.64,0.73,1.04,0,stay_out,True,-1.4,-46.05,79.086,1.086,False,False,1.068,,,True,2.8171,True,1.2415,True,0.2302,True,1.8089,False,-0.3095,False,-0.4061
sample-run,dqn,1005,dqn-1005-silverstone,silverstone,2026,Silverstone Grand Prix,32,32,12,13,intermediate,intermediate,1,2,0.0,False,False,38.61,1.82,1.63,0,stay_out,True,-1.3,-47.35,77.167,-0.833,False,False,0.7559,,,True,1.2581,True,-0.778,True,0.7449,True,0.3181,False,-1.7768,False,-0.3777
sample-run,dqn,1005,dqn-1005-silverstone,silverstone,2026,Silverstone Grand Prix,33,33,13,14,intermediate,intermediate,2,3,0.0,False,False,29.05,1.07,0.93,0,stay_out,True,-1.4,-48.75,76.756,-1.244,False,False,0.5218,,,True,1.2621,True,-0.0343,True,0.9403,True,0.8285,False,1.9702,False,0.8843
sample-run,dqn,1005,dqn-1005-silverstone,silverstone,2026,Silverstone Grand Prix,34,34,12,13,intermediate,intermediate,3,4,0.0,False,False,19.79,2.69,1.86,0,stay_out,True,-1.3,-50.05,77.251,-0.749,False,False,0.6243,,,True,1.8031,True,0.4633,True,0.1535,True,0.6854,False,0.076,False,1.3074
sample-run,dqn,1005,dqn-1005-silverstone,silverstone,2026,Silverstone Grand Prix,35,35,12,13,intermediate,intermediate,4,5,0.0,False,False,33.29,0.74,2.02,0,stay_out,True,-1.3,-51.35,77.921,-0.079,False,False,0.7568,,,True,0.1255,True,-2.3872,True,-0.9891,True,-2.1003,False,-1.3074,False,1.3047
sample-run,dqn,1005,dqn-1005-silverstone,silverstone,2026,Silverstone Grand Prix,36,36,13,14,intermediate,intermediate,5,6,0.0,False,False,32.94,2.58,2.16,0,stay_out,True,-1.4,-52.75,78.616,0.616,False,False,0.8188,,,True,2.7014,True,0.6551,True,0.2439,True,-0.1967,False,0.8928,False,0.7627
sample-run,dqn,1005,dqn-1005-silverstone,silverstone,2026,Silverstone Grand Prix,37,37,12,13,intermediate,intermediate,6,7,0.0,False,False,29.56,1.85,2.08,0,stay_out,True,-1.3,-54.05,78.282,0.282,False,False,1.0851,,,True,3.4021,True,-0.8823,True,0.9991,True,0.1687,False,-0.6711,False,-1.4079
sample-run,dqn,1005,dqn-1005-silverstone,silverstone,2026,Silverstone Grand Prix,38,38,12,13,intermediate,intermediate,7,8,0.0,False,False,38.58,1.12,1.73,0,stay_out,True,-1.3,-55.35,77.738,-0.262,False,False,0.7723,,,True,1.1606,True,-1.5284,True,-0.6026,True,-0.3182,False,1.21,False,-0.1086
sample-run,dqn,1005,dqn-1005-silverstone,silverstone,2026,Silverstone Grand Prix,39,39,13,14,intermediate,intermediate,8,9,0.0,False,False,31.93,1.55,1.18,0,stay_out,True,-1.4,-56.75,77.646,-0.354,False,False,0.5396,,,True,1.4876,True,-0.4519,True,-2.4356,True,2.0135,False,0.4175,False,1.4801
sample-run,dqn,1005,dqn-1005-silverstone,silverstone,2026,Silverstone Grand Prix,40,40,12,13,intermediate,intermediate,9,10,0.0,False,False,27.12,0.86,2.49,0,stay_out,True,-1.3,-58.05,77.691,-0.309,False,False,1.0471,,,True,0.18,True,-1.3987,True,-0.8801,True,-0.6502,False,1.4777,False,-1.0583
sample-run,dqn,1005,dqn-1005-silverstone,silverstone,2026,Silverstone Grand Prix,41,41,12,13,intermediate,intermediate,0,0,0.223,False,False,30.41,0.64,0.51,4,pit_intermediate,True,-1.35,-59.4,81.416,3.416,False,False,0.4279,,,True,-0.2648,True,0.6798,True,-2.5585,True,-0.7832,True,0.9365,True,-1.2764
sample-run,dqn,1005,dqn-1005-silverstone,silverstone,2026,Silverstone Grand Prix,42,42,11,12,intermediate,intermediate,0,1,0.0,False,False,22.58,2.42,1.02,0,stay_out,True,-1.2,-60.6,80.026,2.026,False,False,1.0533,,,True,2.8818,True,0.3392,True,-0.5198,True,-0.3104,False,1.038,False,2.2001
sample-run,dqn,1005,dqn-1005-silverstone,silverstone,2026,Silverstone Grand Prix,43,43,11,12,intermediate,intermediate,1,2,0.0,False,False,34.05,1.28,2.16,0,stay_out,True,-1.2,-61.8,77.575,-0.425,False,False,0.9547,,,True,1.8677,True,0.3208,True,-0.6732,True,0.8119,False,0.226,False,0.1093
sample-run,dqn,1005,dqn-1005-silverstone,silverstone,2026,Silverstone Grand Prix,44,44,10,11,intermediate,intermediate,2,3,0.0,False,False,32.42,2.24,2.74,0,stay_out,True,-1.1,-62.9,78.123,0.123,False,False,1.1609,,,True,1.0323,True,0.6637,True,-1.1654,True,0.58,False,0.1808,False,-0.33
sample-run,dqn,1005,dqn-1005-silverstone,silverstone,2026,Silverstone Grand Prix,45,45,10,11,intermediate,intermediate,3,4,0.0,False,False,21.15,2.34,2.87,0,stay_out,True,-1.1,-64.0,80.28,2.28,False,False,0.5983,,,True,0.7328,True,-1.7301,True,-0.0647,True,-0.468,False,-1.4213,False,-2.155
sample-run,dqn,1005,dqn-1005-silverstone,silverstone,2026,Silverstone Grand Prix,46,46,10,11,intermediate,intermediate,4,5,0.0,False,False,22.96,1.38,2.64,0,stay_out,True,-1.1,-65.1,77.148,-0.852,False,False,1.0539,,,True,2.3402,True,-0.4968,True,-1.1942,True,-0.0488,False,-0.1812,False,0.5131
sample-run,dqn,1005,dqn-1005-silverstone,silverstone,2026,Silverstone Grand Prix,47,47,11,12,intermediate,intermediate,5,6,0.0,False,False,19.7,1.98,2.32,0,stay_out,True,-1.2,-66.3,78.743,0.743,False,False,0.8418,,,True,1.1428,True,-0.6015,True,-0.1326,True,0.7589,False,-0.1376,False,-0.6588
sample-run,dqn,1005,dqn-1005-silverstone,silverstone,2026,Silverstone Grand Prix,48,48,11,12,intermediate,intermediate,6,7,0.0,False,False,31.66,1.37,1.24,0,stay_out,True,-1.2,-67.5,79.214,1.214,False,False,1.0994,,,True,2.1543,True,-0.4958,True,0.5868,True,0.3875,False,0.5144,False,-0.6569
sample-run,dqn,1005,dqn-1005-silverstone,silverstone,2026,Silverstone Grand Prix,49,49,11,12,intermediate,intermediate,7,8,0.0,False,False,24.96,2.45,2.27,0,stay_out,True,-1.2,-68.7,77.952,-0.048,False,False,0.5981,,,True,1.1887,True,-0.5984,True,1.1789,True,-0.3581,False,0.0678,False,-0.9158
sample-run,dqn,1005,dqn-1005-silverstone,silverstone,2026,Silverstone Grand Prix,50,50,11,12,intermediate,intermediate,8,9,0.0,False,False,35.26,1.02,1.4,0,stay_out,True,-1.2,-69.9,78.482,0.482,False,False,0.9582,,,True,1.7655,True,0.2874,True,-1.8643,True,0.3512,False,-0.3497,False,-0.3759
sample-run,dqn,1005,dqn-1005-silverstone,silverstone,2026,Silverstone Grand Prix,51,51,11,12,intermediate,intermediate,9,10,0.0,False,False,25.91,1.09,1.7,0,stay_out,True,-1.2,-71.1,76.488,-1.512,True,False,0.9356,,,True,1.7838,True,-1.0436,True,-1.4236,True,-1.0849,False,-0.8283,False,-1.4101
sample-run,qrl,1005,qrl-1005-silverstone,silverstone,2026,Silverstone Grand Prix,0,0,15,16,medium,medium,0,1,0.0,False,False,46.01,1.73,1.24,0,stay_out,True,-1.6,-1.6,78.554,0.554,False,False,3.4721,,,True,0.4982,True,1.0564,True,-1.9308,True,-0.7622,False,-0.4322,False,0.7996
sample-run,qrl,1005,qrl-1005-silverstone,silverstone,2026,Silverstone Grand Prix,1,1,14,15,medium,medium,1,2,0.0,False,False,30.7,1.42,2.05,0,stay_out,True,-1.5,-3.1,76.44,-1.56,False,False,1.2744,,,True,0.5439,True,-0.1546,True,1.0139,True,0.97,False,0.6827,False,-0.047
sample-run,qrl,1005,qrl-1005-silverstone,silverstone,2026,Silverstone Grand Prix,2,2,13,14,medium,medium,2,3,0.0,False,False,27.28,1.78,0.67,0,stay_out,True,-1.4,-4.5,78.43,0.43,False,False,1.2527,,,True,1.7215,True,-0.0907,True,-1.5103,True,-1.6077,False,1.5482,False,-0.035
sample-run,qrl,1005,qrl-1005-silverstone,silverstone,2026,Silverstone Grand Prix,3,3,13,14,medium,medium,3,4,0.0,False,False,38.81,1.43,1.64,0,stay_out,True,-1.4,-5.9,77.32,-0.68,False,False,3.5304,,,True,0.9782,True,0.2518,True,-0.5811,True,-0.2201,False,-0.4261,False,-2.8776
sample-run,qrl,1005,qrl-1005-silverstone,silverstone,2026,Silverstone Grand Prix,4,4,12,13,medium,medium,4,5,0.0,False,False,23.88,2.27,2.64,0,stay_out,True,-1.3,-7.2,76.92,-1.08,False,False,1.5498,,,True,1.3861,True,0.1892,True,0.1756,True,0.6053,False,-0.6443,False,0.6333
sample-run,qrl,1005,qrl-1005-silverstone,silverstone,2026,Silverstone Grand Prix,5,5,12,13,medium,medium,5,6,0.0,False,False,25.74,1.22,2.07,0,stay_out,True,-1.3,-8.5,79.53,1.53,False,False,2.5098,,,True,1.9104,True,-1.3289,True,-0.7106,True,0.1098,False,0.7962,False,0.0632
sample-run,qrl,1005,qrl-1005-silverstone,silverstone,2026,Silverstone Grand Prix,6,6,11,12,medium,medium,6,7,0.0,False,False,18.68,1.89,2.31,0,stay_out,True,-1.2,-9.7,78.68,0.68,False,False,2.0383,,,True,2.4223,True,-0.9541,True,-0.5349,True,-1.1567,False,-0.6356,False,0.9289
sample-run,qrl,1005,qrl-1005-silverstone,silverstone,2026,Silverstone Grand Prix,7,7,11,12,medium,medium,7,8,0.0,False,False,25.66,2.69,1.44,0,stay_out,True,-1.2,-10.9,78.532,0.532,False,False,1.834,,,True,0.771,True,0.749,True,0.4563,True,-0.5236,False,-0.1247,False,-0.672
sample-run,qrl,1005,qrl-1005-silverstone,silverstone,2026,Silverstone Grand Prix,8,8,10,11,medium,medium,8,9,0.0,False,False,26.4,1.6,2.46,0,stay_out,True,-1.1,-12.0,78.267,0.267,False,False,2.0213,,,True,2.5179,True,0.1146,True,1.8791,True,-0.1219,False,0.6152,False,0.5291
sample-run,qrl,1005,qrl-1005-silverstone,silverstone,2026,Silverstone Grand Prix,9,9,9,10,medium,medium,9,10,0.0,False,False,22.82,0.73,0.86,0,stay_out,True,-1.0,-13.0,81.115,3.115,False,False,2.206,,,True,1.6426,True,0.0241,True,0.0117,True,1.6528,False,-1.6127,False,-0.9501
sample-run,qrl,1005,qrl-1005-silverstone,silverstone,2026,Silverstone Grand Prix,10,10,10,11,medium,medium,10,11,0.0,False,False,21.36,1.6,1.35,0,stay_out,True,-1.1,-14.1,78.408,0.408,False,False,1.4185,,,True,0.868,True,1.8344,True,-0.6597,True,-0.209,False,0.2371,False,-0.4185
sample-run,qrl,1005,qrl-1005-silverstone,silverstone,2026,Silverstone Grand Prix,11,11,10,11,medium,medium,11,12,0.0,False,False,29.75,1.14,1.15,0,stay_out,True,-1.1,-15.2,78.958,0.958,False,False,1.2983,,,True,-0.0408,True,-1.2919,True,0.4098,True,-0.494,False,0.8781,False,0.0013
sample-run,qrl,1005,qrl-1005-silverstone,silverstone,2026,Silverstone Grand Prix,12,12,9,10,medium,medium,12,13,0.0,False,False,15.61,1.85,1.62,0,stay_out,True,-1.0,-16.2,78.509,0.509,False,False,2.9464,,,True,2.9124,True,0.3568,True,1.7385,True,-1.7275,False,1.8939,False,-0.9663
sample-run,qrl,1005,qrl-1005-silverstone,silverstone,2026,Silverstone Grand Prix,13,13,8,9,medium,medium,13,14,0.0,False,False,17.36,2.33,1.55,0,stay_out,True,-0.9,-17.1,77.812,-0.188,False,False,1.6001,,,True,1.5588,True,0.0391,True,0.9956,True,-0.9782,False,-1.2309,False,-2.4587
sample-run,qrl,1005,qrl-1005-silverstone,silverstone,2026,Silverstone Grand Prix,14,14,9,10,medium,medium,14,15,0.0,False,False,18.5,1.79,1.6,0,stay_out,True,-1.0,-18.1,78.705,0.705,False,False,1.4424,,,True,3.0451,True,0.1201,True,2.1745,True,0.0492,False,-1.0363,False,0.7064
sample-run,qrl,1005,qrl-1005-silverstone,silverstone,2026,Silverstone Grand Prix,15,15,9,10,medium,medium,15,16,0.0,False,True,27.65,2.88,0.64,0,stay_out,True,-1.0,-19.1,78.377,0.377,False,False,2.0231,,,True,2.8753,True,-0.59,True,0.5551,True,1.5227,False,-0.611,False,-1.2013
sample-run,qrl,1005,qrl-1005-silverstone,silverstone,2026,Silverstone Grand Prix,16,16,9,10,medium,medium,16,17,0.0,False,True,17.35,2.01,1.83,0,stay_out,True,-1.0,-20.1,79.2,1.2,False,False,3.2766,,,True,-0.213,True,-1.1278,True,1.1152,True,0.4747,False,-1.5562,False,-1.3735
sample-run,qrl,1005,qrl-1005-silverstone,silverstone,2026,Silverstone Grand Prix,17,17,9,10,medium,medium,17,18,0.0,False,True,22.27,2.36,1.7,0,stay_out,True,-1.0,-21.1,77.303,-0.697,False,False,1.3086,,,True,1.4522,True,0.7337,True,-0.0121,True,0.2011,False,0.1575,False,-1.0566
sample-run,qrl,1005,qrl-1005-silverstone,silverstone,2026,Silverstone Grand Prix,18,18,10,11,intermediate,intermediate,0,0,0.357,False,False,30.14,1.52,1.8,4,pit_intermediate,True,-1.15,-22.25,81.626,3.626,False,False,3.4126,,,True,0.5336,True,0.4048,True,-0.8208,True,-1.0109,True,1.1587,True,1.6585
sample-run,qrl,1005,qrl-1005-silverstone,silverstone,2026,Silverstone Grand Prix,19,19,9,10,intermediate,intermediate,0,1,0.0,False,False,24.49,1.38,2.79,0,stay_out,True,-1.0,-23.25,76.786,-1.214,False,False,2.3276,,,True,1.4851,True,0.1693,True,-0.8335,True,-0.5527,False,-0.8573,False,0.7554
sample-run,qrl,1005,qrl-1005-silverstone,silverstone,2026,Silverstone Grand Prix,20,20,9,10,intermediate,intermediate,1,2,0.0,False,False,15.22,2.54,2.39,0,stay_out,True,-1.0,-24.25,79.68,1.68,False,False,1.4523,,,True,2.7348,True,-0.4104,True,-0.5753,True,0.6505,False,1.2421,False,-0.8098
sample-run,qrl,1005,qrl-1005-silverstone,silverstone,2026,Silverstone Grand Prix,21,21,10,11,intermediate,intermediate,2,3,0.0,False,False,19.67,0.92,1.02,0,stay_out,True,-1.1,-25.35,78.851,0.851,False,False,2.3963,,,True,1.3599,True,-1.0599,True,-0.2646,True,-1.6596,False,2.0545,False,-1.7512
sample-run,qrl,1005,qrl-1005-silverstone,silverstone,2026,Silverstone Grand Prix,22,22,11,12,intermediate,intermediate,3,4,0.0,False,False,35.67,0.96,1.18,0,stay_out,True,-1.2,-26.55,78.489,0.489,False,False,1.6625,,,True,0.4553,True,-0.7208,True,-0.6283,True,0.5722,False,-0.3842,False,-0.5967
sample-run,qrl,1005,qrl-1005-silverstone,silverstone,2026,Silverstone Grand Prix,23,23,11,12,intermediate,intermediate,4,5,0.0,False,False,19.37,2.13,1.06,0,stay_out,True,-1.2,-27.75,78.232,0.232,False,False,2.2961,,,True,1.2882,True,-0.0993,True,-0.0758,True,0.1363,False,-0.7087,False,-0.5456
sample-run,qrl,1005,qrl-1005-silverstone,silverstone,2026,Silverstone Grand Prix,24,24,11,12,intermediate,intermediate,5,6,0.0,False,False,23.88,2.3,0.92,0,stay_out,True,-1.2,-28.95,80.557,2.557,False,False,1.5743,,,True,1.368,True,-0.0192,True,-0.6275,True,0.6089,False,0.5776,False,-1.3837
sample-run,qrl,1005,qrl-1005-silverstone,silverstone,2026,Silverstone Grand Prix,25,25,11,12,intermediate,intermediate,6,7,0.0,False,False,34.98,1.69,1.37,0,stay_out,True,-1.2,-30.15,77.307,-0.693,False,False,3.0613,,,True,0.9898,True,0.914,True,0.8036,True,-0.3601,False,0.1231,False,-0.3081
sample-run,qrl,1005,qrl-1005-silverstone,silverstone,2026,Silverstone Grand Prix,26,26,12,13,intermediate,intermediate,7,8,0.0,False,False,38.66,1.53,1.45,0,stay_out,True,-1.3,-31.45,77.068,-0.932,False,False,3.1161,,,True,1.8728,True,1.2321,True,-0.1397,True,-0.6362,False,-0.2514,False,0.4724
sample-run,qrl,1005,qrl-1005-silverstone,silverstone,2026,Silverstone Grand Prix,27,27,13,14,intermediate,intermediate,8,9,0.0,False,False,24.26,2.42,1.5,0,stay_out,True,-1.4,-32.85,77.483,-0.517,False,False,3.4682,,,True,1.8274,True,-0.7278,True,-1.2948,True,0.3004,False,-1.3245,False,0.3442
sample-run,qrl,1005,qrl-1005-silverstone,silverstone,2026,Silverstone Grand Prix,28,28,13,14,intermediate,intermediate,9,10,0.0,False,False,34.64,2.78,0.69,0,stay_out,True,-1.4,-34.25,76.917,-1.083,False,False,2.6164,,,True,2.257,True,1.641,True,-0.4644,True,1.1276,False,-0.0821,False,0.6296
sample-run,qrl,1005,qrl-1005-silverstone,silverstone,2026,Silverstone Grand Prix,29,29,14,15,intermediate,intermediate,10,11,0.0,False,False,38.58,1.38,2.2,0,stay_out,True,-1.5,-35.75,75.198,-2.802,False,False,3.438,,,True,1.3152,True,0.8223,True,0.5069,True,-0.4709,False,0.3442,False,-0.0009
sample-run,qrl,1005,qrl-1005-silverstone,silverstone,2026,Silverstone Grand Prix,30,30,15,16,intermediate,intermediate,11,12,0.0,False,False,32.27,1.13,2.29,0,stay_out,True,-1.6,-37.35,78.199,0.199,False,False,2.4257,,,True,2.5204,True,-1.0881,True,0.8754,True,0.4307,False,0.1012,False,0.1578
sample-run,qrl,1005,qrl-1005-silverstone,silverstone,2026,Silverstone Grand Prix,31,31,15,16,intermediate,intermediate,12,13,0.0,False,False,24.79,2.63,1.47,0,stay_out,True,-1.6,-38.95,78.313,0.313,False,False,3.1279,,,True,0.4602,True,-0.3804,True,0.8041,True,0.4174,False,-0.1362,False,-1.6702
sample-run,qrl,1005,qrl-1005-silverstone,silverstone,2026,Silverstone Grand Prix,32,32,15,16,intermediate,intermediate,13,14,0.0,False,False,28.92,1.85,1.68,0,stay_out,True,-1.6,-40.55,76.789,-1.211,False,False,2.3635,,,True,0.641,True,-2.0599,True,-0.7804,True,0.9439,False,-1.3295,False,0.4167
sample-run,qrl,1005,qrl-1005-silverstone,silverstone,2026,Silverstone Grand Prix,33,33,14,15,intermediate,intermediate,14,15,0.0,False,False,26.31,1.03,2.78,0,stay_out,True,-1.5,-42.05,78.121,0.121,False,False,2.1437,,,True,0.501,True,1.0916,True,-1.1108,True,1.1186,False,0.3353,False,1.7884
sample-run,qrl,1005,qrl-1005-silverstone,silverstone,2026,Silverstone Grand Prix,34,34,15,16,intermediate,intermediate,15,16,0.0,False,True,29.78,1.09,2.03,0,stay_out,True,-1.6,-43.65,78.272,0.272,False,False,3.1882,,,True,0.1893,True,-1.3825,True,0.3718,True,-0.7275,False,0.0198,False,-0.6788
sample-run,qrl,1005,qrl-1005-silverstone,silverstone,2026,Silverstone Grand Prix,35,35,16,17,intermediate,intermediate,16,17,0.0,False,True,36.75,0.72,2.14,0,stay_out,True,-1.7,-45.35,79.132,1.132,False,False,1.8244,,,True,-0.2698,True,-0.0415,True,1.5783,True,-1.7698,False,-0.4636,False,-0.1746
sample-run,qrl,1005,qrl-1005-silverstone,silverstone,2026,Silverstone Grand Prix,36,36,17,18,intermediate,intermediate,17,18,0.0,False,True,37.65,0.88,2.53,0,stay_out,True,-1.8,-47.15,79.012,1.012,False,False,2.8883,,,True,1.1524,True,-1.3478,True,-2.3673,True,2.6209,False,0.2643,False,0.0131
sample-run,qrl,1005,qrl-1005-silverstone,silverstone,2026,Silverstone Grand Prix,37,37,16,17,intermediate,intermediate,0,0,0.042,False,False,40.19,2.62,2.33,4,pit_intermediate,True,-1.75,-48.9,79.061,1.061,False,False,2.3702,,,True,1.0269,True,-1.1502,True,-2.4162,True,1.4503,True,1.6722,True,0.2315
sample-run,qrl,1005,qrl-1005-silverstone,silverstone,2026,Silverstone Grand Prix,38,38,15,16,intermediate,intermediate,0,1,0.0,False,False,25.09,2.76,0.98,0,stay_out,True,-1.6,-50.5,78.51,0.51,False,False,1.2081,,,True,2.0001,True,1.5768,True,-0.6087,True,0.4889,False,0.5668,False,1.5361
sample-run,qrl,1005,qrl-1005-silverstone,silverstone,2026,Silverstone Grand Prix,39,39,17,18,intermediate,intermediate,0,0,0.172,False,False,36.5,2.16,1.7,4,pit_intermediate,True,-1.85,-52.35,80.889,2.889,False,False,3.1998,,,True,-0.7358,True,-0.5802,True,-0.0852,True,1.1218,True,1.6166,True,-0.5096
sample-run,qrl,1005,qrl-1005-silverstone,silverstone,2026,Silverstone Grand Prix,40,40,16,17,intermediate,intermediate,0,1,0.0,False,False,44.74,1.71,1.31,0,stay_out,True,-1.7,-54.05,76.704,-1.296,False,False,2.6081,,,True,2.6194,True,-1.1871,True,-0.9219,True,1.0898,False,-0.3552,False,-0.452
sample-run,qrl,1005,qrl-1005-silverstone,silverstone,2026,Silverstone Grand Prix,41,41,16,17,intermediate,intermediate,1,2,0.0,False,False,28.38,1.19,0.64,0,stay_out,True,-1.7,-55.75,75.031,-2.969,False,False,2.8544,,,True,2.0675,True,0.9504,True,-1.2831,True,0.0754,False,0.9339,False,1.2031
sample-run,qrl,1005,qrl-1005-silverstone,silverstone,2026,Silverstone Grand Prix,42,42,17,18,intermediate,intermediate,2,3,0.0,False,False,41.77,2.77,1.68,0,stay_out,True,-1.8,-57.55,77.561,-0.439,False,False,1.6308,,,True,-0.0184,True,-0.5057,True,-0.3343,True,1.168,False,1.4064,False,0.2706
sample-run,qrl,1005,qrl-1005-silverstone,silverstone,2026,Silverstone Grand Prix,43,43,18,19,intermediate,intermediate,3,4,0.0,False,False,30.16,1.5,1.25,0,stay_out,True,-1.9,-59.45,78.315,0.315,False,False,2.1063,,,True,1.9781,True,0.0503,True,-1.5484,True,0.2204,False,-0.1405,False,0.877
sample-run,qrl,1005,qrl-1005-silverstone,silverstone,2026,Silverstone Grand Prix,44,44,18,19,intermediate,intermediate,4,5,0.0,False,False,37.08,2.17,1.69,0,stay_out,True,-1.9,-61.35,78.33,0.33,False,False,3.4818,,,True,0.7763,True,-1.3365,True,-2.6186,True,-0.1154,False,0.5069,False,-1.4686
sample-run,qrl,1005,qrl-1005-silverstone,silverstone,2026,Silverstone Grand Prix,45,45,17,18,intermediate,intermediate,5,6,0.0,False,False,33.44,1.7,1.34,0,stay_out,True,-1.8,-63.15,78.205,0.205,False,False,3.1119,,,True,0.8094,True,-1.6818,True,-0.6164,True,-1.5156,False,1.2408,False,1.4153
sample-run,qrl,1005,qrl-1005-silverstone,silverstone,2026,Silverstone Grand Prix,46,46,17,18,intermediate,intermediate,6,7,0.0,False,False,42.04,2.05,0.61,0,stay_out,True,-1.8,-64.95,77.904,-0.096,False,False,1.8144,,,True,1.6975,True,0.1045,True,0.628,True,1.4715,False,1.7046,False,1.0169
sample-run,qrl,1005,qrl-1005-silverstone,silverstone,2026,Silverstone Grand Prix,47,47,17,18,intermediate,intermediate,7,8,0.0,False,False,42.4,2.65,1.88,0,stay_out,True,-1.8,-66.75,77.927,-0.073,False,False,1.8058,,,True,-0.5721,True,-0.1149,True,-1.4333,True,1.0774,False,-1.1855,False,-0.0091
sample-run,qrl,1005,qrl-1005-silverstone,silverstone,2026,Silverstone Grand Prix,48,48,17,18,intermediate,intermediate,8,9,0.0,False,False,29.17,1.64,2.72,0,stay_out,True,-1.8,-68.55,80.306,2.306,False,False,1.7966,,,True,1.6745,True,0.5421,True,-1.1037,True,-0.7452,False,0.2592,False,-0.8728
sample-run,qrl,1005,qrl-1005-silverstone,silverstone,2026,Silverstone Grand Prix,49,49,16,17,intermediate,intermediate,9,10,0.0,False,False,38.69,2.36,1.89,0,stay_out,True,-1.7,-70.25,78.062,0.062,False,False,3.565,,,True,2.5388,True,1.9298,True,-0.892,True,0.7447,False,-0.9173,False,-0.2034
sample-run,qrl,1005,qrl-1005-silverstone,silverstone,2026,Silverstone Grand Prix,50,50,15,16,intermediate,intermediate,10,11,0.0,False,False,36.09,1.0,1.23,0,stay_out,True,-1.6,-71.85,76.881,-1.119,False,False,2.0058,,,True,1.3953,True,-1.475,True,0.8345,True,0.4747,False,-2.5495,False,-0.6954
sample-run,qrl,1005,qrl-1005-silverstone,silverstone,2026,Silverstone Grand Prix,51,51,14,15,intermediate,intermediate,11,12,0.0,False,False,37.57,2.78,0.62,0,stay_out,True,-1.5,-73.35,75.563,-2.437,True,False,1.3301,,,True,0.1616,True,-0.3087,True,-0.9459,True,0.9761,False,1.8247,False,1.1835
