scenario,seed,track,year,race_name,step_index,action_a,action_name_a,reward_a,position_after_a,tyre_compound_after_a,safety_car_before_a,track_wetness_before_a,action_b,action_name_b,reward_b,position_after_b,tyre_compound_after_b,safety_car_before_b,track_wetness_before_b,action_disagreement,pit_disagreement,reward_difference_b_minus_a,position_difference_b_minus_a
default,1000,Monza,2024,HUL,0,0,stay_out,0.0,1,1,False,0,0,stay_out,0.0,1,1,False,0,False,False,0.0,0
default,1000,Monza,2024,HUL,1,0,stay_out,-0.0043570313027657,1,1,False,0,0,stay_out,-0.0043570313027657,1,1,False,0,False,False,0.0,0
default,1000,Monza,2024,HUL,2,0,stay_out,0.0,1,1,False,0,0,stay_out,0.0,1,1,False,0,False,False,0.0,0
default,1000,Monza,2024,HUL,3,0,stay_out,0.0,1,1,False,0,0,stay_out,0.0,1,1,False,0,False,False,0.0,0
default,1000,Monza,2024,HUL,4,0,stay_out,-0.0218697579395708,1,1,False,0,0,stay_out,-0.0218697579395708,1,1,False,0,False,False,0.0,0
default,1000,Monza,2024,HUL,5,0,stay_out,-0.0194972765943248,1,1,False,0,0,stay_out,-0.0194972765943248,1,1,False,0,False,False,0.0,0
default,1000,Monza,2024,HUL,6,0,stay_out,-0.0056962346861411,1,1,False,0,0,stay_out,-0.0056962346861411,1,1,False,0,False,False,0.0,0
default,1000,Monza,2024,HUL,7,0,stay_out,-0.0418076001719256,1,1,False,0,0,stay_out,-0.0418076001719256,1,1,False,0,False,False,0.0,0
default,1000,Monza,2024,HUL,8,0,stay_out,-0.033799539324903,1,1,False,0,0,stay_out,-0.033799539324903,1,1,False,0,False,False,0.0,0
default,1000,Monza,2024,HUL,9,0,stay_out,0.0,1,1,False,0,0,stay_out,0.0,1,1,False,0,False,False,0.0,0
default,1000,Monza,2024,HUL,10,0,stay_out,-0.0424240705792954,1,1,False,0,0,stay_out,-0.0424240705792954,1,1,False,0,False,False,0.0,0
default,1000,Monza,2024,HUL,11,0,stay_out,-0.0277480051970158,1,1,False,0,0,stay_out,-0.0277480051970158,1,1,False,0,False,False,0.0,0
default,1000,Monza,2024,HUL,12,0,stay_out,-0.0712817877291243,1,1,False,0,0,stay_out,-0.0712817877291243,1,1,False,0,False,False,0.0,0
default,1000,Monza,2024,HUL,13,0,stay_out,-0.0644610583911884,1,1,False,0,1,pit_soft,-7.669452371577021,3,0,False,0,True,True,-7.604991313185833,2
default,1000,Monza,2024,HUL,14,0,stay_out,-0.0778515343643235,1,1,False,0,0,stay_out,1.728836118311665,2,0,False,0,False,False,1.8066876526759885,1
default,1000,Monza,2024,HUL,15,0,stay_out,-0.0943105703426994,1,1,False,0,0,stay_out,1.0516989890844712,1,0,False,0,False,False,1.1460095594271706,0
default,1000,Monza,2024,HUL,16,0,stay_out,-0.1739433454885301,1,1,False,0,0,stay_out,0.0,1,0,False,0,False,False,0.1739433454885301,0
default,1000,Monza,2024,HUL,17,0,stay_out,-0.176307254148081,1,1,False,0,0,stay_out,-0.0083639086595511,1,0,False,0,False,False,0.16794334548852988,0
default,1000,Monza,2024,HUL,18,0,stay_out,-0.2007498801126431,1,1,False,0,0,stay_out,-0.0398065346241125,1,0,False,0,False,False,0.16094334548853062,0
default,1000,Monza,2024,HUL,19,0,stay_out,-0.1780930015228648,1,1,False,0,0,stay_out,-0.0245909172061317,1,0,False,0,False,False,0.15350208431673312,0
default,1000,Monza,2024,HUL,20,0,stay_out,-0.1905074168544914,1,1,False,0,0,stay_out,-0.0464465937095568,1,0,False,0,False,False,0.14406082314493462,0
default,1000,Monza,2024,HUL,21,0,stay_out,-0.1626979423169174,1,1,False,0,0,stay_out,-0.0300783803437795,1,0,False,0,False,False,0.1326195619731379,0
default,1000,Monza,2024,HUL,22,0,stay_out,-0.1947836328313357,1,1,False,0,0,stay_out,-0.0709939281022073,1,0,False,0,False,False,0.12378970472912841,0
default,1000,Monza,2024,HUL,23,0,stay_out,-0.2124106142202151,1,1,False,0,0,stay_out,-0.0935621706628836,1,0,False,0,False,False,0.1188484435573315,0
default,1000,Monza,2024,HUL,24,0,stay_out,-0.2150659443813382,1,1,False,0,0,stay_out,-0.0999587619958035,1,0,False,0,False,False,0.11510718238553469,0
default,1000,Monza,2024,HUL,25,0,stay_out,-0.2104495377854505,1,1,False,0,0,stay_out,-0.1042836165717148,1,0,False,0,False,False,0.1061659212137357,0
default,1000,Monza,2024,HUL,26,0,stay_out,-0.2386961582588654,1,1,False,0,0,stay_out,-0.1438714982169258,1,0,False,0,False,False,0.0948246600419396,0
default,1000,Monza,2024,HUL,27,0,stay_out,-0.2463792367334122,1,1,False,0,0,stay_out,-0.1648958378632713,1,0,False,0,False,False,0.08148339887014089,0
default,1000,Monza,2024,HUL,28,0,stay_out,-0.2381992732113019,1,1,False,0,0,stay_out,-0.1603571355129574,1,0,False,0,False,False,0.0778421376983445,0
default,1000,Monza,2024,HUL,29,0,stay_out,-0.2614994554330991,1,1,False,0,0,stay_out,-0.1970985789065523,1,0,False,0,False,False,0.0644008765265468,0
default,1000,Monza,2024,HUL,30,0,stay_out,-0.2588262686524544,1,1,False,0,0,stay_out,-0.2078666532977067,1,0,False,0,False,False,0.05095961535474769,0
default,1000,Monza,2024,HUL,31,0,stay_out,-0.2448573106859513,1,1,False,0,0,stay_out,-0.2073389565029998,1,0,False,0,False,False,0.03751835418295149,0
default,1000,Monza,2024,HUL,32,0,stay_out,-0.260532241700642,1,1,False,0,0,stay_out,-0.2233551486894882,1,0,False,0,False,False,0.037177093011153794,0
default,1000,Monza,2024,HUL,33,0,stay_out,-0.27174498760983,1,1,False,0,0,stay_out,-0.2480091557704725,1,0,False,0,False,False,0.023735831839357513,0
default,1000,Monza,2024,HUL,34,0,stay_out,-0.267665704872411,1,1,False,0,0,stay_out,-0.2573711342048512,1,0,False,0,False,False,0.010294570667559788,0
default,1000,Monza,2024,HUL,35,0,stay_out,-0.2443124316087264,1,1,False,0,0,stay_out,-0.2474591221129657,1,0,False,0,False,False,-0.0031466905042392967,0
default,1000,Monza,2024,HUL,36,0,stay_out,-0.258801370926183,1,1,False,0,0,stay_out,-0.2753893226022185,1,0,False,0,False,False,-0.016587951676035495,0
default,1000,Monza,2024,HUL,37,0,stay_out,-0.2811343966302885,1,1,False,0,0,stay_out,-0.3111636094781218,1,0,False,0,False,False,-0.03002921284783333,0
default,1000,Monza,2024,HUL,38,0,stay_out,-0.3009585242112451,1,1,False,0,0,stay_out,-0.2888233702887007,1,0,False,0,False,False,0.012135153922544384,0
default,1000,Monza,2024,HUL,39,0,stay_out,-0.3431249270961388,1,1,False,0,0,stay_out,-0.3444310343453935,1,0,False,0,False,False,-0.0013061072492547288,0
default,1000,Monza,2024,HUL,40,0,stay_out,-0.3339476746542161,1,1,False,0,0,stay_out,-0.3486950430752685,1,0,False,0,False,False,-0.014747368421052398,0
default,1000,Monza,2024,HUL,41,0,stay_out,-0.384087942075324,1,1,False,0,0,stay_out,-0.4122765716681726,1,0,False,0,False,False,-0.028188629592848624,0
default,1000,Monza,2024,HUL,42,0,stay_out,-1.4576926563983506,2,1,False,0,0,stay_out,-0.4331857799404546,1,0,False,0,False,False,1.024506876457896,-1
default,1000,Monza,2024,HUL,43,0,stay_out,-0.7016634447908927,2,1,False,0,0,stay_out,-0.4552028743319056,1,0,False,0,False,False,0.24646057045898712,-1
default,1000,Monza,2024,HUL,44,0,stay_out,-0.6305784672438804,2,1,False,0,0,stay_out,-0.4764016467301815,1,0,False,0,False,False,0.15417682051369896,-1
default,1000,Monza,2024,HUL,45,0,stay_out,-0.6154181191518987,2,1,False,0,0,stay_out,-0.4862127338559901,1,0,False,0,False,False,0.12920538529590858,-1
default,1000,Monza,2024,HUL,46,0,stay_out,-1.5799107283501923,3,1,False,0,0,stay_out,-0.4740002996269326,1,0,False,0,False,False,1.1059104287232597,-2
default,1000,Monza,2024,HUL,47,1,pit_soft,-10.755388036062897,6,0,False,0,0,stay_out,-1.7557895772942984,2,0,False,0,True,True,8.999598458768599,-4
default,1000,Monza,2024,HUL,48,0,stay_out,0.0497196497966982,6,0,False,0,0,stay_out,-0.950280350203302,2,0,False,0,False,False,-1.0000000000000002,-4
default,1000,Monza,2024,HUL,49,0,stay_out,0.0819249185817767,6,0,False,0,0,stay_out,-2.860075081418228,4,0,False,0,False,False,-2.9420000000000046,-2
default,1000,Monza,2024,HUL,50,0,stay_out,0.0919819537527786,6,0,False,0,0,stay_out,-0.9700180462471708,4,0,False,0,False,False,-1.0619999999999494,-2
default,1000,Monza,2024,HUL,51,0,stay_out,8.012615175241041,6,0,False,0,0,stay_out,8.03261517524108,5,0,False,0,False,False,0.020000000000038654,-1
default,1001,Silverstone,2022,RIC,0,0,stay_out,0.0,1,1,False,0,0,stay_out,0.0,1,1,False,0,False,False,0.0,0
default,1001,Silverstone,2022,RIC,1,0,stay_out,-0.0376062711684639,1,1,False,0,0,stay_out,-0.0376062711684639,1,1,False,0,False,False,0.0,0
default,1001,Silverstone,2022,RIC,2,0,stay_out,-0.0062240853386114,1,1,False,0,1,pit_soft,-24.874099085338614,1,0,False,0,True,True,-24.867875,0
default,1001,Silverstone,2022,RIC,3,0,stay_out,-0.0235364163237207,1,1,False,0,0,stay_out,0.0,1,0,False,0,False,False,0.0235364163237207,0
default,1001,Silverstone,2022,RIC,4,0,stay_out,-0.030338048432695,1,1,False,0,0,stay_out,-0.0108016321089735,1,0,False,0,False,False,0.019536416323721502,0
default,1001,Silverstone,2022,RIC,5,0,stay_out,-0.0189221151449913,1,1,False,0,0,stay_out,-0.0043856988212709,1,0,False,0,False,False,0.014536416323720401,0
default,1001,Silverstone,2022,RIC,6,0,stay_out,-0.0245419904676964,1,1,False,0,0,stay_out,-0.0158055741439767,1,0,False,0,False,False,0.008736416323719697,0
default,1001,Silverstone,2022,RIC,7,0,stay_out,-0.0508704992451441,1,1,False,0,0,stay_out,-0.037264852152191,1,0,False,0,False,False,0.013605647092953102,0
default,1001,Silverstone,2022,RIC,8,0,stay_out,-0.1258686350753066,1,1,False,0,0,stay_out,-0.0380168341362008,1,0,False,0,False,False,0.0878518009391058,0
default,1001,Silverstone,2022,RIC,9,0,stay_out,-0.1564153056181965,1,1,False,0,0,stay_out,-0.0792635046790906,1,0,False,0,False,False,0.0771518009391059,0
default,1001,Silverstone,2022,RIC,10,0,stay_out,-0.1220197272520479,1,1,False,0,0,stay_out,-0.0578679263129416,1,0,False,0,False,False,0.0641518009391063,0
default,1001,Silverstone,2022,RIC,11,0,stay_out,-0.1369450539239082,1,1,False,0,0,stay_out,-0.0746932529848024,1,0,False,0,False,False,0.06225180093910582,0
default,1001,Silverstone,2022,RIC,12,0,stay_out,-0.1554052157661658,1,1,False,0,0,stay_out,-0.1081534148270591,1,0,False,0,False,False,0.047251800939106706,0
default,1001,Silverstone,2022,RIC,13,0,stay_out,-0.1694514296453491,1,1,False,0,0,stay_out,-0.1209996287062438,1,0,False,0,False,False,0.0484518009391053,0
default,1001,Silverstone,2022,RIC,14,0,stay_out,-0.1811963466983329,1,1,False,0,0,stay_out,-0.1408445457592279,1,0,False,0,False,False,0.04035180093910501,0
default,1001,Silverstone,2022,RIC,15,0,stay_out,-0.1568884894384396,1,1,False,0,0,stay_out,-0.1315366884993338,1,0,False,0,False,False,0.0253518009391058,0
default,1001,Silverstone,2022,RIC,16,0,stay_out,-0.1759856856287754,1,1,False,0,0,stay_out,-0.1603338846896704,1,0,False,0,False,False,0.01565180093910501,0
default,1001,Silverstone,2022,RIC,17,0,stay_out,-0.1831748430564886,1,1,False,0,0,stay_out,-0.1497230421173825,1,0,False,0,False,False,0.0334518009391061,0
default,1001,Silverstone,2022,RIC,18,0,stay_out,-0.1945130298046976,1,1,False,0,2,pit_medium,-5.12518622886559,1,1,False,0,True,True,-4.930673199060892,0
default,1001,Silverstone,2022,RIC,19,0,stay_out,-0.189886166485104,1,1,False,0,0,stay_out,-0.1225593655459974,1,1,False,0,False,False,0.0673268009391066,0
default,1001,Silverstone,2022,RIC,20,0,stay_out,-0.2210539756729403,1,1,False,0,0,stay_out,-0.1410271747338342,1,1,False,0,False,False,0.08002680093910611,0
default,1001,Silverstone,2022,RIC,21,0,stay_out,-0.232101752202233,1,1,False,0,0,stay_out,-0.1520749512631269,1,1,False,0,False,False,0.08002680093910611,0
default,1001,Silverstone,2022,RIC,22,0,stay_out,-0.2118879825774712,1,1,False,0,0,stay_out,-0.1318611816383651,1,1,False,0,False,False,0.08002680093910611,0
default,1001,Silverstone,2022,RIC,23,0,stay_out,-0.2135977761933944,1,1,False,0,0,stay_out,-0.1335709752542882,1,1,False,0,False,False,0.08002680093910619,0
default,1001,Silverstone,2022,RIC,24,0,stay_out,-0.2291387883172433,1,1,False,0,0,stay_out,-0.1491119873781372,1,1,False,0,False,False,0.08002680093910611,0
default,1001,Silverstone,2022,RIC,25,0,stay_out,-0.2428715829342465,1,1,False,0,0,stay_out,-0.1574561983188616,1,1,False,0,False,False,0.08541538461538489,0
default,1001,Silverstone,2022,RIC,26,0,stay_out,-0.2756471595812726,1,1,False,0,0,stay_out,-0.1948010057351197,1,1,False,0,False,False,0.08084615384615293,0
default,1001,Silverstone,2022,RIC,27,0,stay_out,-0.2289016304567027,1,1,False,0,0,stay_out,-0.2289016304567027,1,1,False,0,False,False,0.0,0
default,1001,Silverstone,2022,RIC,28,0,stay_out,-0.2523489570017048,1,1,False,0,1,pit_soft,-5.0348085723863205,1,0,False,0,True,True,-4.7824596153846155,0
default,1001,Silverstone,2022,RIC,29,0,stay_out,-0.2567519466037211,1,1,False,0,0,stay_out,-0.0422115619883371,1,0,False,0,False,False,0.214540384615384,0
default,1001,Silverstone,2022,RIC,30,0,stay_out,-0.2718510446631854,1,1,False,0,0,stay_out,-0.0613106600478005,1,0,False,0,False,False,0.21054038461538488,0
default,1001,Silverstone,2022,RIC,31,0,stay_out,-0.2680423337102638,1,1,False,0,0,stay_out,-0.0625019490948801,1,0,False,0,False,False,0.2055403846153837,0
default,1001,Silverstone,2022,RIC,32,0,stay_out,-0.263382163491309,1,1,False,0,0,stay_out,-0.0619795192605408,1,0,False,0,False,False,0.2014026442307682,0
default,1001,Silverstone,2022,RIC,33,0,stay_out,-0.2561969520052614,1,1,False,0,0,stay_out,-0.0599320481591078,1,0,False,0,False,False,0.19626490384615358,0
default,1001,Silverstone,2022,RIC,34,0,stay_out,-0.2818889138842323,1,1,False,0,0,stay_out,-0.0927617504226944,1,0,False,0,False,False,0.1891271634615379,0
default,1001,Silverstone,2022,RIC,35,0,stay_out,-0.3209095262959267,1,1,False,0,0,stay_out,-0.1409201032190054,1,0,False,0,False,False,0.17998942307692128,0
default,1001,Silverstone,2022,RIC,36,0,stay_out,-3.659902825004049,1,1,False,0,0,stay_out,-3.431953053369435,1,0,False,0,False,False,0.22794977163461372,0
default,1001,Silverstone,2022,RIC,37,0,stay_out,-3.6909690245094553,1,1,True,0,0,stay_out,-3.4807552023940733,1,0,True,0,False,False,0.21021382211538198,0
default,1001,Silverstone,2022,RIC,38,0,stay_out,-3.670926483218905,1,1,True,0,0,stay_out,-3.478448610622752,1,0,True,0,False,False,0.1924778725961529,0
default,1001,Silverstone,2022,RIC,39,0,stay_out,-3.692069721261909,1,1,True,0,0,stay_out,-3.517327798184989,1,0,True,0,False,False,0.17474192307691983,0
default,1001,Silverstone,2022,RIC,40,0,stay_out,-3.645839332140756,1,1,True,0,0,stay_out,-3.488833358583067,1,0,True,0,False,False,0.15700597355768897,0
default,1001,Silverstone,2022,RIC,41,0,stay_out,-0.3750391278040297,1,1,True,0,0,stay_out,-0.2718761470347999,1,0,True,0,False,False,0.1031629807692298,0
default,1001,Silverstone,2022,RIC,42,0,stay_out,-0.395214924300204,1,1,False,0,0,stay_out,-0.3051896839155901,1,0,False,0,False,False,0.0900252403846139,0
default,1001,Silverstone,2022,RIC,43,0,stay_out,-0.4065692438699344,1,1,False,0,0,stay_out,-0.329681743869935,1,0,False,0,False,False,0.07688749999999944,0
default,1001,Silverstone,2022,RIC,44,0,stay_out,-0.3975192069320187,1,1,False,0,0,stay_out,-0.3337694473166351,1,0,False,0,False,False,0.0637497596153836,0
default,1001,Silverstone,2022,RIC,45,0,stay_out,-0.3994171266130237,1,1,False,0,0,stay_out,-0.3488051073822561,1,0,False,0,False,False,0.05061201923076758,0
default,1001,Silverstone,2022,RIC,46,0,stay_out,-0.4200796570740082,1,1,False,0,0,stay_out,-0.3826053782278549,1,0,False,0,False,False,0.037474278846153286,0
default,1001,Silverstone,2022,RIC,47,0,stay_out,-0.4007100957888141,1,1,False,0,0,stay_out,-0.3763735573272768,1,0,False,0,False,False,0.024336538461537327,0
default,1001,Silverstone,2022,RIC,48,0,stay_out,-0.43229934047514,1,1,False,0,0,stay_out,-0.4211005423982172,1,0,False,0,False,False,0.011198798076922811,0
default,1001,Silverstone,2022,RIC,49,0,stay_out,-0.4220469176353319,1,1,False,0,0,stay_out,-0.4239858599430249,1,0,False,0,False,False,-0.0019389423076929813,0
default,1001,Silverstone,2022,RIC,50,0,stay_out,-125.45164986856692,1,1,False,0,0,stay_out,24.53327344874077,1,0,False,0,False,False,149.98492331730768,0
default,1002,Silverstone,2023,HAM,0,0,stay_out,0.0,1,1,False,0,0,stay_out,0.0,1,1,False,0,False,False,0.0,0
default,1002,Silverstone,2023,HAM,1,0,stay_out,0.0,1,1,False,0,0,stay_out,0.0,1,1,False,0,False,False,0.0,0
default,1002,Silverstone,2023,HAM,2,0,stay_out,0.0,1,1,False,0,0,stay_out,0.0,1,1,False,0,False,False,0.0,0
default,1002,Silverstone,2023,HAM,3,0,stay_out,-0.0349970784083595,1,1,False,0,0,stay_out,-0.0349970784083595,1,1,False,0,False,False,0.0,0
default,1002,Silverstone,2023,HAM,4,0,stay_out,-0.0323698879739282,1,1,False,0,0,stay_out,-0.0323698879739282,1,1,False,0,False,False,0.0,0
default,1002,Silverstone,2023,HAM,5,0,stay_out,0.0,1,1,False,0,0,stay_out,0.0,1,1,False,0,False,False,0.0,0
default,1002,Silverstone,2023,HAM,6,0,stay_out,-0.0383996412900657,1,1,False,0,0,stay_out,-0.0383996412900657,1,1,False,0,False,False,0.0,0
default,1002,Silverstone,2023,HAM,7,0,stay_out,-0.0125760925365824,1,1,False,0,0,stay_out,-0.0125760925365824,1,1,False,0,False,False,0.0,0
default,1002,Silverstone,2023,HAM,8,0,stay_out,-0.0070707249898447,1,1,False,0,0,stay_out,-0.0070707249898447,1,1,False,0,False,False,0.0,0
default,1002,Silverstone,2023,HAM,9,0,stay_out,-0.0327561448346983,1,1,False,0,0,stay_out,-0.0327561448346983,1,1,False,0,False,False,0.0,0
default,1002,Silverstone,2023,HAM,10,0,stay_out,-0.0107141963506265,1,1,False,0,0,stay_out,-0.0107141963506265,1,1,False,0,False,False,0.0,0
default,1002,Silverstone,2023,HAM,11,0,stay_out,0.0,1,1,False,0,0,stay_out,0.0,1,1,False,0,False,False,0.0,0
default,1002,Silverstone,2023,HAM,12,0,stay_out,-0.0130158230726195,1,1,False,0,0,stay_out,-0.0130158230726195,1,1,False,0,False,False,0.0,0
default,1002,Silverstone,2023,HAM,13,0,stay_out,-0.0281826509113841,1,1,False,0,0,stay_out,-0.0281826509113841,1,1,False,0,False,False,0.0,0
default,1002,Silverstone,2023,HAM,14,0,stay_out,-0.0363921399985002,1,1,False,0,1,pit_soft,-20.00643514980481,13,0,False,0,True,True,-19.970043009806307,12
default,1002,Silverstone,2023,HAM,15,0,stay_out,-0.0248143953255336,1,1,False,0,0,stay_out,1.088700999205912,12,0,False,0,False,False,1.1135153945314455,11
default,1002,Silverstone,2023,HAM,16,0,stay_out,-0.040013722025894,1,1,False,0,0,stay_out,0.1039016725055489,12,0,False,0,False,False,0.1439153945314429,11
default,1002,Silverstone,2023,HAM,17,0,stay_out,-0.0416031798853055,1,1,False,0,0,stay_out,1.003822756786714,11,0,False,0,False,False,1.0454259366720196,10
default,1002,Silverstone,2023,HAM,18,0,stay_out,-0.036386033039983,1,1,False,0,0,stay_out,1.0099570504773725,10,0,False,0,False,False,1.0463430835173555,9
default,1002,Silverstone,2023,HAM,19,0,stay_out,-0.0363524241279165,1,1,False,0,0,stay_out,0.0299242683014767,10,0,False,0,False,False,0.0662766924293932,9
default,1002,Silverstone,2023,HAM,20,0,stay_out,0.0,1,1,False,0,0,stay_out,1.0552301185156252,9,0,False,0,False,False,1.0552301185156252,8
default,1002,Silverstone,2023,HAM,21,0,stay_out,-0.0417464641660956,1,1,False,0,0,stay_out,1.000537190183472,8,0,False,0,False,False,1.0422836543495677,7
default,1002,Silverstone,2023,HAM,22,0,stay_out,-0.0234354631204055,1,1,False,0,0,stay_out,0.0449591922748226,8,0,False,0,False,False,0.0683946553952281,7
default,1002,Silverstone,2023,HAM,23,0,stay_out,-0.0140090669662797,1,1,False,0,0,stay_out,2.038311984583069,6,0,False,0,False,False,2.052321051549349,5
default,1002,Silverstone,2023,HAM,24,0,stay_out,-0.0363095886289599,1,1,False,0,0,stay_out,-0.0075275202807361,6,0,False,0,False,False,0.0287820683482238,5
default,1002,Silverstone,2023,HAM,25,0,stay_out,-0.0133265536631441,1,1,False,0,0,stay_out,1.0246385496508608,5,0,False,0,False,False,1.037965103314005,4
default,1002,Silverstone,2023,HAM,26,0,stay_out,-0.0409466977160107,1,1,False,0,0,stay_out,-0.0229017384548271,5,0,False,0,False,False,0.0180449592611836,4
default,1002,Silverstone,2023,HAM,27,0,stay_out,-0.075704837047111,1,1,False,0,0,stay_out,0.9204271149387196,4,0,False,0,False,False,0.9961319519858307,3
default,1002,Silverstone,2023,HAM,28,0,stay_out,-0.1358519984394391,1,1,False,0,0,stay_out,0.7603575415826526,3,0,False,0,False,False,0.8962095400220916,2
default,1002,Silverstone,2023,HAM,29,0,stay_out,-0.1156754252033493,1,1,False,0,0,stay_out,-0.1909662350221126,3,0,False,0,False,False,-0.07529080981876331,2
default,1002,Silverstone,2023,HAM,30,0,stay_out,-7.523035761390282,3,1,False,0,0,stay_out,-13.66814954240284,10,0,False,0,False,False,-6.145113781012559,7
default,1002,Silverstone,2023,HAM,31,3,pit_hard,-15.609441508760847,6,2,True,0,0,stay_out,-1.2244811542747105,7,0,True,0,True,True,14.384960354486136,1
default,1002,Silverstone,2023,HAM,32,0,stay_out,7.445225792315503,1,2,True,0,0,stay_out,5.281863665251708,4,0,True,0,False,False,-2.1633621270637944,3
default,1002,Silverstone,2023,HAM,33,0,stay_out,-3.274492787550912,1,2,True,0,0,stay_out,0.4536539999386675,1,0,True,0,False,False,3.7281467874895795,0
default,1002,Silverstone,2023,HAM,34,0,stay_out,-3.2432000519848674,1,2,True,0,0,stay_out,-3.3846125519848678,1,0,True,0,False,False,-0.14141250000000039,0
default,1002,Silverstone,2023,HAM,35,0,stay_out,-3.249514240877758,1,2,True,0,0,stay_out,-3.3868767408777587,1,0,True,0,False,False,-0.1373625000000005,0
default,1002,Silverstone,2023,HAM,36,0,stay_out,-3.2561178386828065,1,2,True,0,0,stay_out,-3.3894303386828057,1,0,True,0,False,False,-0.13331249999999928,0
default,1002,Silverstone,2023,HAM,37,0,stay_out,-0.1783802249306546,1,2,True,0,0,stay_out,-0.2731302249306537,1,0,True,0,False,False,-0.09474999999999908,0
default,1002,Silverstone,2023,HAM,38,0,stay_out,-0.181257567373423,1,2,False,0,0,stay_out,-0.2725652596811145,1,0,False,0,False,False,-0.09130769230769151,0
default,1002,Silverstone,2023,HAM,39,0,stay_out,-0.1666419302568442,1,2,False,0,0,stay_out,-0.253507314872229,1,0,False,0,False,False,-0.08686538461538479,0
default,1002,Silverstone,2023,HAM,40,0,stay_out,-0.1947077540958403,1,2,False,0,0,stay_out,-0.2761308310189165,1,0,False,0,False,False,-0.08142307692307621,0
default,1002,Silverstone,2023,HAM,41,0,stay_out,-0.1813803551143081,1,2,False,0,0,stay_out,-0.257361124345077,1,0,False,0,False,False,-0.07598076923076891,0
default,1002,Silverstone,2023,HAM,42,0,stay_out,-0.1994130249317976,1,2,False,0,0,stay_out,-0.2699514864702578,1,0,False,0,False,False,-0.07053846153846019,0
default,1002,Silverstone,2023,HAM,43,0,stay_out,-0.1861630780169036,1,2,False,0,0,stay_out,-0.2512592318630567,1,0,False,0,False,False,-0.06509615384615311,0
default,1002,Silverstone,2023,HAM,44,0,stay_out,-0.210231425299824,1,2,False,0,0,stay_out,-0.2698852714536685,1,0,False,0,False,False,-0.059653846153844475,0
default,1002,Silverstone,2023,HAM,45,0,stay_out,-0.2091263061288472,1,2,False,0,0,stay_out,-0.2633378445903858,1,0,False,0,False,False,-0.05421153846153859,0
default,1002,Silverstone,2023,HAM,46,0,stay_out,-0.2238897605399572,1,2,False,0,0,stay_out,-0.2726589913091871,1,0,False,0,False,False,-0.04876923076922987,0
default,1002,Silverstone,2023,HAM,47,0,stay_out,-0.223570230313328,1,2,False,0,0,stay_out,-0.2668971533902507,1,0,False,0,False,False,-0.04332692307692271,0
default,1002,Silverstone,2023,HAM,48,0,stay_out,-0.2260254663312707,1,2,False,0,0,stay_out,-0.2639100817158862,1,0,False,0,False,False,-0.03788461538461549,0
default,1002,Silverstone,2023,HAM,49,0,stay_out,-0.2557160893726077,1,2,False,0,0,stay_out,-0.2881583970649146,1,0,False,0,False,False,-0.03244230769230688,0
default,1002,Silverstone,2023,HAM,50,0,stay_out,24.76622372210048,1,2,False,0,0,stay_out,24.73922372210048,1,0,False,0,False,False,-0.027000000000001023,0
default,1003,Silverstone,2024,PIA,0,0,stay_out,0.0,1,1,False,0,0,stay_out,0.0,1,1,False,0,False,False,0.0,0
default,1003,Silverstone,2024,PIA,1,0,stay_out,-0.0154112718759876,1,1,False,0,0,stay_out,-0.0154112718759876,1,1,False,0,False,False,0.0,0
default,1003,Silverstone,2024,PIA,2,0,stay_out,-0.0206038392766672,1,1,False,0,0,stay_out,-0.0206038392766672,1,1,False,0,False,False,0.0,0
default,1003,Silverstone,2024,PIA,3,0,stay_out,-0.0436737858605582,1,1,False,0,0,stay_out,-0.0436737858605582,1,1,False,0,False,False,0.0,0
default,1003,Silverstone,2024,PIA,4,0,stay_out,-0.0436636598265735,1,1,False,0,0,stay_out,-0.0436636598265735,1,1,False,0,False,False,0.0,0
default,1003,Silverstone,2024,PIA,5,0,stay_out,-0.0298627807894305,1,1,False,0,0,stay_out,-0.0298627807894305,1,1,False,0,False,False,0.0,0
default,1003,Silverstone,2024,PIA,6,0,stay_out,-0.0296918532602049,1,1,False,0,0,stay_out,-0.0296918532602049,1,1,False,0,False,False,0.0,0
default,1003,Silverstone,2024,PIA,7,0,stay_out,-0.0298326135812473,1,1,False,0,0,stay_out,-0.0298326135812473,1,1,False,0,False,False,0.0,0
default,1003,Silverstone,2024,PIA,8,0,stay_out,-0.0454742873447017,1,1,False,0,0,stay_out,-0.0454742873447017,1,1,False,0,False,False,0.0,0
default,1003,Silverstone,2024,PIA,9,0,stay_out,-0.034783543413323,1,1,False,0,0,stay_out,-0.034783543413323,1,1,False,0,False,False,0.0,0
default,1003,Silverstone,2024,PIA,10,0,stay_out,-0.0247416606597354,1,1,False,0,0,stay_out,-0.0247416606597354,1,1,False,0,False,False,0.0,0
default,1003,Silverstone,2024,PIA,11,0,stay_out,-0.0780753698657022,1,1,False,0,0,stay_out,-0.0780753698657022,1,1,False,0,False,False,0.0,0
default,1003,Silverstone,2024,PIA,12,1,pit_soft,-11.504387618610796,6,0,False,0,0,stay_out,-0.0582508976138967,1,1,False,0,True,True,11.446136720996899,-5
default,1003,Silverstone,2024,PIA,13,0,stay_out,0.1428086718437725,6,0,False,0,0,stay_out,-0.0218320864939244,1,1,False,0,False,False,-0.1646407583376969,-5
default,1003,Silverstone,2024,PIA,14,0,stay_out,1.0220909822813966,5,0,False,0,0,stay_out,-0.1150024697366419,1,1,False,0,False,False,-1.1370934520180385,-4
default,1003,Silverstone,2024,PIA,15,0,stay_out,0.3879929255137824,5,0,False,0,0,stay_out,-0.3283322673512188,1,1,False,0,False,False,-0.7163251928650012,-4
default,1003,Silverstone,2024,PIA,16,0,stay_out,1.4538744405921604,4,0,False,0,1,pit_soft,-8.71816028298877,4,0,False,0,True,True,-10.17203472358093,0
default,1003,Silverstone,2024,PIA,17,0,stay_out,3.249413502250364,1,0,False,0,0,stay_out,3.712036971312004,1,0,False,0,False,False,0.46262346906164,0
default,1003,Silverstone,2024,PIA,18,0,stay_out,-0.0063579847444657,1,0,False,0,0,stay_out,0.0,1,0,False,0,False,False,0.0063579847444657,0
default,1003,Silverstone,2024,PIA,19,0,stay_out,-0.0424900948227644,1,0,False,0,0,stay_out,-0.0361321100782987,1,0,False,0,False,False,0.0063579847444656945,0
default,1003,Silverstone,2024,PIA,20,0,stay_out,-0.0020822178221862,1,0,False,0,0,stay_out,0.0,1,0,False,0,False,False,0.0020822178221862,0
default,1003,Silverstone,2024,PIA,21,0,stay_out,-0.0436747909627698,1,0,False,0,0,stay_out,-0.0415925731405835,1,0,False,0,False,False,0.0020822178221863025,0
default,1003,Silverstone,2024,PIA,22,0,stay_out,-0.000436767823858,1,0,False,0,0,stay_out,0.0,1,0,False,0,False,False,0.000436767823858,0
default,1003,Silverstone,2024,PIA,23,0,stay_out,-0.0182265252409067,1,0,False,0,0,stay_out,-0.0119974497247412,1,0,False,0,False,False,0.0062290755161655015,0
default,1003,Silverstone,2024,PIA,24,0,stay_out,-0.0633172827379326,1,0,False,0,0,stay_out,-0.0329728226063821,1,0,False,0,False,False,0.030344460131550503,0
default,1003,Silverstone,2024,PIA,25,0,stay_out,-1.612156204970835,1,0,False,0,0,stay_out,-1.5327002063777455,1,0,False,0,False,False,0.07945599859308938,0
default,1003,Silverstone,2024,PIA,26,0,stay_out,-1.6574279497376825,1,0,False,1,0,stay_out,-1.5275565665292092,1,0,False,1,False,False,0.12987138320847325,0
default,1003,Silverstone,2024,PIA,27,0,stay_out,-1.677122064404496,1,0,False,1,0,stay_out,-1.543583373503715,1,0,False,1,False,False,0.13353869090078097,0
default,1003,Silverstone,2024,PIA,28,0,stay_out,-1.686468470704314,1,0,False,1,0,stay_out,-1.5675855490343027,1,0,False,1,False,False,0.11888292167001135,0
default,1003,Silverstone,2024,PIA,29,0,stay_out,-1.6893360402295785,1,0,False,1,0,stay_out,-1.61010504163649,1,0,False,1,False,False,0.07923099859308858,0
default,1003,Silverstone,2024,PIA,30,0,stay_out,-1.7084355757121372,1,0,False,1,0,stay_out,-1.6701603463498174,1,0,False,1,False,False,0.03827522936231986,0
default,1003,Silverstone,2024,PIA,31,0,stay_out,-1.7205193688026823,1,0,False,1,0,stay_out,-1.6822441394403629,1,0,False,1,False,False,0.03827522936231942,0
default,1003,Silverstone,2024,PIA,32,0,stay_out,-1.7126345442059518,1,0,False,1,0,stay_out,-1.674359314843632,1,0,False,1,False,False,0.03827522936231986,0
default,1003,Silverstone,2024,PIA,33,0,stay_out,-1.7091731395490584,1,0,False,1,0,stay_out,-1.6708979101867385,1,0,False,1,False,False,0.03827522936231986,0
default,1003,Silverstone,2024,PIA,34,0,stay_out,-1.728927087684474,1,0,False,1,0,stay_out,-1.690651858322154,1,0,False,1,False,False,0.038275229362320085,0
default,1003,Silverstone,2024,PIA,35,0,stay_out,-2.8014220259091047,2,0,False,1,0,stay_out,-1.683316653080961,1,0,False,1,False,False,1.1181053728281438,-1
default,1003,Silverstone,2024,PIA,36,0,stay_out,-4.8304508425818895,4,0,False,1,0,stay_out,-4.281715585745178,3,0,False,1,False,False,0.5487352568367116,-1
default,1003,Silverstone,2024,PIA,37,0,stay_out,2.1355302180340474,2,0,False,1,0,stay_out,1.2116439089348343,2,0,False,1,False,False,-0.9238863090992131,0
default,1003,Silverstone,2024,PIA,38,0,stay_out,1.3980883045940176,1,0,False,0,0,stay_out,0.8177981336537953,1,0,False,0,False,False,-0.5802901709402223,0
default,1003,Silverstone,2024,PIA,39,0,stay_out,-0.3241942495907324,1,0,False,0,0,stay_out,-0.2863557880522706,1,0,False,0,False,False,0.03783846153846182,0
default,1003,Silverstone,2024,PIA,40,0,stay_out,-0.3744837900095746,1,0,False,0,0,stay_out,-0.3366453284711141,1,0,False,0,False,False,0.03783846153846049,0
default,1003,Silverstone,2024,PIA,41,0,stay_out,-0.3937559996282858,1,0,False,0,0,stay_out,-0.3559175380898253,1,0,False,0,False,False,0.03783846153846049,0
default,1003,Silverstone,2024,PIA,42,0,stay_out,-1.488863520344213,2,0,False,0,0,stay_out,-0.3642381474204555,1,0,False,0,False,False,1.1246253729237576,-1
default,1003,Silverstone,2024,PIA,43,0,stay_out,-2.893304778006998,4,0,False,0,0,stay_out,-0.3754639274650444,1,0,False,0,False,False,2.517840850541954,-3
default,1003,Silverstone,2024,PIA,44,0,stay_out,-0.8942408310361374,4,0,False,0,0,stay_out,-1.4201938066385196,2,0,False,0,False,False,-0.5259529756023822,-2
default,1003,Silverstone,2024,PIA,45,0,stay_out,-0.8497961589511391,4,0,False,0,0,stay_out,-2.87411923587421,4,0,False,0,False,False,-2.0243230769230705,0
default,1003,Silverstone,2024,PIA,46,0,stay_out,-0.8982024101763543,4,0,False,0,0,stay_out,-0.9225254870994248,4,0,False,0,False,False,-0.024323076923070563,0
default,1003,Silverstone,2024,PIA,47,0,stay_out,-0.8995453391495403,4,0,False,0,0,stay_out,-0.823868416072611,4,0,False,0,False,False,0.0756769230769293,0
default,1003,Silverstone,2024,PIA,48,0,stay_out,-0.9012788160170984,4,0,False,0,0,stay_out,-0.8256018929401692,4,0,False,0,False,False,0.07567692307692919,0
default,1003,Silverstone,2024,PIA,49,0,stay_out,-0.9941766525871232,4,0,False,0,0,stay_out,-0.9184997295101938,4,0,False,0,False,False,0.07567692307692941,0
default,1003,Silverstone,2024,PIA,50,0,stay_out,11.025900634177336,4,0,False,0,0,stay_out,11.101577557254265,4,0,False,0,False,False,0.0756769230769283,0
default,1004,Monaco,2022,LEC,0,0,stay_out,-2.0552904389890485,1,4,True,2,0,stay_out,-2.0552904389890485,1,4,True,2,False,False,0.0,0
default,1004,Monaco,2022,LEC,1,0,stay_out,-0.0846437702043147,1,4,True,2,0,stay_out,-0.0846437702043147,1,4,True,2,False,False,0.0,0
default,1004,Monaco,2022,LEC,2,0,stay_out,-0.2828399861351343,1,4,False,2,0,stay_out,-0.2828399861351343,1,4,False,2,False,False,0.0,0
default,1004,Monaco,2022,LEC,3,0,stay_out,-0.4876740154350572,1,4,False,2,0,stay_out,-0.4876740154350572,1,4,False,2,False,False,0.0,0
default,1004,Monaco,2022,LEC,4,0,stay_out,-0.6129768265092338,1,4,False,2,0,stay_out,-0.6129768265092338,1,4,False,2,False,False,0.0,0
default,1004,Monaco,2022,LEC,5,0,stay_out,-1.871414499027705,2,4,False,2,0,stay_out,-1.871414499027705,2,4,False,2,False,False,0.0,0
default,1004,Monaco,2022,LEC,6,0,stay_out,-3.4919272355585065,4,4,False,2,0,stay_out,-3.4919272355585065,4,4,False,2,False,False,0.0,0
default,1004,Monaco,2022,LEC,7,0,stay_out,-3.446764737795449,6,4,False,2,0,stay_out,-3.446764737795449,6,4,False,2,False,False,0.0,0
default,1004,Monaco,2022,LEC,8,0,stay_out,-3.559506178576015,8,4,False,2,0,stay_out,-3.559506178576015,8,4,False,2,False,False,0.0,0
default,1004,Monaco,2022,LEC,9,0,stay_out,-1.7323782447370475,8,4,False,2,0,stay_out,-1.7323782447370475,8,4,False,2,False,False,0.0,0
default,1004,Monaco,2022,LEC,10,0,stay_out,-2.8673238991333947,9,4,False,2,0,stay_out,-2.8673238991333947,9,4,False,2,False,False,0.0,0
default,1004,Monaco,2022,LEC,11,0,stay_out,-4.1665073868116025,11,4,False,2,0,stay_out,-4.1665073868116025,11,4,False,2,False,False,0.0,0
default,1004,Monaco,2022,LEC,12,0,stay_out,-5.515701993142587,14,4,False,2,0,stay_out,-5.515701993142587,14,4,False,2,False,False,0.0,0
default,1004,Monaco,2022,LEC,13,0,stay_out,-6.619616790802696,18,4,False,2,0,stay_out,-6.619616790802696,18,4,False,2,False,False,0.0,0
default,1004,Monaco,2022,LEC,14,0,stay_out,-3.595423112392369,19,4,False,2,0,stay_out,-3.595423112392369,19,4,False,2,False,False,0.0,0
default,1004,Monaco,2022,LEC,15,0,stay_out,-1.746374752095092,18,4,False,2,0,stay_out,-1.746374752095092,18,4,False,2,False,False,0.0,0
default,1004,Monaco,2022,LEC,16,0,stay_out,-4.2701316875121655,19,4,False,2,0,stay_out,-4.2701316875121655,19,4,False,2,False,False,0.0,0
default,1004,Monaco,2022,LEC,17,0,stay_out,-3.374080740178266,19,4,False,2,0,stay_out,-3.374080740178266,19,4,False,2,False,False,0.0,0
default,1004,Monaco,2022,LEC,18,0,stay_out,-2.3623123569651243,18,4,False,2,0,stay_out,-2.3623123569651243,18,4,False,2,False,False,0.0,0
default,1004,Monaco,2022,LEC,19,0,stay_out,-4.009244670358219,18,4,False,2,0,stay_out,-4.009244670358219,18,4,False,2,False,False,0.0,0
default,1004,Monaco,2022,LEC,20,0,stay_out,-2.9521284113778,18,4,False,1,0,stay_out,-2.9521284113778,18,4,False,1,False,False,0.0,0
default,1004,Monaco,2022,LEC,21,0,stay_out,-7.017317624542217,18,4,False,1,0,stay_out,-7.017317624542217,18,4,False,1,False,False,0.0,0
default,1004,Monaco,2022,LEC,22,2,pit_medium,-8.34631044281254,18,1,False,0,1,pit_soft,-7.626377109479222,18,0,False,0,True,False,0.7199333333333175,0
default,1004,Monaco,2022,LEC,23,0,stay_out,-4.227597732677831,17,1,False,0,0,stay_out,-3.258387732677821,17,0,False,0,False,False,0.9692100000000097,0
default,1004,Monaco,2022,LEC,24,0,stay_out,-5.053404729631593,17,1,True,0,0,stay_out,-4.086894729631585,17,0,True,0,False,False,0.9665100000000075,0
default,1004,Monaco,2022,LEC,25,0,stay_out,-1.6264202248578017,17,1,True,0,0,stay_out,-0.662610224857795,17,0,True,0,False,False,0.9638100000000067,0
default,1004,Monaco,2022,LEC,26,0,stay_out,-0.6671857468825704,17,1,True,0,0,stay_out,0.2939242531173862,17,0,True,0,False,False,0.9611099999999566,0
default,1004,Monaco,2022,LEC,27,0,stay_out,3.4335801656238942,12,1,True,0,0,stay_out,4.391990165623896,12,0,True,0,False,False,0.9584100000000015,0
default,1004,Monaco,2022,LEC,28,0,stay_out,32.00232075243246,1,1,True,0,0,stay_out,29.70933408576582,1,0,True,0,False,False,-2.292986666666639,0
default,1004,Monaco,2022,LEC,29,0,stay_out,0.0,1,1,True,0,0,stay_out,0.0,1,0,True,0,False,False,0.0,0
default,1004,Monaco,2022,LEC,30,0,stay_out,-0.0197125606170317,1,1,False,0,0,stay_out,-0.0237125606170309,1,0,False,0,False,False,-0.003999999999999199,0
default,1004,Monaco,2022,LEC,31,0,stay_out,-0.0213159831094074,1,1,False,0,0,stay_out,-0.0303159831094063,1,0,False,0,False,False,-0.008999999999998901,0
default,1004,Monaco,2022,LEC,32,0,stay_out,-0.0279787100704396,1,1,False,0,0,stay_out,-0.0419787100704382,1,0,False,0,False,False,-0.0139999999999986,0
default,1004,Monaco,2022,LEC,33,0,stay_out,-0.1373009354096794,1,1,False,0,0,stay_out,-0.0586120235641729,1,0,False,0,False,False,0.07868891184550648,0
default,1004,Monaco,2022,LEC,34,0,stay_out,-0.1595133261034846,1,1,False,0,0,stay_out,-0.0581244142579777,1,0,False,0,False,False,0.10138891184550688,0
default,1004,Monaco,2022,LEC,35,0,stay_out,-0.2594593845497485,1,1,False,0,0,stay_out,-0.0945704727042425,1,0,False,0,False,False,0.16488891184550597,0
default,1004,Monaco,2022,LEC,36,0,stay_out,-0.3752478094299434,1,1,False,0,0,stay_out,-0.1084588975844369,1,0,False,0,False,False,0.2667889118455065,0
default,1004,Monaco,2022,LEC,37,1,pit_soft,-4.896732445914408,1,0,False,0,0,stay_out,-0.0988102007355678,1,0,False,0,True,True,4.79792224517884,0
default,1004,Monaco,2022,LEC,38,0,stay_out,0.0,1,0,False,0,0,stay_out,-0.1245671343688314,1,0,False,0,False,False,-0.1245671343688314,0
default,1004,Monaco,2022,LEC,39,0,stay_out,-0.0138992016953309,1,0,False,0,0,stay_out,-0.1694663360641641,1,0,False,0,False,False,-0.1555671343688332,0
default,1004,Monaco,2022,LEC,40,0,stay_out,0.0,1,0,False,0,0,stay_out,-0.1628735365963507,1,0,False,0,False,False,-0.1628735365963507,0
default,1004,Monaco,2022,LEC,41,0,stay_out,-0.0551149238649813,1,0,False,0,0,stay_out,-0.2269884604613324,1,0,False,0,False,False,-0.1718735365963511,0
default,1004,Monaco,2022,LEC,42,0,stay_out,-0.0343265483832894,1,0,False,0,0,stay_out,-0.2142000849796403,1,0,False,0,False,False,-0.1798735365963509,0
default,1004,Monaco,2022,LEC,43,0,stay_out,-0.0311735781823543,1,0,False,0,0,stay_out,-0.2170471147787054,1,0,False,0,False,False,-0.18587353659635109,0
default,1004,Monaco,2022,LEC,44,0,stay_out,-0.047934620549384,1,0,False,0,0,stay_out,-0.2610081571457357,1,0,False,0,False,False,-0.21307353659635173,0
default,1004,Monaco,2022,LEC,45,0,stay_out,-0.0602384689775675,1,0,False,0,0,stay_out,-0.2753120055739188,1,0,False,0,False,False,-0.2150735365963513,0
default,1004,Monaco,2022,LEC,46,0,stay_out,-0.0879562448444772,1,0,False,0,0,stay_out,-0.3030297814408286,1,0,False,0,False,False,-0.2150735365963514,0
default,1004,Monaco,2022,LEC,47,0,stay_out,-0.095669263852136,1,0,False,0,0,stay_out,-0.3107428004484873,1,0,False,0,False,False,-0.21507353659635128,0
default,1004,Monaco,2022,LEC,48,0,stay_out,-0.1103005395208029,1,0,False,0,0,stay_out,-0.3353005395208029,1,0,False,0,False,False,-0.225,0
default,1004,Monaco,2022,LEC,49,0,stay_out,-0.1566014403953659,1,0,False,0,0,stay_out,-0.3816014403953659,1,0,False,0,False,False,-0.22500000000000003,0
default,1004,Monaco,2022,LEC,50,0,stay_out,-0.1285583388976803,1,0,False,0,0,stay_out,-0.3535583388976804,1,0,False,0,False,False,-0.2250000000000001,0
default,1004,Monaco,2022,LEC,51,0,stay_out,-0.1829341711274267,1,0,False,0,0,stay_out,-0.4079341711274267,1,0,False,0,False,False,-0.225,0
default,1004,Monaco,2022,LEC,52,0,stay_out,-0.2080251814581345,1,0,False,0,0,stay_out,-0.4330251814581345,1,0,False,0,False,False,-0.225,0
default,1004,Monaco,2022,LEC,53,0,stay_out,-0.3410436755454853,1,0,False,0,0,stay_out,-0.5660436755454853,1,0,False,0,False,False,-0.22499999999999998,0
default,1004,Monaco,2022,LEC,54,0,stay_out,-0.3035875289532498,1,0,False,0,0,stay_out,-0.5285875289532499,1,0,False,0,False,False,-0.2250000000000001,0
default,1004,Monaco,2022,LEC,55,0,stay_out,-0.3250306360610651,1,0,False,0,0,stay_out,-0.5500306360610651,1,0,False,0,False,False,-0.22499999999999998,0
default,1004,Monaco,2022,LEC,56,0,stay_out,-0.3582265318313787,1,0,False,0,0,stay_out,-0.5832265318313787,1,0,False,0,False,False,-0.22500000000000003,0
default,1004,Monaco,2022,LEC,57,0,stay_out,-0.3838866720301453,1,0,False,0,0,stay_out,-0.6088866720301453,1,0,False,0,False,False,-0.22500000000000003,0
default,1004,Monaco,2022,LEC,58,0,stay_out,-0.3737364153142352,1,0,False,0,0,stay_out,-0.5987364153142352,1,0,False,0,False,False,-0.22499999999999998,0
default,1004,Monaco,2022,LEC,59,0,stay_out,-0.4180130264510595,1,0,False,0,0,stay_out,-0.6430130264510595,1,0,False,0,False,False,-0.22500000000000003,0
default,1004,Monaco,2022,LEC,60,0,stay_out,-0.4145874406229097,1,0,False,0,0,stay_out,-0.6395874406229098,1,0,False,0,False,False,-0.22500000000000014,0
default,1004,Monaco,2022,LEC,61,0,stay_out,-0.4481458659330158,1,0,False,0,0,stay_out,-0.6731458659330158,1,0,False,0,False,False,-0.22500000000000003,0
default,1004,Monaco,2022,LEC,62,0,stay_out,24.55202074386317,1,0,False,0,0,stay_out,24.327020743863176,1,0,False,0,False,False,-0.22499999999999432,0
default,1005,Monaco,2023,ALO,0,0,stay_out,0.0,1,2,False,0,0,stay_out,0.0,1,2,False,0,False,False,0.0,0
default,1005,Monaco,2023,ALO,1,0,stay_out,-0.0177943330378383,1,2,False,0,0,stay_out,-0.0177943330378383,1,2,False,0,False,False,0.0,0
default,1005,Monaco,2023,ALO,2,0,stay_out,-0.0354971602139471,1,2,False,0,0,stay_out,-0.0354971602139471,1,2,False,0,False,False,0.0,0
default,1005,Monaco,2023,ALO,3,0,stay_out,-0.0225306919193371,1,2,False,0,0,stay_out,-0.0225306919193371,1,2,False,0,False,False,0.0,0
default,1005,Monaco,2023,ALO,4,0,stay_out,-0.0241129497559839,1,2,False,0,0,stay_out,-0.0241129497559839,1,2,False,0,False,False,0.0,0
default,1005,Monaco,2023,ALO,5,0,stay_out,-0.0614233217957277,1,2,False,0,0,stay_out,-0.0614233217957277,1,2,False,0,False,False,0.0,0
default,1005,Monaco,2023,ALO,6,0,stay_out,-0.0018378399141923,1,2,False,0,0,stay_out,-0.0018378399141923,1,2,False,0,False,False,0.0,0
default,1005,Monaco,2023,ALO,7,0,stay_out,-0.0224172891059566,1,2,False,0,0,stay_out,-0.0224172891059566,1,2,False,0,False,False,0.0,0
default,1005,Monaco,2023,ALO,8,2,pit_medium,-15.152615487543793,9,1,False,0,0,stay_out,-0.0443772752854627,1,2,False,0,True,True,15.10823821225833,-8
default,1005,Monaco,2023,ALO,9,0,stay_out,1.0483256274991122,8,1,False,0,0,stay_out,-0.0242121862504447,1,2,False,0,False,False,-1.072537813749557,-7
default,1005,Monaco,2023,ALO,10,0,stay_out,1.0350814318456032,7,1,False,0,0,stay_out,-0.1681560789489921,1,2,False,0,False,False,-1.2032375107945952,-6
default,1005,Monaco,2023,ALO,11,0,stay_out,1.1090070984337188,6,1,False,0,1,pit_soft,-14.44709937902408,8,0,False,0,True,True,-15.556106477457798,2
default,1005,Monaco,2023,ALO,12,0,stay_out,2.0669738204734887,4,1,False,0,0,stay_out,-0.2939761795265141,8,0,False,0,False,False,-2.3609500000000025,4
default,1005,Monaco,2023,ALO,13,0,stay_out,0.9646196397424404,3,1,False,0,0,stay_out,-0.3923303602575629,8,0,False,0,False,False,-1.3569500000000032,5
default,1005,Monaco,2023,ALO,14,0,stay_out,0.9099120599014668,2,1,False,0,0,stay_out,-0.4430379400985401,8,0,False,0,False,False,-1.352950000000007,6
default,1005,Monaco,2023,ALO,15,0,stay_out,0.0383073247602126,2,1,False,0,0,stay_out,-0.4106426752397965,8,0,False,0,False,False,-0.44895000000000906,6
default,1005,Monaco,2023,ALO,16,0,stay_out,0.0358703570788932,2,1,False,0,0,stay_out,-0.3890796429211036,8,0,False,0,False,False,-0.4249499999999968,6
default,1005,Monaco,2023,ALO,17,0,stay_out,0.0515807350504104,2,1,False,0,0,stay_out,-0.3713692649495869,8,0,False,0,False,False,-0.4229499999999973,6
default,1005,Monaco,2023,ALO,18,0,stay_out,0.0301025490085791,2,1,False,0,0,stay_out,-0.3948474509914177,8,0,False,0,False,False,-0.42494999999999683,6
default,1005,Monaco,2023,ALO,19,0,stay_out,-0.0443519680612524,2,1,False,0,0,stay_out,-0.4753019680612468,8,0,False,0,False,False,-0.4309499999999944,6
default,1005,Monaco,2023,ALO,20,0,stay_out,-0.0140737384636153,2,1,False,0,0,stay_out,-0.4550237384636276,8,0,False,0,False,False,-0.4409500000000123,6
default,1005,Monaco,2023,ALO,21,0,stay_out,-0.1102942160669471,2,1,False,0,0,stay_out,-0.4812442160669448,8,0,False,0,False,False,-0.37094999999999767,6
default,1005,Monaco,2023,ALO,22,0,stay_out,-0.0832929581576621,2,1,False,0,0,stay_out,-0.4642429581576778,8,0,False,0,False,False,-0.38095000000001566,6
default,1005,Monaco,2023,ALO,23,0,stay_out,-0.120810904976706,2,1,False,0,0,stay_out,-0.5117609049767182,8,0,False,0,False,False,-0.39095000000001223,6
default,1005,Monaco,2023,ALO,24,0,stay_out,-0.1114552645964224,2,1,False,0,0,stay_out,-0.5124052645964071,8,0,False,0,False,False,-0.4009499999999847,6
default,1005,Monaco,2023,ALO,25,0,stay_out,-0.1326061664025218,2,1,False,0,0,stay_out,-0.5435561664025244,8,0,False,0,False,False,-0.4109500000000026,6
default,1005,Monaco,2023,ALO,26,0,stay_out,-0.0734577413726242,2,1,False,0,0,stay_out,-0.494407741372622,8,0,False,0,False,False,-0.4209499999999978,6
default,1005,Monaco,2023,ALO,27,0,stay_out,-0.0595331758422915,2,1,False,0,0,stay_out,-0.4904831758423072,8,0,False,0,False,False,-0.4309500000000157,6
default,1005,Monaco,2023,ALO,28,0,stay_out,-0.0550562857682379,2,1,False,0,0,stay_out,-0.4960062857682729,8,0,False,0,False,False,-0.440950000000035,6
default,1005,Monaco,2023,ALO,29,0,stay_out,-0.0829044723203324,2,1,False,0,0,stay_out,-1.53385447232034,9,0,False,0,False,False,-1.4509500000000075,7
default,1005,Monaco,2023,ALO,30,0,stay_out,-0.072836897064225,2,1,False,0,0,stay_out,-0.6337868970642504,9,0,False,0,False,False,-0.5609500000000254,7
default,1005,Monaco,2023,ALO,31,0,stay_out,-0.1250941772276164,2,1,False,0,0,stay_out,-1.6760441772275785,10,0,False,0,False,False,-1.550949999999962,8
default,1005,Monaco,2023,ALO,32,0,stay_out,-0.2302306703886103,2,1,False,0,0,stay_out,-0.8111806703885804,10,0,False,0,False,False,-0.5809499999999701,8
default,1005,Monaco,2023,ALO,33,0,stay_out,-0.2515459554805716,2,1,False,0,0,stay_out,-0.742495955480561,10,0,False,0,False,False,-0.4909499999999894,8
default,1005,Monaco,2023,ALO,34,0,stay_out,-0.3118801389723345,2,1,False,0,0,stay_out,-1.812830138972342,11,0,False,0,False,False,-1.5009500000000076,9
default,1005,Monaco,2023,ALO,35,0,stay_out,-0.4112116608495256,2,1,False,0,0,stay_out,-1.0021616608495152,11,0,False,0,False,False,-0.5909499999999897,9
default,1005,Monaco,2023,ALO,36,0,stay_out,-0.4522789763913565,2,1,False,0,0,stay_out,-0.9732289763913542,11,0,False,0,False,False,-0.5209499999999977,9
default,1005,Monaco,2023,ALO,37,0,stay_out,-0.3900376631411049,2,1,False,0,0,stay_out,-0.9209876631411206,11,0,False,0,False,False,-0.5309500000000157,9
default,1005,Monaco,2023,ALO,38,0,stay_out,-0.4494645937347144,2,1,False,0,0,stay_out,-0.990414593734704,11,0,False,0,False,False,-0.5409499999999896,9
default,1005,Monaco,2023,ALO,39,0,stay_out,-0.4316369416966381,2,1,False,0,0,stay_out,-0.9825869416966456,11,0,False,0,False,False,-0.5509500000000076,9
default,1005,Monaco,2023,ALO,40,0,stay_out,-0.5140031173954853,2,1,False,0,0,stay_out,-2.074953117395465,12,0,False,0,False,False,-1.5609499999999799,10
default,1005,Monaco,2023,ALO,41,0,stay_out,-0.5389083795880893,2,1,False,0,0,stay_out,-3.1898583795880966,14,0,False,0,False,False,-2.650950000000007,12
default,1005,Monaco,2023,ALO,42,0,stay_out,-0.5582861888611035,2,1,False,0,0,stay_out,-4.239236188861119,17,0,False,0,False,False,-3.6809500000000153,15
default,1005,Monaco,2023,ALO,43,0,stay_out,-0.5843633148086526,2,1,False,0,0,stay_out,-2.275313314808642,18,0,False,0,False,False,-1.6909499999999893,16
default,1005,Monaco,2023,ALO,44,0,stay_out,-0.5846367332245436,2,1,False,0,0,stay_out,-2.185586733224551,19,0,False,0,False,False,-1.6009500000000076,17
default,1005,Monaco,2023,ALO,45,1,pit_soft,-17.50417783501527,10,0,False,0,0,stay_out,-1.3329943685315486,19,0,False,0,True,True,16.171183466483722,9
default,1005,Monaco,2023,ALO,46,0,stay_out,-0.382302687735762,10,0,False,0,0,stay_out,-1.2223026877357426,19,0,False,0,False,False,-0.8399999999999805,9
default,1005,Monaco,2023,ALO,47,0,stay_out,-0.3876143044904339,10,0,False,0,0,stay_out,-1.2496143044904289,19,0,False,0,False,False,-0.861999999999995,9
default,1005,Monaco,2023,ALO,48,0,stay_out,0.7265843413039619,9,0,False,0,0,stay_out,-1.235415658696033,19,0,False,0,False,False,-1.9619999999999949,10
default,1005,Monaco,2023,ALO,49,0,stay_out,-0.2871404807008915,9,0,False,0,0,stay_out,-1.2671404807009,19,0,False,0,False,False,-0.9800000000000084,10
default,1005,Monaco,2023,ALO,50,0,stay_out,1.2328663710525931,8,0,False,0,0,stay_out,4.316866371052647,14,0,False,0,False,False,3.0840000000000543,6
default,1005,Monaco,2023,ALO,51,0,stay_out,0.889041727028848,8,0,False,0,0,stay_out,1.8810417270288524,12,0,False,0,False,False,0.9920000000000044,4
default,1005,Monaco,2023,ALO,52,0,stay_out,2.8041976931334665,4,0,False,0,0,stay_out,-0.311802306866527,10,0,False,0,False,False,-3.1159999999999934,6
default,1005,Monaco,2023,ALO,53,0,stay_out,3.904369094994342,2,0,False,1,0,stay_out,1.8043690949943407,9,0,False,1,False,False,-2.1000000000000014,7
default,1005,Monaco,2023,ALO,54,0,stay_out,-0.5247208175566753,2,0,False,1,0,stay_out,-1.5447208175567115,9,0,False,1,False,False,-1.0200000000000362,7
default,1005,Monaco,2023,ALO,55,0,stay_out,-0.2857656554451269,1,0,False,1,0,stay_out,-1.8422097569357063,9,0,False,1,False,False,-1.5564441014905794,8
default,1005,Monaco,2023,ALO,56,0,stay_out,-1.844243814548584,1,0,False,1,0,stay_out,-1.0726876290971932,8,0,False,1,False,False,0.7715561854513908,7
default,1005,Monaco,2023,ALO,57,0,stay_out,-1.830291542831094,1,0,False,1,0,stay_out,-1.8664830856622048,8,0,False,1,False,False,-0.03619154283111081,7
default,1005,Monaco,2023,ALO,58,0,stay_out,-1.8476421814459216,1,0,False,1,0,stay_out,-2.1262843628918437,8,0,False,1,False,False,-0.2786421814459221,7
default,1005,Monaco,2023,ALO,59,0,stay_out,-1.8677114090524327,1,0,False,1,0,stay_out,-2.240722818104865,8,0,False,1,False,False,-0.37301140905243235,7
default,1005,Monaco,2023,ALO,60,0,stay_out,-1.8937825820594696,1,0,False,1,0,stay_out,-2.4453651641189067,8,0,False,1,False,False,-0.5515825820594371,7
default,1005,Monaco,2023,ALO,61,0,stay_out,-1.9053312074401465,1,0,False,1,0,stay_out,-2.4346624148803,8,0,False,1,False,False,-0.5293312074401537,7
default,1005,Monaco,2023,ALO,62,0,stay_out,-1.9273766201806724,1,0,False,1,0,stay_out,-2.603353240361426,8,0,False,1,False,False,-0.6759766201807538,7
default,1005,Monaco,2023,ALO,63,0,stay_out,-1.939951249989201,1,0,False,1,0,stay_out,-2.7489024999784064,8,0,False,1,False,False,-0.8089512499892053,7
default,1005,Monaco,2023,ALO,64,0,stay_out,-1.9641707473777303,1,0,False,1,0,stay_out,-3.109841494755483,8,0,False,1,False,False,-1.1456707473777528,7
default,1005,Monaco,2023,ALO,65,0,stay_out,-1.952154440783049,1,0,False,1,0,stay_out,-3.1972088815660555,8,0,False,1,False,False,-1.2450544407830066,7
default,1005,Monaco,2023,ALO,66,0,stay_out,-1.974122779073052,1,0,False,1,0,stay_out,-4.167345558146145,9,0,False,1,False,False,-2.1932227790730936,8
default,1005,Monaco,2023,ALO,67,0,stay_out,-1.9858557145929467,1,0,False,1,0,stay_out,-5.39601142918593,11,0,False,1,False,False,-3.4101557145929835,10
default,1005,Monaco,2023,ALO,68,0,stay_out,-2.015213627202108,1,0,False,1,0,stay_out,-3.5710272544042425,11,0,False,1,False,False,-1.5558136272021343,10
default,1005,Monaco,2023,ALO,69,0,stay_out,-2.0076796340564216,1,0,False,1,0,stay_out,-3.564059268112814,11,0,False,1,False,False,-1.5563796340563925,10
default,1005,Monaco,2023,ALO,70,0,stay_out,-2.040216117755324,1,0,False,1,0,stay_out,-4.625232235510656,12,0,False,1,False,False,-2.5850161177553317,11
default,1005,Monaco,2023,ALO,71,0,stay_out,-2.055736212543539,1,0,False,1,0,stay_out,-5.857872425087021,14,0,False,1,False,False,-3.802136212543482,13
default,1005,Monaco,2023,ALO,72,0,stay_out,-2.0626397533095697,1,0,False,1,0,stay_out,-5.103879506619153,15,0,False,1,False,False,-3.041239753309583,14
default,1005,Monaco,2023,ALO,73,0,stay_out,-3.0533857175989936,2,0,False,1,0,stay_out,-4.1001219818669785,15,0,False,1,False,False,-1.046736264267985,13
default,1005,Monaco,2023,ALO,74,0,stay_out,-3.3033019595990667,2,0,False,1,0,stay_out,-4.223301959599011,15,0,False,1,False,False,-0.9199999999999444,13
default,1005,Monaco,2023,ALO,75,0,stay_out,-3.2945112646116046,2,0,False,1,0,stay_out,-3.3145112646116424,14,0,False,1,False,False,-0.020000000000037765,12
default,1005,Monaco,2023,ALO,76,0,stay_out,14.689730502113845,2,0,False,1,0,stay_out,5.6697305021139,8,0,False,1,False,False,-9.019999999999945,6
default,1006,Monza,2023,PIA,0,0,stay_out,0.0,1,1,False,0,0,stay_out,0.0,1,1,False,0,False,False,0.0,0
default,1006,Monza,2023,PIA,1,0,stay_out,-0.0415921588551697,1,1,False,0,0,stay_out,-0.0415921588551697,1,1,False,0,False,False,0.0,0
default,1006,Monza,2023,PIA,2,0,stay_out,-0.0242612659668992,1,1,False,0,0,stay_out,-0.0242612659668992,1,1,False,0,False,False,0.0,0
default,1006,Monza,2023,PIA,3,0,stay_out,-0.0364914764677422,1,1,False,0,0,stay_out,-0.0364914764677422,1,1,False,0,False,False,0.0,0
default,1006,Monza,2023,PIA,4,0,stay_out,-0.017206559123943,1,1,False,0,0,stay_out,-0.017206559123943,1,1,False,0,False,False,0.0,0
default,1006,Monza,2023,PIA,5,0,stay_out,0.0,1,1,False,0,0,stay_out,0.0,1,1,False,0,False,False,0.0,0
default,1006,Monza,2023,PIA,6,0,stay_out,-0.0213944445779148,1,1,False,0,0,stay_out,-0.0213944445779148,1,1,False,0,False,False,0.0,0
default,1006,Monza,2023,PIA,7,0,stay_out,-0.0554504072586013,1,1,False,0,0,stay_out,-0.0554504072586013,1,1,False,0,False,False,0.0,0
default,1006,Monza,2023,PIA,8,3,pit_hard,-22.161331922076776,16,2,False,0,0,stay_out,-0.0675424560324899,1,1,False,0,True,True,22.093789466044285,-15
default,1006,Monza,2023,PIA,9,0,stay_out,2.052496487617674,14,2,False,0,0,stay_out,-0.0959392759041833,1,1,False,0,False,False,-2.1484357635218574,-13
default,1006,Monza,2023,PIA,10,0,stay_out,2.021675314983628,12,2,False,0,0,stay_out,-0.0773371171231602,1,1,False,0,False,False,-2.0990124321067882,-11
default,1006,Monza,2023,PIA,11,0,stay_out,1.9158017384190884,10,2,False,0,0,stay_out,-0.1243866505034702,1,1,False,0,False,False,-2.0401883889225587,-9
default,1006,Monza,2023,PIA,12,0,stay_out,0.0815539036996682,10,2,False,0,0,stay_out,-0.1215233129612229,1,1,False,0,False,False,-0.2030772166608911,-9
default,1006,Monza,2023,PIA,13,0,stay_out,-0.0004613116989489,10,2,False,0,0,stay_out,-0.1353814206605363,1,1,False,0,False,False,-0.1349201089615874,-9
default,1006,Monza,2023,PIA,14,0,stay_out,0.94636185296345,9,2,False,0,0,stay_out,-0.1264193383293388,1,1,False,0,False,False,-1.0727811912927887,-8
default,1006,Monza,2023,PIA,15,1,pit_soft,-11.401440673164135,13,0,False,0,0,stay_out,-0.1351916464544146,1,1,False,0,True,True,11.26624902670972,-12
default,1006,Monza,2023,PIA,16,0,stay_out,0.13148758427958,13,0,False,0,0,stay_out,-0.1436992198523228,1,1,False,0,False,False,-0.2751868041319028,-12
default,1006,Monza,2023,PIA,17,0,stay_out,0.0967354874839458,13,0,False,0,0,stay_out,-0.1253252682501596,1,1,False,0,False,False,-0.2220607557341054,-12
default,1006,Monza,2023,PIA,18,0,stay_out,2.4951414553692968,11,0,False,0,0,stay_out,-0.1533605196015827,1,1,False,0,False,False,-2.6485019749708796,-10
default,1006,Monza,2023,PIA,19,0,stay_out,1.815661202949036,10,0,False,0,0,stay_out,-0.1492168364770421,1,1,False,0,False,False,-1.964878039426078,-9
default,1006,Monza,2023,PIA,20,0,stay_out,2.065631041890285,9,0,False,0,1,pit_soft,-7.228078844616354,3,0,False,0,True,True,-9.293709886506639,-6
default,1006,Monza,2023,PIA,21,0,stay_out,2.175371127226947,7,0,False,0,0,stay_out,1.2247146650879812,2,0,False,0,False,False,-0.9506564621389657,-5
default,1006,Monza,2023,PIA,22,0,stay_out,0.0900932242646021,7,0,False,0,0,stay_out,1.018418350466851,1,0,False,0,False,False,0.9283251262022488,-6
default,1006,Monza,2023,PIA,23,0,stay_out,-0.0653770583102712,7,0,False,0,0,stay_out,0.0,1,0,False,0,False,False,0.0653770583102712,-6
default,1006,Monza,2023,PIA,24,0,stay_out,-0.1315414460521381,7,0,False,0,0,stay_out,-0.0035851938709299,1,0,False,0,False,False,0.1279562521812082,-6
default,1006,Monza,2023,PIA,25,0,stay_out,-0.2142143017243896,7,0,False,0,0,stay_out,-0.0226716217070574,1,0,False,0,False,False,0.1915426800173322,-6
default,1006,Monza,2023,PIA,26,0,stay_out,0.7866152564762217,6,0,False,0,0,stay_out,-0.0129068426067561,1,0,False,0,False,False,-0.7995220990829778,-5
default,1006,Monza,2023,PIA,27,0,stay_out,-0.2446888329408082,6,0,False,0,0,stay_out,-0.0264088873152672,1,0,False,0,False,False,0.218279945625541,-5
default,1006,Monza,2023,PIA,28,0,stay_out,-0.2749422185520402,6,0,False,0,0,stay_out,-0.0358855801208861,1,0,False,0,False,False,0.2390566384311541,-5
default,1006,Monza,2023,PIA,29,0,stay_out,-0.2693314842995036,6,0,False,0,0,stay_out,-0.0482802129946193,1,0,False,0,False,False,0.2210512713048843,-5
default,1006,Monza,2023,PIA,30,0,stay_out,-0.3246182582422904,6,0,False,0,0,stay_out,-0.0713235999659929,1,0,False,0,False,False,0.2532946582762975,-5
default,1006,Monza,2023,PIA,31,0,stay_out,-0.3777714932253886,6,0,False,0,0,stay_out,-0.0894002174575504,1,0,False,0,False,False,0.2883712757678382,-5
default,1006,Monza,2023,PIA,32,0,stay_out,-0.3146556922926564,6,0,False,0,0,stay_out,-0.1199923169911798,1,0,False,0,False,False,0.1946633753014766,-5
default,1006,Monza,2023,PIA,33,0,stay_out,-0.2785952698675586,6,0,False,0,0,stay_out,-0.1085621057786525,1,0,False,0,False,False,0.17003316408890612,-5
default,1006,Monza,2023,PIA,34,0,stay_out,-0.3502381425559221,6,0,False,0,0,stay_out,-0.1335335421228208,1,0,False,0,False,False,0.21670460043310133,-5
default,1006,Monza,2023,PIA,35,0,stay_out,-0.379166823398387,6,0,False,0,0,stay_out,-0.15224788254406,1,0,False,0,False,False,0.22691894085432698,-5
default,1006,Monza,2023,PIA,36,0,stay_out,-0.389446009779374,6,0,False,0,0,stay_out,-0.1524874757345429,1,0,False,0,False,False,0.23695853404483108,-5
default,1006,Monza,2023,PIA,37,0,stay_out,-0.4562460967171461,6,0,False,0,0,stay_out,-1.2524445211680089,2,0,False,0,False,False,-0.7961984244508628,-4
default,1006,Monza,2023,PIA,38,0,stay_out,-0.4452969069373438,6,0,False,0,0,stay_out,-0.3961322763077078,2,0,False,0,False,False,0.049164630629636,-4
default,1006,Monza,2023,PIA,39,0,stay_out,-0.4962516888105128,6,0,False,0,0,stay_out,-0.427087058180841,2,0,False,0,False,False,0.06916463062967182,-4
default,1006,Monza,2023,PIA,40,0,stay_out,-0.5077564307224378,6,0,False,0,0,stay_out,-0.3585918000928018,2,0,False,0,False,False,0.14916463062963603,-4
default,1006,Monza,2023,PIA,41,0,stay_out,-0.5456815745460916,6,0,False,0,0,stay_out,-0.3965169439164555,2,0,False,0,False,False,0.14916463062963609,-4
default,1006,Monza,2023,PIA,42,0,stay_out,-0.5755503301776912,6,0,False,0,0,stay_out,-0.4263856995480552,2,0,False,0,False,False,0.14916463062963597,-4
default,1006,Monza,2023,PIA,43,0,stay_out,-0.6043102075720711,6,0,False,0,0,stay_out,-0.455145576942435,2,0,False,0,False,False,0.14916463062963609,-4
default,1006,Monza,2023,PIA,44,0,stay_out,-0.6260721988279969,6,0,False,0,0,stay_out,-0.4769075681983608,2,0,False,0,False,False,0.14916463062963614,-4
default,1006,Monza,2023,PIA,45,0,stay_out,-1.6249634973961733,7,0,False,0,0,stay_out,-1.4757988667665374,3,0,False,0,False,False,0.14916463062963592,-4
default,1006,Monza,2023,PIA,46,0,stay_out,-3.654486188417733,10,0,False,0,0,stay_out,-2.505321557788142,5,0,False,0,False,False,1.149164630629591,-5
default,1006,Monza,2023,PIA,47,0,stay_out,-0.5809235275471153,10,0,False,0,0,stay_out,-0.4317588969174793,5,0,False,0,False,False,0.14916463062963597,-5
default,1006,Monza,2023,PIA,48,0,stay_out,-0.573666115590092,10,0,False,0,0,stay_out,-0.4245014849604559,5,0,False,0,False,False,0.14916463062963603,-5
default,1006,Monza,2023,PIA,49,0,stay_out,0.4001153960071179,10,0,False,0,0,stay_out,9.549280026636756,5,0,False,0,False,False,9.149164630629638,-5
default,1007,Monaco,2024,PIA,0,0,stay_out,0.0,1,1,True,0,0,stay_out,0.0,1,1,True,0,False,False,0.0,0
default,1007,Monaco,2024,PIA,1,0,stay_out,0.0,1,1,True,0,0,stay_out,0.0,1,1,True,0,False,False,0.0,0
default,1007,Monaco,2024,PIA,2,0,stay_out,0.0,1,1,False,0,0,stay_out,0.0,1,1,False,0,False,False,0.0,0
default,1007,Monaco,2024,PIA,3,0,stay_out,-0.0008130666684266,1,1,False,0,0,stay_out,-0.0008130666684266,1,1,False,0,False,False,0.0,0
default,1007,Monaco,2024,PIA,4,0,stay_out,0.0,1,1,False,0,0,stay_out,0.0,1,1,False,0,False,False,0.0,0
default,1007,Monaco,2024,PIA,5,0,stay_out,-0.0470371218405006,1,1,False,0,1,pit_soft,-4.984637121840478,1,0,False,0,True,True,-4.937599999999978,0
default,1007,Monaco,2024,PIA,6,0,stay_out,-0.0048088205589309,1,1,False,0,0,stay_out,0.0,1,0,False,0,False,False,0.0048088205589309,0
default,1007,Monaco,2024,PIA,7,0,stay_out,-0.0329261685121323,1,1,False,0,0,stay_out,-0.0231173479532003,1,0,False,0,False,False,0.009808820558932,0
default,1007,Monaco,2024,PIA,8,0,stay_out,-0.0445007560274973,1,1,False,0,0,stay_out,-0.0296919354685655,1,0,False,0,False,False,0.014808820558931797,0
default,1007,Monaco,2024,PIA,9,0,stay_out,-0.0930491024295051,1,1,False,0,0,stay_out,-0.0742402818705741,1,0,False,0,False,False,0.018808820558931003,0
default,1007,Monaco,2024,PIA,10,0,stay_out,-0.0823307247112012,1,1,False,0,0,stay_out,-0.0605219041522701,1,0,False,0,False,False,0.021808820558931102,0
default,1007,Monaco,2024,PIA,11,0,stay_out,-0.090306279678775,1,1,False,0,0,stay_out,-0.0674974591198434,1,0,False,0,False,False,0.022808820558931603,0
default,1007,Monaco,2024,PIA,12,0,stay_out,-0.1222172871581762,1,1,False,0,0,stay_out,-0.1004084665992451,1,0,False,0,False,False,0.021808820558931102,0
default,1007,Monaco,2024,PIA,13,0,stay_out,-0.1253572249442228,1,1,False,0,0,stay_out,-0.1065484043852905,1,0,False,0,False,False,0.018808820558932307,0
default,1007,Monaco,2024,PIA,14,0,stay_out,-0.1237466949985204,1,1,False,0,0,stay_out,-0.1099378744395892,1,0,False,0,False,False,0.013808820558931192,0
default,1007,Monaco,2024,PIA,15,0,stay_out,-0.1108576133288536,1,1,False,0,0,stay_out,-0.1020487927699221,1,0,False,0,False,False,0.008808820558931507,0
default,1007,Monaco,2024,PIA,16,0,stay_out,-0.1422720615928838,1,1,False,0,0,stay_out,-0.138463241033952,1,0,False,0,False,False,0.003808820558931808,0
default,1007,Monaco,2024,PIA,17,0,stay_out,-0.1178268756543431,1,1,False,0,0,stay_out,-0.1190180550954124,1,0,False,0,False,False,-0.0011911794410692927,0
default,1007,Monaco,2024,PIA,18,0,stay_out,-0.1521430106345931,1,1,False,0,0,stay_out,-0.1583341900756608,1,0,False,0,False,False,-0.006191179441067701,0
default,1007,Monaco,2024,PIA,19,0,stay_out,-0.1620438227238907,1,1,False,0,0,stay_out,-0.1732350021649594,1,0,False,0,False,False,-0.011191179441068705,0
default,1007,Monaco,2024,PIA,20,0,stay_out,-0.1485906281583084,1,1,False,0,0,stay_out,-0.1647818075993768,1,0,False,0,False,False,-0.016191179441068404,0
default,1007,Monaco,2024,PIA,21,0,stay_out,-0.1797937514201635,1,1,False,0,0,stay_out,-0.2009849308612317,1,0,False,0,False,False,-0.021191179441068214,0
default,1007,Monaco,2024,PIA,22,0,stay_out,-0.1772060604027942,1,1,False,0,0,stay_out,-0.2033972398438635,1,0,False,0,False,False,-0.026191179441069273,0
default,1007,Monaco,2024,PIA,23,0,stay_out,-0.2013703496022771,1,1,False,0,0,stay_out,-0.2325615290433447,1,0,False,0,False,False,-0.031191179441067612,0
default,1007,Monaco,2024,PIA,24,0,stay_out,-0.2137058892942974,1,1,False,0,0,stay_out,-0.2498970687353662,1,0,False,0,False,False,-0.03619117944106881,0
default,1007,Monaco,2024,PIA,25,0,stay_out,-0.2106861500575476,1,1,False,0,0,stay_out,-0.2518773294986161,1,0,False,0,False,False,-0.04119117944106848,0
default,1007,Monaco,2024,PIA,26,0,stay_out,-0.2200021380853471,1,1,False,0,0,stay_out,-0.2661933175264153,1,0,False,0,False,False,-0.04619117944106818,0
default,1007,Monaco,2024,PIA,27,0,stay_out,-0.2522006729809931,1,1,False,0,0,stay_out,-0.3033918524220624,1,0,False,0,False,False,-0.05119117944106932,0
default,1007,Monaco,2024,PIA,28,0,stay_out,-0.2463659771918642,1,1,False,0,2,pit_medium,-37.14575339195791,10,1,False,0,True,True,-36.899387414766046,9
default,1007,Monaco,2024,PIA,29,0,stay_out,-0.2738826253872105,1,1,False,0,0,stay_out,0.3733607604420186,10,1,False,0,False,False,0.647243385829229,9
default,1007,Monaco,2024,PIA,30,0,stay_out,-0.2748503472407321,1,1,False,0,0,stay_out,0.4687253167349993,10,1,False,0,False,False,0.7435756639757314,9
default,1007,Monaco,2024,PIA,31,0,stay_out,-0.319779063546855,1,1,False,0,0,stay_out,0.3634678841226972,10,1,False,0,False,False,0.6832469476695522,9
default,1007,Monaco,2024,PIA,32,0,stay_out,-0.2625512699098422,1,1,False,0,0,stay_out,0.3283234713968213,10,1,False,0,False,False,0.5908747413066635,9
default,1007,Monaco,2024,PIA,33,0,stay_out,-0.2923947122631773,1,1,False,0,0,stay_out,0.2586365866900778,10,1,False,0,False,False,0.5510312989532551,9
default,1007,Monaco,2024,PIA,34,0,stay_out,-0.3144214201810215,1,1,False,0,0,stay_out,0.2704831708543395,10,1,False,0,False,False,0.584904591035361,9
default,1007,Monaco,2024,PIA,35,0,stay_out,-0.296684901720485,1,1,False,0,0,stay_out,0.3698562077754502,10,1,False,0,False,False,0.6665411094959353,9
default,1007,Monaco,2024,PIA,36,0,stay_out,-0.3325611924603095,1,1,False,0,0,stay_out,0.3047036262958599,10,1,False,0,False,False,0.6372648187561694,9
default,1007,Monaco,2024,PIA,37,0,stay_out,-0.3694791564750546,1,1,False,0,0,stay_out,0.2046676982663314,10,1,False,0,False,False,0.5741468547413859,9
default,1007,Monaco,2024,PIA,38,0,stay_out,-0.392186957573314,1,1,False,0,0,stay_out,0.148252096069811,10,1,False,0,False,False,0.540439053643125,9
default,1007,Monaco,2024,PIA,39,0,stay_out,-0.3555079014018005,1,1,False,0,0,stay_out,0.3243102084128167,10,1,False,0,False,False,0.6798181098146172,9
default,1007,Monaco,2024,PIA,40,0,stay_out,-0.3743683129215597,1,1,False,0,0,stay_out,0.2413893853732887,10,1,False,0,False,False,0.6157576982948484,9
default,1007,Monaco,2024,PIA,41,0,stay_out,-0.3870253900492244,1,1,False,0,0,stay_out,0.1975752311180343,10,1,False,0,False,False,0.5846006211672587,9
default,1007,Monaco,2024,PIA,42,0,stay_out,-0.4081406770231041,1,1,False,0,0,stay_out,0.1812446571702821,10,1,False,0,False,False,0.5893853341933861,9
default,1007,Monaco,2024,PIA,43,0,stay_out,-0.3999391782491784,1,1,False,0,0,stay_out,0.172647654718115,10,1,False,0,False,False,0.5725868329672934,9
default,1007,Monaco,2024,PIA,44,0,stay_out,-0.3906034329375032,1,1,False,0,0,stay_out,0.2063191453413907,10,1,False,0,False,False,0.596922578278894,9
default,1007,Monaco,2024,PIA,45,0,stay_out,-0.4345931257865829,1,1,False,0,0,stay_out,0.1315397596433342,10,1,False,0,False,False,0.566132885429917,9
default,1007,Monaco,2024,PIA,46,0,stay_out,-0.4435621676673151,1,1,False,0,0,stay_out,0.1253016758817765,10,1,False,0,False,False,0.5688638435490916,9
default,1007,Monaco,2024,PIA,47,0,stay_out,-0.4432073826316056,1,1,False,0,0,stay_out,0.0826112459532439,10,1,False,0,False,False,0.5258186285848495,9
default,1007,Monaco,2024,PIA,48,0,stay_out,-0.4410796885144535,1,1,False,0,0,stay_out,0.031266634187537,10,1,False,0,False,False,0.4723463227019905,9
default,1007,Monaco,2024,PIA,49,0,stay_out,-0.4851419098578461,1,1,False,0,0,stay_out,-0.1481578084992037,10,1,False,0,False,False,0.33698410135864243,9
default,1007,Monaco,2024,PIA,50,1,pit_soft,-4.939749188808804,1,0,False,0,0,stay_out,0.0712276335987638,10,1,False,0,True,True,5.010976822407568,9
default,1007,Monaco,2024,PIA,51,0,stay_out,0.0,1,0,False,0,0,stay_out,-0.0716858232739767,10,1,False,0,False,False,-0.0716858232739767,9
default,1007,Monaco,2024,PIA,52,0,stay_out,0.0,1,0,False,0,0,stay_out,0.5440287820989951,10,1,False,0,False,False,0.5440287820989951,9
default,1007,Monaco,2024,PIA,53,0,stay_out,-0.0099397852119679,1,0,False,0,0,stay_out,-0.0847507883249562,10,1,False,0,False,False,-0.0748110031129883,9
default,1007,Monaco,2024,PIA,54,0,stay_out,-0.103380004840325,1,0,False,0,0,stay_out,-0.2816600096805814,10,1,False,0,False,False,-0.1782800048402564,9
default,1007,Monaco,2024,PIA,55,0,stay_out,-0.097949180490454,1,0,False,0,0,stay_out,-0.2770983609809605,10,1,False,0,False,False,-0.17914918049050654,9
default,1007,Monaco,2024,PIA,56,0,stay_out,-0.1280422947552992,1,0,False,0,0,stay_out,-0.3154845895105623,10,1,False,0,False,False,-0.18744229475526308,9
default,1007,Monaco,2024,PIA,57,0,stay_out,-0.1386646387106736,1,0,False,0,0,stay_out,-0.3830292774213348,10,1,False,0,False,False,-0.2443646387106612,9
default,1007,Monaco,2024,PIA,58,0,stay_out,-0.161563302418719,1,0,False,0,0,stay_out,-0.2604266048374456,10,1,False,0,False,False,-0.09886330241872662,9
default,1007,Monaco,2024,PIA,59,0,stay_out,-0.1930633489774535,1,0,False,0,0,stay_out,-0.2495266979549612,10,1,False,0,False,False,-0.05646334897750771,9
default,1007,Monaco,2024,PIA,60,0,stay_out,-0.1957437965728175,1,0,False,0,0,stay_out,-0.3371875931456075,10,1,False,0,False,False,-0.14144379657278996,9
default,1007,Monaco,2024,PIA,61,0,stay_out,-0.2356185936084685,1,0,False,0,0,stay_out,-0.0187371872169236,10,1,False,0,False,False,0.2168814063915449,9
default,1007,Monaco,2024,PIA,62,0,stay_out,-0.2448039745374629,1,0,False,0,0,stay_out,-0.5858079490748651,10,1,False,0,False,False,-0.3410039745374022,9
default,1007,Monaco,2024,PIA,63,0,stay_out,-0.2325473615443044,1,0,False,0,0,stay_out,-0.6124947230885638,10,1,False,0,False,False,-0.3799473615442594,9
default,1007,Monaco,2024,PIA,64,0,stay_out,-0.2571742177211831,1,0,False,0,0,stay_out,-0.5339484354423633,10,1,False,0,False,False,-0.27677421772118016,9
default,1007,Monaco,2024,PIA,65,0,stay_out,-0.2766201519451045,1,0,False,0,0,stay_out,-0.5677403038902157,10,1,False,0,False,False,-0.2911201519451112,9
default,1007,Monaco,2024,PIA,66,0,stay_out,-0.2876460205613824,1,0,False,0,0,stay_out,-0.5736920411227573,10,1,False,0,False,False,-0.2860460205613749,9
default,1007,Monaco,2024,PIA,67,0,stay_out,-0.2844736043039532,1,0,False,0,0,stay_out,-0.3750472086079298,10,1,False,0,False,False,-0.0905736043039766,9
default,1007,Monaco,2024,PIA,68,0,stay_out,-0.3050008808793407,1,0,False,0,0,stay_out,-0.4746017617586247,10,1,False,0,False,False,-0.169600880879284,9
default,1007,Monaco,2024,PIA,69,0,stay_out,-0.3089663325530467,1,0,False,0,0,stay_out,-0.581432665106172,10,1,False,0,False,False,-0.2724663325531253,9
default,1007,Monaco,2024,PIA,70,0,stay_out,-0.3371421818604005,1,0,False,0,0,stay_out,-0.7456843637208721,10,1,False,0,False,False,-0.4085421818604716,9
default,1007,Monaco,2024,PIA,71,0,stay_out,-0.3645684600202173,1,0,False,0,0,stay_out,-0.9029369200404318,10,1,False,0,False,False,-0.5383684600202145,9
default,1007,Monaco,2024,PIA,72,0,stay_out,-0.3642954301244601,1,0,False,0,0,stay_out,-0.9416908602489528,10,1,False,0,False,False,-0.5773954301244927,9
default,1007,Monaco,2024,PIA,73,0,stay_out,-0.3863357819193155,1,0,False,0,0,stay_out,-1.0227715638385648,10,1,False,0,False,False,-0.6364357819192493,9
default,1007,Monaco,2024,PIA,74,0,stay_out,-0.4092937868323147,1,0,False,0,0,stay_out,-1.0373875736646785,10,1,False,0,False,False,-0.6280937868323637,9
default,1007,Monaco,2024,PIA,75,0,stay_out,-0.4553727627686286,1,0,False,0,0,stay_out,4.831954474462732,4,1,False,0,False,False,5.28732723723136,3
default,1007,Monaco,2024,PIA,76,0,stay_out,24.561958729977054,1,0,False,0,0,stay_out,43.27484424099122,1,1,False,0,False,False,18.712885511014168,0
default,1008,Monaco,2023,SAI,0,0,stay_out,0.0,1,2,False,0,0,stay_out,0.0,1,2,False,0,False,False,0.0,0
default,1008,Monaco,2023,SAI,1,0,stay_out,-0.0447711646139183,1,2,False,0,0,stay_out,-0.0447711646139183,1,2,False,0,False,False,0.0,0
default,1008,Monaco,2023,SAI,2,0,stay_out,0.0,1,2,False,0,0,stay_out,0.0,1,2,False,0,False,False,0.0,0
default,1008,Monaco,2023,SAI,3,0,stay_out,-0.0499580693376486,1,2,False,0,0,stay_out,-0.0499580693376486,1,2,False,0,False,False,0.0,0
default,1008,Monaco,2023,SAI,4,0,stay_out,-0.0289317699867893,1,2,False,0,0,stay_out,-0.0289317699867893,1,2,False,0,False,False,0.0,0
default,1008,Monaco,2023,SAI,5,0,stay_out,-0.0309681945848396,1,2,False,0,0,stay_out,-0.0309681945848396,1,2,False,0,False,False,0.0,0
default,1008,Monaco,2023,SAI,6,0,stay_out,-0.0395114262805947,1,2,False,0,0,stay_out,-0.0395114262805947,1,2,False,0,False,False,0.0,0
default,1008,Monaco,2023,SAI,7,0,stay_out,-0.0124760623799417,1,2,False,0,0,stay_out,-0.0124760623799417,1,2,False,0,False,False,0.0,0
default,1008,Monaco,2023,SAI,8,2,pit_medium,-15.107813314419529,9,1,False,0,0,stay_out,-0.0142830962914871,1,2,False,0,True,True,15.093530218128041,-8
default,1008,Monaco,2023,SAI,9,0,stay_out,1.033115878989888,8,1,False,0,0,stay_out,-0.023580731271339,1,2,False,0,False,False,-1.056696610261227,-7
default,1008,Monaco,2023,SAI,10,0,stay_out,1.0444899051380006,7,1,False,0,0,stay_out,-0.1652155130690744,1,2,False,0,False,False,-1.209705418207075,-6
default,1008,Monaco,2023,SAI,11,0,stay_out,1.1082986370208658,6,1,False,0,1,pit_soft,-14.422473142382485,8,0,False,0,True,True,-15.53077177940335,2
default,1008,Monaco,2023,SAI,12,0,stay_out,1.9766606416406236,4,1,False,0,0,stay_out,-0.3842893583593793,8,0,False,0,False,False,-2.360950000000003,4
default,1008,Monaco,2023,SAI,13,0,stay_out,0.0192620122150913,4,1,False,0,0,stay_out,-0.3576879877849024,8,0,False,0,False,False,-0.3769499999999937,4
default,1008,Monaco,2023,SAI,14,0,stay_out,0.9461120216199788,3,1,False,0,0,stay_out,-0.4068379783800282,8,0,False,0,False,False,-1.352950000000007,5
default,1008,Monaco,2023,SAI,15,0,stay_out,0.0092137291972576,3,1,False,0,0,stay_out,-0.4397362708027515,8,0,False,0,False,False,-0.4489500000000091,5
default,1008,Monaco,2023,SAI,16,0,stay_out,0.0040900171410925,3,1,False,0,0,stay_out,-0.4408599828589175,8,0,False,0,False,False,-0.44495000000000995,5
default,1008,Monaco,2023,SAI,17,0,stay_out,0.0426552354660557,3,1,False,0,0,stay_out,-0.3802947645339415,8,0,False,0,False,False,-0.4229499999999972,5
default,1008,Monaco,2023,SAI,18,0,stay_out,0.0396793613350766,3,1,False,0,0,stay_out,-0.3852706386649203,8,0,False,0,False,False,-0.4249499999999969,5
default,1008,Monaco,2023,SAI,19,0,stay_out,-0.0771691831792409,3,1,False,0,0,stay_out,-0.5081191831792581,8,0,False,0,False,False,-0.43095000000001715,5
default,1008,Monaco,2023,SAI,20,0,stay_out,-0.072776724820153,3,1,False,0,0,stay_out,-0.5137267248201425,8,0,False,0,False,False,-0.44094999999998946,5
default,1008,Monaco,2023,SAI,21,0,stay_out,-0.050781696202047,3,1,False,0,0,stay_out,-0.4217316962020447,8,0,False,0,False,False,-0.3709499999999977,5
default,1008,Monaco,2023,SAI,22,0,stay_out,-0.0652050140064446,3,1,False,0,0,stay_out,-0.4461550140064375,8,0,False,0,False,False,-0.3809499999999929,5
default,1008,Monaco,2023,SAI,23,1,pit_soft,-16.358798563591446,10,0,False,0,0,stay_out,-0.4276150971077328,8,0,False,0,True,True,15.931183466483713,-2
default,1008,Monaco,2023,SAI,24,0,stay_out,-0.2524699079804464,10,0,False,0,0,stay_out,-0.5124699079804416,8,0,False,0,False,False,-0.2599999999999952,-2
default,1008,Monaco,2023,SAI,25,0,stay_out,-0.2135775254983841,10,0,False,0,0,stay_out,-0.4955775254983706,8,0,False,0,False,False,-0.2819999999999865,-2
default,1008,Monaco,2023,SAI,26,0,stay_out,-0.2776816906135082,10,0,False,0,0,stay_out,-0.499681690613474,8,0,False,0,False,False,-0.22199999999996578,-2
default,1008,Monaco,2023,SAI,27,0,stay_out,-0.2431850284690029,10,0,False,0,0,stay_out,-0.4831850284689836,8,0,False,0,False,False,-0.2399999999999807,-2
default,1008,Monaco,2023,SAI,28,0,stay_out,-0.2859560238638707,10,0,False,0,0,stay_out,-0.5419560238638909,8,0,False,0,False,False,-0.25600000000002016,-2
default,1008,Monaco,2023,SAI,29,0,stay_out,-0.1898898496001635,10,0,False,0,0,stay_out,-0.457889849600177,8,0,False,0,False,False,-0.26800000000001345,-2
default,1008,Monaco,2023,SAI,30,0,stay_out,-0.2666377153049324,10,0,False,0,0,stay_out,-1.5426377153048974,9,0,False,0,False,False,-1.275999999999965,-1
default,1008,Monaco,2023,SAI,31,0,stay_out,-0.2724930524100714,10,0,False,0,0,stay_out,-0.6324930524100438,9,0,False,0,False,False,-0.35999999999997245,-1
default,1008,Monaco,2023,SAI,32,0,stay_out,-0.4101550923157945,10,0,False,0,0,stay_out,-1.7701550923158125,10,0,False,0,False,False,-1.360000000000018,0
default,1008,Monaco,2023,SAI,33,3,pit_hard,-17.0900309210593,18,2,False,0,0,stay_out,-0.8019474545755885,10,0,False,0,True,True,16.28808346648371,-8
default,1008,Monaco,2023,SAI,34,0,stay_out,0.0401783453739341,18,2,False,0,0,stay_out,-1.7869216546260516,11,0,False,0,False,False,-1.8270999999999857,-7
default,1008,Monaco,2023,SAI,35,0,stay_out,0.0215327089118702,18,2,False,0,0,stay_out,-0.9355672910881708,11,0,False,0,False,False,-0.957100000000041,-7
default,1008,Monaco,2023,SAI,36,0,stay_out,-0.0138835459444607,18,2,False,0,0,stay_out,-0.9009835459444646,11,0,False,0,False,False,-0.8871000000000039,-7
default,1008,Monaco,2023,SAI,37,0,stay_out,-0.0275467021952778,18,2,False,0,0,stay_out,-0.9446467021952458,11,0,False,0,False,False,-0.917099999999968,-7
default,1008,Monaco,2023,SAI,38,0,stay_out,-0.048027396047334,18,2,False,0,0,stay_out,-0.9951273960473116,11,0,False,0,False,False,-0.9470999999999776,-7
default,1008,Monaco,2023,SAI,39,0,stay_out,-0.1577936611952381,18,2,False,0,0,stay_out,-1.0548936611952144,11,0,False,0,False,False,-0.8970999999999764,-7
default,1008,Monaco,2023,SAI,40,0,stay_out,2.854918743252394,15,2,False,0,0,stay_out,-1.052181256747602,11,0,False,0,False,False,-3.9070999999999962,-4
default,1008,Monaco,2023,SAI,41,0,stay_out,0.8802722186309295,14,2,False,0,0,stay_out,-3.0768277813690643,13,0,False,0,False,False,-3.957099999999994,-1
default,1008,Monaco,2023,SAI,42,0,stay_out,0.8251017489698669,13,2,False,0,0,stay_out,-3.2419982510301466,15,0,False,0,False,False,-4.067100000000013,2
default,1008,Monaco,2023,SAI,43,0,stay_out,-0.1698313411824898,13,2,False,0,0,stay_out,-4.2869313411824574,18,0,False,0,False,False,-4.117099999999968,5
default,1008,Monaco,2023,SAI,44,0,stay_out,-0.4386980104267138,13,2,False,0,0,stay_out,-1.2586544206831292,18,0,False,0,False,False,-0.8199564102564154,5
default,1008,Monaco,2023,SAI,45,0,stay_out,-0.3903501574310624,13,2,False,0,0,stay_out,-2.1603065676874778,19,0,False,0,False,False,-1.7699564102564154,6
default,1008,Monaco,2023,SAI,46,0,stay_out,-0.8572185312305309,13,2,False,0,0,stay_out,-1.2000262235382395,19,0,False,0,False,False,-0.3428076923077086,6
default,1008,Monaco,2023,SAI,47,1,pit_soft,-15.396108649151316,19,0,False,0,0,stay_out,-1.1849251826676153,19,0,False,0,True,True,14.2111834664837,0
default,1008,Monaco,2023,SAI,48,0,stay_out,-0.2516057828324776,19,0,False,0,0,stay_out,-1.2316057828324418,19,0,False,0,False,False,-0.9799999999999642,0
default,1008,Monaco,2023,SAI,49,0,stay_out,-0.2661675412273141,19,0,False,0,0,stay_out,-1.268167541227291,19,0,False,0,False,False,-1.001999999999977,0
default,1008,Monaco,2023,SAI,50,0,stay_out,5.383111422991748,14,0,False,0,0,stay_out,4.261111422991781,14,0,False,0,False,False,-1.121999999999967,0
default,1008,Monaco,2023,SAI,51,0,stay_out,3.904316844440908,11,0,False,0,0,stay_out,2.8643168444409266,11,0,False,0,False,False,-1.0399999999999814,0
default,1008,Monaco,2023,SAI,52,0,stay_out,0.8475762592610439,9,0,False,0,0,stay_out,-0.2084237407390219,9,0,False,0,False,False,-1.0560000000000658,0
default,1008,Monaco,2023,SAI,53,0,stay_out,3.00996594685322,8,0,False,1,0,stay_out,0.9419659468532048,9,0,False,1,False,False,-2.068000000000015,1
default,1008,Monaco,2023,SAI,54,0,stay_out,-0.4474371081622421,8,0,False,1,0,stay_out,-1.5234371081622529,9,0,False,1,False,False,-1.0760000000000107,1
default,1008,Monaco,2023,SAI,55,0,stay_out,-0.8041775512632797,8,0,False,1,0,stay_out,-0.9641775512632992,8,0,False,1,False,False,-0.16000000000001946,0
default,1008,Monaco,2023,SAI,56,0,stay_out,-0.8585873249180054,8,0,False,1,0,stay_out,-1.9385873249179684,8,0,False,1,False,False,-1.079999999999963,0
default,1008,Monaco,2023,SAI,57,0,stay_out,-0.7843628706136643,8,0,False,1,0,stay_out,-1.86436287061372,8,0,False,1,False,False,-1.0800000000000558,0
default,1008,Monaco,2023,SAI,58,0,stay_out,1.8562409339071575,5,0,False,1,0,stay_out,-2.123759066092897,8,0,False,1,False,False,-3.9800000000000546,3
default,1008,Monaco,2023,SAI,59,0,stay_out,0.8558181072140827,3,0,False,1,0,stay_out,-2.22418189278588,8,0,False,1,False,False,-3.0799999999999628,5
default,1008,Monaco,2023,SAI,60,0,stay_out,-1.3514661204397953,3,0,False,1,0,stay_out,-2.4314661204398504,8,0,False,1,False,False,-1.0800000000000551,5
default,1008,Monaco,2023,SAI,61,0,stay_out,-1.3411388574865055,3,0,False,1,0,stay_out,-2.421138857486469,8,0,False,1,False,False,-1.0799999999999634,5
default,1008,Monaco,2023,SAI,62,0,stay_out,-0.6113491242523423,2,0,False,1,0,stay_out,-2.591349124252307,8,0,False,1,False,False,-1.9799999999999645,6
default,1008,Monaco,2023,SAI,63,0,stay_out,-1.5896801252961694,2,0,False,1,0,stay_out,-2.669680125296134,8,0,False,1,False,False,-1.0799999999999645,6
default,1008,Monaco,2023,SAI,64,0,stay_out,-2.013884078836883,2,0,False,1,0,stay_out,-3.0938840788368456,8,0,False,1,False,False,-1.0799999999999628,6
default,1008,Monaco,2023,SAI,65,0,stay_out,-2.0950678073676814,2,0,False,1,0,stay_out,-3.175067807367645,8,0,False,1,False,False,-1.0799999999999637,6
default,1008,Monaco,2023,SAI,66,0,stay_out,-2.1037087709845963,2,0,False,1,0,stay_out,-3.1837087709845595,8,0,False,1,False,False,-1.0799999999999632,6
default,1008,Monaco,2023,SAI,67,0,stay_out,-2.361078687491436,2,0,False,1,0,stay_out,-5.4410786874914,10,0,False,1,False,False,-3.079999999999964,8
default,1008,Monaco,2023,SAI,68,0,stay_out,-3.371280789106321,3,0,False,1,0,stay_out,-4.53128078910634,11,0,False,1,False,False,-1.1600000000000192,8
default,1008,Monaco,2023,SAI,69,0,stay_out,-2.580361975207857,3,0,False,1,0,stay_out,-3.580361975207856,11,0,False,1,False,False,-0.9999999999999991,8
default,1008,Monaco,2023,SAI,70,0,stay_out,-2.502135698601996,3,0,False,1,0,stay_out,-4.58213569860196,12,0,False,1,False,False,-2.0799999999999645,9
default,1008,Monaco,2023,SAI,71,0,stay_out,-4.76024979483407,5,0,False,1,0,stay_out,-4.920249794834088,13,0,False,1,False,False,-0.1600000000000188,8
default,1008,Monaco,2023,SAI,72,0,stay_out,-3.949531733730472,6,0,False,1,0,stay_out,-6.129531733730436,15,0,False,1,False,False,-2.1799999999999637,9
default,1008,Monaco,2023,SAI,73,0,stay_out,-5.084784129524611,8,0,False,1,0,stay_out,-4.244784129524629,15,0,False,1,False,False,0.8399999999999812,7
default,1008,Monaco,2023,SAI,74,0,stay_out,-3.193615942585244,8,0,False,1,0,stay_out,-4.273615942585298,15,0,False,1,False,False,-1.0800000000000542,7
default,1008,Monaco,2023,SAI,75,0,stay_out,-3.2118139386052533,8,0,False,1,0,stay_out,-3.291813938605309,14,0,False,1,False,False,-0.08000000000005558,6
default,1008,Monaco,2023,SAI,76,0,stay_out,0.7335153064382647,8,0,False,1,0,stay_out,5.653515306438303,8,0,False,1,False,False,4.920000000000038,0
default,1009,Monaco,2022,LEC,0,0,stay_out,-2.0647141794757617,1,4,True,2,0,stay_out,-2.0647141794757617,1,4,True,2,False,False,0.0,0
default,1009,Monaco,2022,LEC,1,0,stay_out,-0.0828242209993433,1,4,True,2,0,stay_out,-0.0828242209993433,1,4,True,2,False,False,0.0,0
default,1009,Monaco,2022,LEC,2,0,stay_out,-0.2753448398969155,1,4,False,2,0,stay_out,-0.2753448398969155,1,4,False,2,False,False,0.0,0
default,1009,Monaco,2022,LEC,3,0,stay_out,-0.4839583943970211,1,4,False,2,0,stay_out,-0.4839583943970211,1,4,False,2,False,False,0.0,0
default,1009,Monaco,2022,LEC,4,0,stay_out,-0.6245861256770866,1,4,False,2,0,stay_out,-0.6245861256770866,1,4,False,2,False,False,0.0,0
default,1009,Monaco,2022,LEC,5,0,stay_out,-2.9843122605343866,3,4,False,2,0,stay_out,-2.9843122605343866,3,4,False,2,False,False,0.0,0
default,1009,Monaco,2022,LEC,6,0,stay_out,-2.4868444109542667,4,4,False,2,0,stay_out,-2.4868444109542667,4,4,False,2,False,False,0.0,0
default,1009,Monaco,2022,LEC,7,0,stay_out,-4.474368746004533,7,4,False,2,0,stay_out,-4.474368746004533,7,4,False,2,False,False,0.0,0
default,1009,Monaco,2022,LEC,8,0,stay_out,-2.6797469663318525,8,4,False,2,0,stay_out,-2.6797469663318525,8,4,False,2,False,False,0.0,0
default,1009,Monaco,2022,LEC,9,0,stay_out,-1.7825119089561383,8,4,False,2,0,stay_out,-1.7825119089561383,8,4,False,2,False,False,0.0,0
default,1009,Monaco,2022,LEC,10,0,stay_out,-3.8492213182427024,10,4,False,2,0,stay_out,-3.8492213182427024,10,4,False,2,False,False,0.0,0
default,1009,Monaco,2022,LEC,11,0,stay_out,-3.2649494635338625,11,4,False,2,0,stay_out,-3.2649494635338625,11,4,False,2,False,False,0.0,0
default,1009,Monaco,2022,LEC,12,0,stay_out,-8.503947575967432,17,4,False,2,0,stay_out,-8.503947575967432,17,4,False,2,False,False,0.0,0
default,1009,Monaco,2022,LEC,13,0,stay_out,-4.651402094905023,19,4,False,2,0,stay_out,-4.651402094905023,19,4,False,2,False,False,0.0,0
default,1009,Monaco,2022,LEC,14,0,stay_out,-2.6854280847657748,19,4,False,2,0,stay_out,-2.6854280847657748,19,4,False,2,False,False,0.0,0
default,1009,Monaco,2022,LEC,15,0,stay_out,-1.6571864030494312,18,4,False,2,0,stay_out,-1.6571864030494312,18,4,False,2,False,False,0.0,0
default,1009,Monaco,2022,LEC,16,0,stay_out,-4.267399241957135,19,4,False,2,0,stay_out,-4.267399241957135,19,4,False,2,False,False,0.0,0
default,1009,Monaco,2022,LEC,17,0,stay_out,-3.256389102253843,19,4,False,2,0,stay_out,-3.256389102253843,19,4,False,2,False,False,0.0,0
default,1009,Monaco,2022,LEC,18,0,stay_out,-2.3577628069276417,18,4,False,2,0,stay_out,-2.3577628069276417,18,4,False,2,False,False,0.0,0
default,1009,Monaco,2022,LEC,19,0,stay_out,-4.013715929038793,18,4,False,2,0,stay_out,-4.013715929038793,18,4,False,2,False,False,0.0,0
default,1009,Monaco,2022,LEC,20,0,stay_out,-2.9871537298535147,18,4,False,1,0,stay_out,-2.9871537298535147,18,4,False,1,False,False,0.0,0
default,1009,Monaco,2022,LEC,21,0,stay_out,-6.989460514834493,18,4,False,1,0,stay_out,-6.989460514834493,18,4,False,1,False,False,0.0,0
default,1009,Monaco,2022,LEC,22,2,pit_medium,-8.304905394316693,18,1,False,0,1,pit_soft,-7.584972060983375,18,0,False,0,True,False,0.7199333333333175,0
default,1009,Monaco,2022,LEC,23,0,stay_out,-4.22064827437884,17,1,False,0,0,stay_out,-3.251438274378876,17,0,False,0,False,False,0.9692099999999644,0
default,1009,Monaco,2022,LEC,24,0,stay_out,-4.972710488653204,17,1,True,0,0,stay_out,-4.006200488653196,17,0,True,0,False,False,0.9665100000000084,0
default,1009,Monaco,2022,LEC,25,0,stay_out,-1.754708785114623,17,1,True,0,0,stay_out,-0.7908987851146163,17,0,True,0,False,False,0.9638100000000067,0
default,1009,Monaco,2022,LEC,26,0,stay_out,-0.6376699335931235,17,1,True,0,0,stay_out,0.3234400664068788,17,0,True,0,False,False,0.9611100000000024,0
default,1009,Monaco,2022,LEC,27,0,stay_out,3.382169201628404,12,1,True,0,0,stay_out,4.340579201628406,12,0,True,0,False,False,0.9584100000000024,0
default,1009,Monaco,2022,LEC,28,0,stay_out,32.19048922652643,1,1,True,0,0,stay_out,29.897502559859795,1,0,True,0,False,False,-2.2929866666666356,0
default,1009,Monaco,2022,LEC,29,0,stay_out,0.0,1,1,True,0,0,stay_out,0.0,1,0,True,0,False,False,0.0,0
default,1009,Monaco,2022,LEC,30,0,stay_out,0.0,1,1,False,0,0,stay_out,0.0,1,0,False,0,False,False,0.0,0
default,1009,Monaco,2022,LEC,31,0,stay_out,-0.0020086977739552,1,1,False,0,0,stay_out,-0.0070086977739549,1,0,False,0,False,False,-0.004999999999999699,0
default,1009,Monaco,2022,LEC,32,0,stay_out,-0.0413800544882406,1,1,False,0,0,stay_out,-0.05138005448824,1,0,False,0,False,False,-0.009999999999999398,0
default,1009,Monaco,2022,LEC,33,0,stay_out,-0.1297782926036163,1,1,False,0,0,stay_out,-0.0518872340767345,1,0,False,0,False,False,0.07789105852688182,0
default,1009,Monaco,2022,LEC,34,0,stay_out,-0.1463497570541591,1,1,False,0,0,stay_out,-0.0457586985272769,1,0,False,0,False,False,0.10059105852688219,0
default,1009,Monaco,2022,LEC,35,0,stay_out,-0.2527210177196295,1,1,False,0,0,stay_out,-0.0886299591927482,1,0,False,0,False,False,0.16409105852688133,0
default,1009,Monaco,2022,LEC,36,0,stay_out,-0.3696159485538161,1,1,False,0,0,stay_out,-0.1036248900269342,1,0,False,0,False,False,0.2659910585268819,0
default,1009,Monaco,2022,LEC,37,1,pit_soft,-4.885107437849919,1,0,False,0,0,stay_out,-0.0879830459897036,1,0,False,0,True,True,4.797124391860215,0
default,1009,Monaco,2022,LEC,38,0,stay_out,0.0,1,0,False,0,0,stay_out,-0.1471500919766413,1,0,False,0,False,False,-0.1471500919766413,0
default,1009,Monaco,2022,LEC,39,0,stay_out,-0.0091214411182789,1,0,False,0,0,stay_out,-0.1872715330949219,1,0,False,0,False,False,-0.178150091976643,0
default,1009,Monaco,2022,LEC,40,0,stay_out,0.0,1,0,False,0,0,stay_out,-0.1666318831145219,1,0,False,0,False,False,-0.1666318831145219,0
default,1009,Monaco,2022,LEC,41,0,stay_out,0.0,1,0,False,0,0,stay_out,-0.1737474907433807,1,0,False,0,False,False,-0.1737474907433807,0
default,1009,Monaco,2022,LEC,42,0,stay_out,-0.0385882949719913,1,0,False,0,0,stay_out,-0.2203357857153719,1,0,False,0,False,False,-0.1817474907433806,0
default,1009,Monaco,2022,LEC,43,0,stay_out,-0.0329722575583844,1,0,False,0,0,stay_out,-0.2207197483017651,1,0,False,0,False,False,-0.1877474907433807,0
default,1009,Monaco,2022,LEC,44,0,stay_out,-0.060267802327975,1,0,False,0,0,stay_out,-0.2752152930713564,1,0,False,0,False,False,-0.2149474907433814,0
default,1009,Monaco,2022,LEC,45,0,stay_out,-0.050618695557064,1,0,False,0,0,stay_out,-0.267566186300445,1,0,False,0,False,False,-0.216947490743381,0
default,1009,Monaco,2022,LEC,46,0,stay_out,-0.0603195172534484,1,0,False,0,0,stay_out,-0.2772670079968293,1,0,False,0,False,False,-0.2169474907433809,0
default,1009,Monaco,2022,LEC,47,0,stay_out,-0.1026265493873296,1,0,False,0,0,stay_out,-0.3195740401307105,1,0,False,0,False,False,-0.2169474907433809,0
default,1009,Monaco,2022,LEC,48,0,stay_out,-0.1023018109215499,1,0,False,0,0,stay_out,-0.32730181092155,1,0,False,0,False,False,-0.2250000000000001,0
default,1009,Monaco,2022,LEC,49,0,stay_out,-0.112288232653303,1,0,False,0,0,stay_out,-0.3372882326533031,1,0,False,0,False,False,-0.2250000000000001,0
default,1009,Monaco,2022,LEC,50,0,stay_out,-0.1469486333180583,1,0,False,0,0,stay_out,-0.3719486333180584,1,0,False,0,False,False,-0.2250000000000001,0
default,1009,Monaco,2022,LEC,51,0,stay_out,-0.1661400338667803,1,0,False,0,0,stay_out,-0.3911400338667803,1,0,False,0,False,False,-0.225,0
default,1009,Monaco,2022,LEC,52,0,stay_out,-0.1589587713042945,1,0,False,0,0,stay_out,-0.3839587713042945,1,0,False,0,False,False,-0.225,0
default,1009,Monaco,2022,LEC,53,0,stay_out,-0.2969819408853823,1,0,False,0,0,stay_out,-0.5219819408853823,1,0,False,0,False,False,-0.22499999999999998,0
default,1009,Monaco,2022,LEC,54,0,stay_out,-0.3429957712278337,1,0,False,0,0,stay_out,-0.5679957712278337,1,0,False,0,False,False,-0.22500000000000003,0
default,1009,Monaco,2022,LEC,55,0,stay_out,-0.3477923327281673,1,0,False,0,0,stay_out,-0.5727923327281673,1,0,False,0,False,False,-0.22500000000000003,0
default,1009,Monaco,2022,LEC,56,0,stay_out,-0.3650091585189046,1,0,False,0,0,stay_out,-0.5900091585189046,1,0,False,0,False,False,-0.22499999999999998,0
default,1009,Monaco,2022,LEC,57,0,stay_out,-0.3532270353068498,1,0,False,0,0,stay_out,-0.5782270353068498,1,0,False,0,False,False,-0.22500000000000003,0
default,1009,Monaco,2022,LEC,58,0,stay_out,-0.3963874313449835,1,0,False,0,0,stay_out,-0.6213874313449836,1,0,False,0,False,False,-0.22500000000000014,0
default,1009,Monaco,2022,LEC,59,0,stay_out,-0.4001536815617172,1,0,False,0,0,stay_out,-0.6251536815617172,1,0,False,0,False,False,-0.22500000000000003,0
default,1009,Monaco,2022,LEC,60,0,stay_out,-0.4530528377561496,1,0,False,0,0,stay_out,-0.6780528377561496,1,0,False,0,False,False,-0.22499999999999998,0
default,1009,Monaco,2022,LEC,61,0,stay_out,-0.4195753689859501,1,0,False,0,0,stay_out,-0.6445753689859501,1,0,False,0,False,False,-0.22500000000000003,0
default,1009,Monaco,2022,LEC,62,0,stay_out,24.5641928861164,1,0,False,0,0,stay_out,24.3391928861164,1,0,False,0,False,False,-0.22499999999999787,0
default,1010,Monaco,2022,SAI,0,0,stay_out,-2.045676316720908,1,4,True,2,0,stay_out,-2.045676316720908,1,4,True,2,False,False,0.0,0
default,1010,Monaco,2022,SAI,1,0,stay_out,-0.0675468658513637,1,4,True,2,0,stay_out,-0.0675468658513637,1,4,True,2,False,False,0.0,0
default,1010,Monaco,2022,SAI,2,0,stay_out,-0.2734086896282179,1,4,False,2,0,stay_out,-0.2734086896282179,1,4,False,2,False,False,0.0,0
default,1010,Monaco,2022,SAI,3,0,stay_out,-0.4440826832348421,1,4,False,2,0,stay_out,-0.4440826832348421,1,4,False,2,False,False,0.0,0
default,1010,Monaco,2022,SAI,4,0,stay_out,-0.61958188990738,1,4,False,2,0,stay_out,-0.61958188990738,1,4,False,2,False,False,0.0,0
default,1010,Monaco,2022,SAI,5,0,stay_out,-3.2410314005623677,3,4,False,2,0,stay_out,-3.2410314005623677,3,4,False,2,False,False,0.0,0
default,1010,Monaco,2022,SAI,6,0,stay_out,-2.4489907020338597,4,4,False,2,0,stay_out,-2.4489907020338597,4,4,False,2,False,False,0.0,0
default,1010,Monaco,2022,SAI,7,0,stay_out,-4.544164804428236,7,4,False,2,0,stay_out,-4.544164804428236,7,4,False,2,False,False,0.0,0
default,1010,Monaco,2022,SAI,8,0,stay_out,-2.702052441177884,8,4,False,2,0,stay_out,-2.702052441177884,8,4,False,2,False,False,0.0,0
default,1010,Monaco,2022,SAI,9,0,stay_out,-1.7708397845392638,8,4,False,2,0,stay_out,-1.7708397845392638,8,4,False,2,False,False,0.0,0
default,1010,Monaco,2022,SAI,10,0,stay_out,-2.887632842301449,9,4,False,2,0,stay_out,-2.887632842301449,9,4,False,2,False,False,0.0,0
default,1010,Monaco,2022,SAI,11,0,stay_out,-4.127410228357425,11,4,False,2,0,stay_out,-4.127410228357425,11,4,False,2,False,False,0.0,0
default,1010,Monaco,2022,SAI,12,0,stay_out,-5.47503447085888,14,4,False,2,0,stay_out,-5.47503447085888,14,4,False,2,False,False,0.0,0
default,1010,Monaco,2022,SAI,13,0,stay_out,-6.734622946323342,18,4,False,2,0,stay_out,-6.734622946323342,18,4,False,2,False,False,0.0,0
default,1010,Monaco,2022,SAI,14,0,stay_out,-3.638052519256728,19,4,False,2,0,stay_out,-3.638052519256728,19,4,False,2,False,False,0.0,0
default,1010,Monaco,2022,SAI,15,0,stay_out,-1.8212325481105724,18,4,False,2,0,stay_out,-1.8212325481105724,18,4,False,2,False,False,0.0,0
default,1010,Monaco,2022,SAI,16,0,stay_out,-2.518379288941452,19,4,False,2,0,stay_out,-2.518379288941452,19,4,False,2,False,False,0.0,0
default,1010,Monaco,2022,SAI,17,0,stay_out,-3.766102868649977,19,4,False,2,0,stay_out,-3.766102868649977,19,4,False,2,False,False,0.0,0
default,1010,Monaco,2022,SAI,18,0,stay_out,-2.700834537507399,18,4,False,2,0,stay_out,-2.700834537507399,18,4,False,2,False,False,0.0,0
default,1010,Monaco,2022,SAI,19,0,stay_out,-4.418849018975415,18,4,False,2,0,stay_out,-4.418849018975415,18,4,False,2,False,False,0.0,0
default,1010,Monaco,2022,SAI,20,0,stay_out,-2.940175053006248,18,4,False,1,0,stay_out,-2.940175053006248,18,4,False,1,False,False,0.0,0
default,1010,Monaco,2022,SAI,21,0,stay_out,-6.995266628909521,18,4,False,1,0,stay_out,-6.995266628909521,18,4,False,1,False,False,0.0,0
default,1010,Monaco,2022,SAI,22,2,pit_medium,-8.302789999063965,18,1,False,0,1,pit_soft,-7.582856665730603,18,0,False,0,True,False,0.719933333333362,0
default,1010,Monaco,2022,SAI,23,0,stay_out,-4.165111387911968,17,1,False,0,0,stay_out,-3.195901387912004,17,0,False,0,False,False,0.9692099999999639,0
default,1010,Monaco,2022,SAI,24,0,stay_out,-5.016469819388382,17,1,True,0,0,stay_out,-4.049959819388418,17,0,True,0,False,False,0.966509999999964,0
default,1010,Monaco,2022,SAI,25,0,stay_out,-1.6723528408535686,17,1,True,0,0,stay_out,-0.7085428408535619,17,0,True,0,False,False,0.9638100000000067,0
default,1010,Monaco,2022,SAI,26,0,stay_out,-0.5961857810107034,17,1,True,0,0,stay_out,0.3649242189893003,17,0,True,0,False,False,0.9611100000000037,0
default,1010,Monaco,2022,SAI,27,0,stay_out,3.442031626992794,12,1,True,0,0,stay_out,4.400441626992797,12,0,True,0,False,False,0.9584100000000029,0
default,1010,Monaco,2022,SAI,28,0,stay_out,31.964557908011216,1,1,True,0,0,stay_out,29.671571241344576,1,0,True,0,False,False,-2.292986666666639,0
default,1010,Monaco,2022,SAI,29,0,stay_out,0.0,1,1,True,0,0,stay_out,0.0,1,0,True,0,False,False,0.0,0
default,1010,Monaco,2022,SAI,30,0,stay_out,-0.0444401607068286,1,1,False,0,0,stay_out,-0.0484401607068278,1,0,False,0,False,False,-0.003999999999999199,0
default,1010,Monaco,2022,SAI,31,0,stay_out,-0.0612928585651914,1,1,False,0,0,stay_out,-0.0702928585651904,1,0,False,0,False,False,-0.008999999999998995,0
default,1010,Monaco,2022,SAI,32,0,stay_out,-0.0459709116091531,1,1,False,0,0,stay_out,-0.0599709116091517,1,0,False,0,False,False,-0.013999999999998604,0
default,1010,Monaco,2022,SAI,33,0,stay_out,-0.1410138050366001,1,1,False,0,0,stay_out,-0.0996813385677654,1,0,False,0,False,False,0.041332466468834705,0
default,1010,Monaco,2022,SAI,34,0,stay_out,-0.1914585944775154,1,1,False,0,0,stay_out,-0.1274261280086804,1,0,False,0,False,False,0.06403246646883501,0
default,1010,Monaco,2022,SAI,35,0,stay_out,-0.2440941763202161,1,1,False,0,0,stay_out,-0.116561709851382,1,0,False,0,False,False,0.1275324664688341,0
default,1010,Monaco,2022,SAI,36,0,stay_out,-0.3614197814197297,1,1,False,0,0,stay_out,-0.131987314950895,1,0,False,0,False,False,0.2294324664688347,0
default,1010,Monaco,2022,SAI,37,1,pit_soft,-4.897406772991865,1,0,False,0,0,stay_out,-0.1368409731896974,1,0,False,0,True,True,4.760565799802168,0
default,1010,Monaco,2022,SAI,38,0,stay_out,0.0,1,0,False,0,0,stay_out,-0.1536805442594485,1,0,False,0,False,False,-0.1536805442594485,0
default,1010,Monaco,2022,SAI,39,0,stay_out,-0.0191836612012153,1,0,False,0,0,stay_out,-0.1838642054606651,1,0,False,0,False,False,-0.16468054425944978,0
default,1010,Monaco,2022,SAI,40,0,stay_out,0.0,1,0,False,0,0,stay_out,-0.1734243913871225,1,0,False,0,False,False,-0.1734243913871225,0
default,1010,Monaco,2022,SAI,41,0,stay_out,-0.029738057517116,1,0,False,0,0,stay_out,-0.2121624489042389,1,0,False,0,False,False,-0.1824243913871229,0
default,1010,Monaco,2022,SAI,42,0,stay_out,-0.0435189149056341,1,0,False,0,0,stay_out,-0.2339433062927568,1,0,False,0,False,False,-0.1904243913871227,0
default,1010,Monaco,2022,SAI,43,0,stay_out,-0.0545993648412959,1,0,False,0,0,stay_out,-0.2510237562284189,1,0,False,0,False,False,-0.19642439138712298,0
default,1010,Monaco,2022,SAI,44,0,stay_out,-0.0367167036247337,1,0,False,0,0,stay_out,-0.255906894814025,1,0,False,0,False,False,-0.2191901911892913,0
default,1010,Monaco,2022,SAI,45,0,stay_out,-0.0427747928141855,1,0,False,0,0,stay_out,-0.2639649840034764,1,0,False,0,False,False,-0.2211901911892909,0
default,1010,Monaco,2022,SAI,46,0,stay_out,-0.1027754921738108,1,0,False,0,0,stay_out,-0.3239656833631017,1,0,False,0,False,False,-0.22119019118929092,0
default,1010,Monaco,2022,SAI,47,0,stay_out,-0.0699718371234297,1,0,False,0,0,stay_out,-0.2911620283127206,1,0,False,0,False,False,-0.2211901911892909,0
default,1010,Monaco,2022,SAI,48,0,stay_out,-0.1117729516216741,1,0,False,0,0,stay_out,-0.3367729516216741,1,0,False,0,False,False,-0.22499999999999998,0
default,1010,Monaco,2022,SAI,49,0,stay_out,-0.1307616262809219,1,0,False,0,0,stay_out,-0.3557616262809219,1,0,False,0,False,False,-0.225,0
default,1010,Monaco,2022,SAI,50,0,stay_out,-0.1521972618952361,1,0,False,0,0,stay_out,-0.3771972618952361,1,0,False,0,False,False,-0.225,0
default,1010,Monaco,2022,SAI,51,0,stay_out,-0.165066374364936,1,0,False,0,0,stay_out,-0.3900663743649361,1,0,False,0,False,False,-0.22500000000000006,0
default,1010,Monaco,2022,SAI,52,0,stay_out,-0.164003494316249,1,0,False,0,0,stay_out,-0.389003494316249,1,0,False,0,False,False,-0.22499999999999998,0
default,1010,Monaco,2022,SAI,53,0,stay_out,-0.3146985407269369,1,0,False,0,0,stay_out,-0.5396985407269369,1,0,False,0,False,False,-0.22499999999999998,0
default,1010,Monaco,2022,SAI,54,0,stay_out,-0.3081311939019827,1,0,False,0,0,stay_out,-0.5331311939019827,1,0,False,0,False,False,-0.22500000000000003,0
default,1010,Monaco,2022,SAI,55,0,stay_out,-0.3338999750029089,1,0,False,0,0,stay_out,-0.5588999750029089,1,0,False,0,False,False,-0.22499999999999998,0
default,1010,Monaco,2022,SAI,56,0,stay_out,-0.3331681971726127,1,0,False,0,0,stay_out,-0.5581681971726127,1,0,False,0,False,False,-0.22499999999999998,0
default,1010,Monaco,2022,SAI,57,0,stay_out,-0.3613645986537776,1,0,False,0,0,stay_out,-0.5863645986537777,1,0,False,0,False,False,-0.22500000000000003,0
default,1010,Monaco,2022,SAI,58,0,stay_out,-0.3830069436313181,1,0,False,0,0,stay_out,-0.6080069436313181,1,0,False,0,False,False,-0.22500000000000003,0
default,1010,Monaco,2022,SAI,59,0,stay_out,-0.3999782818273147,1,0,False,0,0,stay_out,-0.6249782818273147,1,0,False,0,False,False,-0.22500000000000003,0
default,1010,Monaco,2022,SAI,60,0,stay_out,-0.4214403509439037,1,0,False,0,0,stay_out,-0.6464403509439038,1,0,False,0,False,False,-0.22500000000000014,0
default,1010,Monaco,2022,SAI,61,0,stay_out,-0.4338306075708573,1,0,False,0,0,stay_out,-0.6588306075708573,1,0,False,0,False,False,-0.22500000000000003,0
default,1010,Monaco,2022,SAI,62,0,stay_out,24.566544175452854,1,0,False,0,0,stay_out,24.34154417545286,1,0,False,0,False,False,-0.22499999999999432,0
default,1011,Silverstone,2024,SAI,0,0,stay_out,0.0,1,1,False,0,0,stay_out,0.0,1,1,False,0,False,False,0.0,0
default,1011,Silverstone,2024,SAI,1,0,stay_out,-0.031361788744266,1,1,False,0,0,stay_out,-0.031361788744266,1,1,False,0,False,False,0.0,0
default,1011,Silverstone,2024,SAI,2,0,stay_out,-0.0496704165657732,1,1,False,0,0,stay_out,-0.0496704165657732,1,1,False,0,False,False,0.0,0
default,1011,Silverstone,2024,SAI,3,0,stay_out,-0.0336783150548384,1,1,False,0,0,stay_out,-0.0336783150548384,1,1,False,0,False,False,0.0,0
default,1011,Silverstone,2024,SAI,4,0,stay_out,-0.0199898343438462,1,1,False,0,0,stay_out,-0.0199898343438462,1,1,False,0,False,False,0.0,0
default,1011,Silverstone,2024,SAI,5,0,stay_out,-0.060737739377437,1,1,False,0,0,stay_out,-0.060737739377437,1,1,False,0,False,False,0.0,0
default,1011,Silverstone,2024,SAI,6,0,stay_out,-0.0550129158107211,1,1,False,0,0,stay_out,-0.0550129158107211,1,1,False,0,False,False,0.0,0
default,1011,Silverstone,2024,SAI,7,0,stay_out,-0.0342739803071282,1,1,False,0,0,stay_out,-0.0342739803071282,1,1,False,0,False,False,0.0,0
default,1011,Silverstone,2024,SAI,8,0,stay_out,-0.0351062011592304,1,1,False,0,0,stay_out,-0.0351062011592304,1,1,False,0,False,False,0.0,0
default,1011,Silverstone,2024,SAI,9,0,stay_out,-0.0742704530293679,1,1,False,0,0,stay_out,-0.0742704530293679,1,1,False,0,False,False,0.0,0
default,1011,Silverstone,2024,SAI,10,0,stay_out,-0.0096316983586689,1,1,False,0,0,stay_out,-0.0096316983586689,1,1,False,0,False,False,0.0,0
default,1011,Silverstone,2024,SAI,11,0,stay_out,-0.069226182833124,1,1,False,0,0,stay_out,-0.069226182833124,1,1,False,0,False,False,0.0,0
default,1011,Silverstone,2024,SAI,12,1,pit_soft,-11.519729988921172,6,0,False,0,0,stay_out,-0.0585803115791563,1,1,False,0,True,True,11.461149677342016,-5
default,1011,Silverstone,2024,SAI,13,0,stay_out,0.1263865299155838,6,0,False,0,0,stay_out,-0.0395302504312724,1,1,False,0,False,False,-0.1659167803468562,-5
default,1011,Silverstone,2024,SAI,14,0,stay_out,0.1193716375807852,6,0,False,0,0,stay_out,-0.1158492350602117,1,1,False,0,False,False,-0.2352208726409969,-5
default,1011,Silverstone,2024,SAI,15,0,stay_out,0.3961928030408075,6,0,False,0,0,stay_out,-0.3337194215609671,1,1,False,0,False,False,-0.7299122246017746,-5
default,1011,Silverstone,2024,SAI,16,0,stay_out,2.4421322553229188,4,0,False,0,1,pit_soft,-10.76611797177989,6,0,False,0,True,True,-13.208250227102809,2
default,1011,Silverstone,2024,SAI,17,0,stay_out,3.210995317463973,1,0,False,0,0,stay_out,5.650070531139182,1,0,False,0,False,False,2.439075213675209,0
default,1011,Silverstone,2024,SAI,18,0,stay_out,-0.0208168873042367,1,0,False,0,0,stay_out,-0.0208168873042367,1,0,False,0,False,False,0.0,0
default,1011,Silverstone,2024,SAI,19,0,stay_out,-0.0478450548088304,1,0,False,0,0,stay_out,-0.0478450548088304,1,0,False,0,False,False,0.0,0
default,1011,Silverstone,2024,SAI,20,0,stay_out,-0.0221366514967371,1,0,False,0,0,stay_out,-0.0221366514967371,1,0,False,0,False,False,0.0,0
default,1011,Silverstone,2024,SAI,21,0,stay_out,-0.0110656779659024,1,0,False,0,0,stay_out,-0.0110656779659024,1,0,False,0,False,False,0.0,0
default,1011,Silverstone,2024,SAI,22,0,stay_out,-0.0246828903196515,1,0,False,0,0,stay_out,-0.0246828903196515,1,0,False,0,False,False,0.0,0
default,1011,Silverstone,2024,SAI,23,0,stay_out,-0.0238747044637037,1,0,False,0,0,stay_out,-0.0180823967713962,1,0,False,0,False,False,0.0057923076923074995,0
default,1011,Silverstone,2024,SAI,24,0,stay_out,-0.0573451123236168,1,0,False,0,0,stay_out,-0.0274374200159243,1,0,False,0,False,False,0.029907692307692496,0
default,1011,Silverstone,2024,SAI,25,0,stay_out,-1.598412849366622,1,0,False,0,0,stay_out,-1.519393618597391,1,0,False,0,False,False,0.07901923076923101,0
default,1011,Silverstone,2024,SAI,26,0,stay_out,-1.643218722300989,1,0,False,1,0,stay_out,-1.5137841069163742,1,0,False,1,False,False,0.12943461538461487,0
default,1011,Silverstone,2024,SAI,27,0,stay_out,-1.6613008224734471,1,0,False,1,0,stay_out,-1.5281988993965243,1,0,False,1,False,False,0.1331019230769228,0
default,1011,Silverstone,2024,SAI,28,0,stay_out,-1.6979267004900267,1,0,False,1,0,stay_out,-1.5794805466438733,1,0,False,1,False,False,0.11844615384615342,0
default,1011,Silverstone,2024,SAI,29,0,stay_out,-1.6992951590308865,1,0,False,1,0,stay_out,-1.6205009282616558,1,0,False,1,False,False,0.07879423076923064,0
default,1011,Silverstone,2024,SAI,30,0,stay_out,-1.6840683176768607,1,0,False,1,0,stay_out,-1.646229856138399,1,0,False,1,False,False,0.03783846153846171,0
default,1011,Silverstone,2024,SAI,31,0,stay_out,-1.6788089224470726,1,0,False,1,0,stay_out,-1.6409704609086109,1,0,False,1,False,False,0.03783846153846171,0
default,1011,Silverstone,2024,SAI,32,0,stay_out,-1.6635139100989846,1,0,False,1,0,stay_out,-1.625675448560523,1,0,False,1,False,False,0.03783846153846171,0
default,1011,Silverstone,2024,SAI,33,0,stay_out,-1.721045759467137,1,0,False,1,0,stay_out,-1.683207297928675,1,0,False,1,False,False,0.03783846153846193,0
default,1011,Silverstone,2024,SAI,34,0,stay_out,-1.719168553341099,1,0,False,1,0,stay_out,-1.6813300918026373,1,0,False,1,False,False,0.03783846153846171,0
default,1011,Silverstone,2024,SAI,35,0,stay_out,-2.93106348723085,2,0,False,1,0,stay_out,-1.7117331775293196,1,0,False,1,False,False,1.2193303097015302,-1
default,1011,Silverstone,2024,SAI,36,0,stay_out,-4.758663753234346,4,0,False,1,0,stay_out,-5.422026968918827,4,0,False,1,False,False,-0.6633632156844804,0
default,1011,Silverstone,2024,SAI,37,0,stay_out,2.091998891603976,2,0,False,1,0,stay_out,2.067675814680905,2,0,False,1,False,False,-0.024323076923070897,0
default,1011,Silverstone,2024,SAI,38,0,stay_out,1.4985566981294496,1,0,False,0,0,stay_out,1.108266527189319,1,0,False,0,False,False,-0.3902901709401305,0
default,1011,Silverstone,2024,SAI,39,0,stay_out,-0.3510881321358767,1,0,False,0,0,stay_out,-0.3132496705974148,1,0,False,0,False,False,0.037838461538461876,0
default,1011,Silverstone,2024,SAI,40,0,stay_out,-0.3627537075514752,1,0,False,0,0,stay_out,-0.3249152460130148,1,0,False,0,False,False,0.03783846153846038,0
default,1011,Silverstone,2024,SAI,41,0,stay_out,-0.4385285237532642,1,0,False,0,0,stay_out,-0.4006900622148038,1,0,False,0,False,False,0.03783846153846038,0
default,1011,Silverstone,2024,SAI,42,0,stay_out,-2.656130376282799,3,0,False,0,0,stay_out,-0.3724814619866152,1,0,False,0,False,False,2.2836489142961836,-2
default,1011,Silverstone,2024,SAI,43,0,stay_out,-1.933676866446798,4,0,False,0,0,stay_out,-0.3956499716849265,1,0,False,0,False,False,1.5380268947618716,-3
default,1011,Silverstone,2024,SAI,44,0,stay_out,-0.8879302131391995,4,0,False,0,0,stay_out,-2.7230927743340887,3,0,False,0,False,False,-1.8351625611948892,-1
default,1011,Silverstone,2024,SAI,45,0,stay_out,-1.848725499489441,5,0,False,0,0,stay_out,-1.873048576412512,4,0,False,0,False,False,-0.024323076923070897,-1
default,1011,Silverstone,2024,SAI,46,0,stay_out,-1.028552744162302,5,0,False,0,0,stay_out,-0.8528758210853724,4,0,False,0,False,False,0.1756769230769295,-1
default,1011,Silverstone,2024,SAI,47,0,stay_out,-0.8914962816146683,5,0,False,0,0,stay_out,-1.815819358537739,5,0,False,0,False,False,-0.9243230769230706,0
default,1011,Silverstone,2024,SAI,48,0,stay_out,-0.8548118637358286,5,0,False,0,0,stay_out,-0.8591349406588634,5,0,False,0,False,False,-0.0043230769230347965,0
default,1011,Silverstone,2024,SAI,49,0,stay_out,-0.9224025694572888,5,0,False,0,0,stay_out,-0.8467256463803594,5,0,False,0,False,False,0.07567692307692941,0
default,1011,Silverstone,2024,SAI,50,0,stay_out,9.006395200432733,5,0,False,0,0,stay_out,9.082072123509665,5,0,False,0,False,False,0.07567692307693186,0
default,1012,Monaco,2022,RUS,0,0,stay_out,-2.0826143875976544,1,4,True,2,0,stay_out,-2.0826143875976544,1,4,True,2,False,False,0.0,0
default,1012,Monaco,2022,RUS,1,0,stay_out,-0.0483883237688488,1,4,True,2,0,stay_out,-0.0483883237688488,1,4,True,2,False,False,0.0,0
default,1012,Monaco,2022,RUS,2,0,stay_out,-0.2269102532240126,1,4,False,2,0,stay_out,-0.2269102532240126,1,4,False,2,False,False,0.0,0
default,1012,Monaco,2022,RUS,3,0,stay_out,-0.4746382963498149,1,4,False,2,0,stay_out,-0.4746382963498149,1,4,False,2,False,False,0.0,0
default,1012,Monaco,2022,RUS,4,0,stay_out,-0.5893123833883592,1,4,False,2,0,stay_out,-0.5893123833883592,1,4,False,2,False,False,0.0,0
default,1012,Monaco,2022,RUS,5,0,stay_out,-3.1598966666121897,3,4,False,2,0,stay_out,-3.1598966666121897,3,4,False,2,False,False,0.0,0
default,1012,Monaco,2022,RUS,6,0,stay_out,-3.5219640938377896,5,4,False,2,0,stay_out,-3.5219640938377896,5,4,False,2,False,False,0.0,0
default,1012,Monaco,2022,RUS,7,0,stay_out,-2.507965495248317,6,4,False,2,0,stay_out,-2.507965495248317,6,4,False,2,False,False,0.0,0
default,1012,Monaco,2022,RUS,8,0,stay_out,-3.685381071739615,8,4,False,2,0,stay_out,-3.685381071739615,8,4,False,2,False,False,0.0,0
default,1012,Monaco,2022,RUS,9,0,stay_out,-1.7783299129136796,8,4,False,2,0,stay_out,-1.7783299129136796,8,4,False,2,False,False,0.0,0
default,1012,Monaco,2022,RUS,10,0,stay_out,-2.901420669704929,9,4,False,2,0,stay_out,-2.901420669704929,9,4,False,2,False,False,0.0,0
default,1012,Monaco,2022,RUS,11,0,stay_out,-4.170906354347746,11,4,False,2,0,stay_out,-4.170906354347746,11,4,False,2,False,False,0.0,0
default,1012,Monaco,2022,RUS,12,0,stay_out,-5.472753193858939,14,4,False,2,0,stay_out,-5.472753193858939,14,4,False,2,False,False,0.0,0
default,1012,Monaco,2022,RUS,13,0,stay_out,-6.65017405968659,18,4,False,2,0,stay_out,-6.65017405968659,18,4,False,2,False,False,0.0,0
default,1012,Monaco,2022,RUS,14,0,stay_out,-3.648566867677937,19,4,False,2,0,stay_out,-3.648566867677937,19,4,False,2,False,False,0.0,0
default,1012,Monaco,2022,RUS,15,0,stay_out,-1.7470151504306872,18,4,False,2,0,stay_out,-1.7470151504306872,18,4,False,2,False,False,0.0,0
default,1012,Monaco,2022,RUS,16,0,stay_out,-3.628768244993917,19,4,False,2,0,stay_out,-3.628768244993917,19,4,False,2,False,False,0.0,0
default,1012,Monaco,2022,RUS,17,0,stay_out,-3.351860640413972,19,4,False,2,0,stay_out,-3.351860640413972,19,4,False,2,False,False,0.0,0
default,1012,Monaco,2022,RUS,18,0,stay_out,-2.396303366211483,18,4,False,2,0,stay_out,-2.396303366211483,18,4,False,2,False,False,0.0,0
default,1012,Monaco,2022,RUS,19,0,stay_out,-3.972252589647894,18,4,False,2,0,stay_out,-3.972252589647894,18,4,False,2,False,False,0.0,0
default,1012,Monaco,2022,RUS,20,0,stay_out,-3.021647161731264,18,4,False,1,0,stay_out,-3.021647161731264,18,4,False,1,False,False,0.0,0
default,1012,Monaco,2022,RUS,21,0,stay_out,-6.979432640367317,18,4,False,1,0,stay_out,-6.979432640367317,18,4,False,1,False,False,0.0,0
default,1012,Monaco,2022,RUS,22,2,pit_medium,-8.356928479589822,18,1,False,0,1,pit_soft,-7.636995146256506,18,0,False,0,True,False,0.7199333333333158,0
default,1012,Monaco,2022,RUS,23,0,stay_out,-4.167307652692804,17,1,False,0,0,stay_out,-3.198097652692839,17,0,False,0,False,False,0.9692099999999648,0
default,1012,Monaco,2022,RUS,24,0,stay_out,-5.085229410157693,17,1,True,0,0,stay_out,-4.118719410157684,17,0,True,0,False,False,0.9665100000000084,0
default,1012,Monaco,2022,RUS,25,0,stay_out,-1.688114319403128,17,1,True,0,0,stay_out,-0.7243043194031218,17,0,True,0,False,False,0.9638100000000063,0
default,1012,Monaco,2022,RUS,26,0,stay_out,-0.6161840713389113,17,1,True,0,0,stay_out,0.3449259286610924,17,0,True,0,False,False,0.9611100000000037,0
default,1012,Monaco,2022,RUS,27,0,stay_out,3.339259839109701,12,1,True,0,0,stay_out,4.297669839109703,12,0,True,0,False,False,0.9584100000000015,0
default,1012,Monaco,2022,RUS,28,0,stay_out,31.99967238324094,1,1,True,0,0,stay_out,29.706685716574302,1,0,True,0,False,False,-2.292986666666639,0
default,1012,Monaco,2022,RUS,29,0,stay_out,0.0,1,1,True,0,0,stay_out,0.0,1,0,True,0,False,False,0.0,0
default,1012,Monaco,2022,RUS,30,0,stay_out,-0.0018298518788441,1,1,False,0,0,stay_out,-0.0058298518788433,1,0,False,0,False,False,-0.0039999999999991995,0
default,1012,Monaco,2022,RUS,31,0,stay_out,-0.0174803232541606,1,1,False,0,0,stay_out,-0.0264803232541595,1,0,False,0,False,False,-0.008999999999998898,0
default,1012,Monaco,2022,RUS,32,0,stay_out,-0.0197979292517359,1,1,False,0,0,stay_out,-0.0337979292517346,1,0,False,0,False,False,-0.013999999999998704,0
default,1012,Monaco,2022,RUS,33,0,stay_out,-0.1151662645422604,1,1,False,0,0,stay_out,-0.0429361115386541,1,0,False,0,False,False,0.0722301530036063,0
default,1012,Monaco,2022,RUS,34,0,stay_out,-0.1597802735081075,1,1,False,0,0,stay_out,-0.0648501205045008,1,0,False,0,False,False,0.0949301530036067,0
default,1012,Monaco,2022,RUS,35,0,stay_out,-0.2256473485806651,1,1,False,0,0,stay_out,-0.0672171955770594,1,0,False,0,False,False,0.1584301530036057,0
default,1012,Monaco,2022,RUS,36,0,stay_out,-0.3607489318495055,1,1,False,0,0,stay_out,-0.1004187788458992,1,0,False,0,False,False,0.2603301530036063,0
default,1012,Monaco,2022,RUS,37,1,pit_soft,-4.899520419074836,1,0,False,0,0,stay_out,-0.1080569327378967,1,0,False,0,True,True,4.791463486336939,0
default,1012,Monaco,2022,RUS,38,0,stay_out,0.0,1,0,False,0,0,stay_out,-0.1365939695421332,1,0,False,0,False,False,-0.1365939695421332,0
default,1012,Monaco,2022,RUS,39,0,stay_out,-0.0019231491459066,1,0,False,0,0,stay_out,-0.1695171186880415,1,0,False,0,False,False,-0.1675939695421349,0
default,1012,Monaco,2022,RUS,40,0,stay_out,-0.0159706356298499,1,0,False,0,0,stay_out,-0.1948646051719819,1,0,False,0,False,False,-0.178893969542132,0
default,1012,Monaco,2022,RUS,41,0,stay_out,-0.0246944174619912,1,0,False,0,0,stay_out,-0.2125883870041235,1,0,False,0,False,False,-0.1878939695421323,0
default,1012,Monaco,2022,RUS,42,0,stay_out,-0.016623674255652,1,0,False,0,0,stay_out,-0.2125176437977842,1,0,False,0,False,False,-0.1958939695421322,0
default,1012,Monaco,2022,RUS,43,0,stay_out,-0.0362857358706008,1,0,False,0,0,stay_out,-0.2381797054127332,1,0,False,0,False,False,-0.2018939695421324,0
default,1012,Monaco,2022,RUS,44,0,stay_out,-0.0285564964736494,1,0,False,0,0,stay_out,-0.2515564964736498,1,0,False,0,False,False,-0.2230000000000004,0
default,1012,Monaco,2022,RUS,45,0,stay_out,-0.0231630938534721,1,0,False,0,0,stay_out,-0.2481630938534721,1,0,False,0,False,False,-0.225,0
default,1012,Monaco,2022,RUS,46,0,stay_out,-0.0657794814129332,1,0,False,0,0,stay_out,-0.2907794814129332,1,0,False,0,False,False,-0.22499999999999998,0
default,1012,Monaco,2022,RUS,47,0,stay_out,-0.076617641348821,1,0,False,0,0,stay_out,-0.3016176413488211,1,0,False,0,False,False,-0.2250000000000001,0
default,1012,Monaco,2022,RUS,48,0,stay_out,-0.1146203722026442,1,0,False,0,0,stay_out,-0.3396203722026442,1,0,False,0,False,False,-0.22499999999999998,0
default,1012,Monaco,2022,RUS,49,0,stay_out,-0.1279117191557418,1,0,False,0,0,stay_out,-0.3529117191557418,1,0,False,0,False,False,-0.22500000000000003,0
default,1012,Monaco,2022,RUS,50,0,stay_out,-0.1256404306146606,1,0,False,0,0,stay_out,-0.3506404306146606,1,0,False,0,False,False,-0.225,0
default,1012,Monaco,2022,RUS,51,0,stay_out,-0.158582654480108,1,0,False,0,0,stay_out,-0.383582654480108,1,0,False,0,False,False,-0.22499999999999998,0
default,1012,Monaco,2022,RUS,52,0,stay_out,-0.191790635710862,1,0,False,0,0,stay_out,-0.416790635710862,1,0,False,0,False,False,-0.225,0
default,1012,Monaco,2022,RUS,53,0,stay_out,-0.2955704563615001,1,0,False,0,0,stay_out,-0.5205704563615001,1,0,False,0,False,False,-0.22500000000000003,0
default,1012,Monaco,2022,RUS,54,0,stay_out,-0.3278959883368586,1,0,False,0,0,stay_out,-0.5528959883368586,1,0,False,0,False,False,-0.22499999999999998,0
default,1012,Monaco,2022,RUS,55,0,stay_out,-0.3323848506153539,1,0,False,0,0,stay_out,-0.5573848506153539,1,0,False,0,False,False,-0.22500000000000003,0
default,1012,Monaco,2022,RUS,56,0,stay_out,-0.3510427058104384,1,0,False,0,0,stay_out,-0.5760427058104384,1,0,False,0,False,False,-0.22499999999999998,0
default,1012,Monaco,2022,RUS,57,0,stay_out,-0.3937573610388668,1,0,False,0,0,stay_out,-0.6187573610388668,1,0,False,0,False,False,-0.22499999999999998,0
default,1012,Monaco,2022,RUS,58,0,stay_out,-0.3958599955139135,1,0,False,0,0,stay_out,-0.6208599955139136,1,0,False,0,False,False,-0.2250000000000001,0
default,1012,Monaco,2022,RUS,59,0,stay_out,-0.403469787305329,1,0,False,0,0,stay_out,-0.628469787305329,1,0,False,0,False,False,-0.22499999999999998,0
default,1012,Monaco,2022,RUS,60,0,stay_out,-0.399356714499406,1,0,False,0,0,stay_out,-0.624356714499406,1,0,False,0,False,False,-0.22499999999999998,0
default,1012,Monaco,2022,RUS,61,0,stay_out,-0.4143579512832403,1,0,False,0,0,stay_out,-0.6393579512832404,1,0,False,0,False,False,-0.22500000000000003,0
default,1012,Monaco,2022,RUS,62,0,stay_out,24.543656536901423,1,0,False,0,0,stay_out,24.318656536901425,1,0,False,0,False,False,-0.22499999999999787,0
default,1013,Monza,2024,STR,0,0,stay_out,0.0,1,2,False,0,0,stay_out,0.0,1,2,False,0,False,False,0.0,0
default,1013,Monza,2024,STR,1,0,stay_out,-0.0345620412173957,1,2,False,0,0,stay_out,-0.0345620412173957,1,2,False,0,False,False,0.0,0
default,1013,Monza,2024,STR,2,0,stay_out,-0.0203215345436788,1,2,False,0,0,stay_out,-0.0203215345436788,1,2,False,0,False,False,0.0,0
default,1013,Monza,2024,STR,3,0,stay_out,-0.0314080362583695,1,2,False,0,1,pit_soft,-40.46441437649331,15,0,False,0,True,True,-40.43300634023494,14
default,1013,Monza,2024,STR,4,0,stay_out,-0.0218255501841909,1,2,False,0,0,stay_out,4.179293279589797,11,0,False,0,False,False,4.201118829773988,10
default,1013,Monza,2024,STR,5,0,stay_out,-0.0371018789878704,1,2,False,0,0,stay_out,2.122240621982431,9,0,False,0,False,False,2.1593425009703013,8
default,1013,Monza,2024,STR,6,0,stay_out,-0.0206624996784313,1,2,False,0,0,stay_out,0.178156330095544,9,0,False,0,False,False,0.1988188297739753,8
default,1013,Monza,2024,STR,7,0,stay_out,-0.0037887319625312,1,2,False,0,0,stay_out,2.159530097811444,7,0,False,0,False,False,2.163318829773975,6
default,1013,Monza,2024,STR,8,0,stay_out,0.0,1,2,False,0,0,stay_out,2.135178094248068,5,0,False,0,False,False,2.135178094248068,4
default,1013,Monza,2024,STR,9,0,stay_out,-0.0129632877512804,1,2,False,0,0,stay_out,0.1356005753492709,5,0,False,0,False,False,0.14856386310055128,4
default,1013,Monza,2024,STR,10,0,stay_out,-0.0180192863194676,1,2,False,0,0,stay_out,1.1510961253827192,4,0,False,0,False,False,1.169115411702187,3
default,1013,Monza,2024,STR,11,0,stay_out,-0.0173861227647321,1,2,False,0,0,stay_out,2.118562452492179,2,0,False,0,False,False,2.1359485752569114,1
default,1013,Monza,2024,STR,12,0,stay_out,-0.0237171256231931,1,2,False,0,0,stay_out,0.1337004467752635,2,0,False,0,False,False,0.1574175723984566,1
default,1013,Monza,2024,STR,13,0,stay_out,-0.0242411873452411,1,2,False,0,0,stay_out,0.9844164873345888,1,0,False,0,False,False,1.00865767467983,0
default,1013,Monza,2024,STR,14,0,stay_out,-0.0343982580409857,1,2,False,0,0,stay_out,-0.034404861814572,1,0,False,0,False,False,-6.6037735863000435e-06,0
default,1013,Monza,2024,STR,15,0,stay_out,-0.0335224199360723,1,2,False,0,0,stay_out,-0.0485290237096592,1,0,False,0,False,False,-0.015006603773586896,0
default,1013,Monza,2024,STR,16,0,stay_out,-0.0813692036097876,1,2,False,0,0,stay_out,-0.1036682602135627,1,0,False,0,False,False,-0.022299056603775097,0
default,1013,Monza,2024,STR,17,0,stay_out,-0.0812046685701219,1,2,False,0,0,stay_out,-0.1148999515889897,1,0,False,0,False,False,-0.0336952830188678,0
default,1013,Monza,2024,STR,18,0,stay_out,-0.1019687481628096,1,2,False,0,0,stay_out,-0.1107602575967718,1,0,False,0,False,False,-0.008791509433962202,0
default,1013,Monza,2024,STR,19,0,stay_out,-0.1214474651983792,1,2,False,0,2,pit_medium,-7.534859714031442,3,1,False,0,True,True,-7.413412248833063,2
default,1013,Monza,2024,STR,20,0,stay_out,-0.0966091597368589,1,2,False,0,0,stay_out,2.319120070228277,1,1,False,0,False,False,2.4157292299651356,0
default,1013,Monza,2024,STR,21,0,stay_out,-0.0948345991776321,1,2,False,0,0,stay_out,-0.0746761086115952,1,1,False,0,False,False,0.0201584905660369,0
default,1013,Monza,2024,STR,22,0,stay_out,-0.0888592213173666,1,2,False,0,0,stay_out,-0.0687007307513297,1,1,False,0,False,False,0.0201584905660369,0
default,1013,Monza,2024,STR,23,0,stay_out,-0.1495599796621348,1,2,False,0,0,stay_out,-0.1137826211715705,1,1,False,0,False,False,0.03577735849056431,0
default,1013,Monza,2024,STR,24,0,stay_out,-0.1206187110824998,1,2,False,0,0,stay_out,-0.0848413525919355,1,1,False,0,False,False,0.03577735849056431,0
default,1013,Monza,2024,STR,25,0,stay_out,-0.1283180885876987,1,2,False,0,0,stay_out,-0.0895331829273232,1,1,False,0,False,False,0.0387849056603755,0
default,1013,Monza,2024,STR,26,0,stay_out,-0.123356873651592,1,2,False,0,0,stay_out,-0.0845719679912164,1,1,False,0,False,False,0.038784905660375596,0
default,1013,Monza,2024,STR,27,0,stay_out,-0.1348813384400401,1,2,False,0,0,stay_out,-0.0960964327796645,1,1,False,0,False,False,0.03878490566037561,0
default,1013,Monza,2024,STR,28,0,stay_out,-0.1399876077263215,1,2,False,0,0,stay_out,-1.1307087197842975,2,1,False,0,False,False,-0.9907211120579761,1
default,1013,Monza,2024,STR,29,0,stay_out,-0.1468484371617791,1,2,False,0,0,stay_out,-0.2273263272453036,2,1,False,0,False,False,-0.08047789008352452,1
default,1013,Monza,2024,STR,30,0,stay_out,-0.1387608075851261,1,2,False,0,0,stay_out,-0.1813189926202881,2,1,False,0,False,False,-0.04255818503516201,1
default,1013,Monza,2024,STR,31,0,stay_out,-0.1571537617494144,1,2,False,0,0,stay_out,-0.2889973537790581,2,1,False,0,False,False,-0.1318435920296437,1
default,1013,Monza,2024,STR,32,0,stay_out,-0.1523864521502602,1,2,False,0,0,stay_out,-0.2258702817505522,2,1,False,0,False,False,-0.07348382960029201,1
default,1013,Monza,2024,STR,33,0,stay_out,-0.1497916968708637,1,2,False,0,0,stay_out,-0.2253807711917431,2,1,False,0,False,False,-0.07558907432087941,1
default,1013,Monza,2024,STR,34,0,stay_out,-0.1671216632385196,1,2,False,0,0,stay_out,-0.1760293831723743,2,1,False,0,False,False,-0.008907719933854696,1
default,1013,Monza,2024,STR,35,0,stay_out,-0.1640683863538058,1,2,False,0,0,stay_out,-0.1860379237425846,2,1,False,0,False,False,-0.021969537388778798,1
default,1013,Monza,2024,STR,36,0,stay_out,-0.1718389588961926,1,2,False,0,0,stay_out,-0.9316866159971668,3,1,False,0,False,False,-0.7598476571009742,2
default,1013,Monza,2024,STR,37,0,stay_out,-0.1967500343690872,1,2,False,0,0,stay_out,0.6159932330569958,2,1,False,0,False,False,0.812743267426083,1
default,1013,Monza,2024,STR,38,2,pit_medium,-5.117794499945173,1,1,False,0,0,stay_out,-0.4168097546073468,2,1,False,0,True,True,4.700984745337826,1
default,1013,Monza,2024,STR,39,0,stay_out,-0.1456310397776974,1,1,False,0,0,stay_out,-0.4597003119288019,2,1,False,0,False,False,-0.3140692721511045,1
default,1013,Monza,2024,STR,40,0,stay_out,-0.1643417826667956,1,1,False,0,0,stay_out,-0.4943392753633688,2,1,False,0,False,False,-0.3299974926965732,1
default,1013,Monza,2024,STR,41,0,stay_out,-0.1996986916634696,1,1,False,0,0,stay_out,-0.5163705710131324,2,1,False,0,False,False,-0.31667187934966284,1
default,1013,Monza,2024,STR,42,0,stay_out,-0.2008817934249308,1,1,False,0,0,stay_out,-1.5655542521925014,3,1,False,0,False,False,-1.3646724587675707,2
default,1013,Monza,2024,STR,43,0,stay_out,-0.1490390804201226,1,1,False,0,0,stay_out,-1.534886303839221,4,1,False,0,False,False,-1.3858472234190984,3
default,1013,Monza,2024,STR,44,0,stay_out,-0.1759339331272869,1,1,False,0,0,stay_out,-1.6051934869099798,5,1,False,0,False,False,-1.4292595537826929,4
default,1013,Monza,2024,STR,45,0,stay_out,-0.1615451302887265,1,1,False,0,0,stay_out,-0.5516333588892991,5,1,False,0,False,False,-0.3900882286005726,4
default,1013,Monza,2024,STR,46,0,stay_out,-0.1667262604993681,1,1,False,0,0,stay_out,-0.5009130969669713,5,1,False,0,False,False,-0.33418683646760317,4
default,1013,Monza,2024,STR,47,0,stay_out,-0.1646581171556264,1,1,False,0,0,stay_out,-0.5049942879359108,5,1,False,0,False,False,-0.34033617078028444,4
default,1013,Monza,2024,STR,48,0,stay_out,-0.1786905575133204,1,1,False,0,0,stay_out,-0.5367766463076151,5,1,False,0,False,False,-0.3580860887942947,4
default,1013,Monza,2024,STR,49,0,stay_out,-0.2013612621949434,1,1,False,0,0,stay_out,-1.5597676087990069,6,1,False,0,False,False,-1.3584063466040635,5
default,1013,Monza,2024,STR,50,0,stay_out,-0.2354733032661599,1,1,False,0,0,stay_out,-0.6515940742582459,6,1,False,0,False,False,-0.416120770992086,5
default,1013,Monza,2024,STR,51,0,stay_out,24.71675801381586,1,1,False,0,0,stay_out,7.290058629419176,6,1,False,0,False,False,-17.426699384396684,5
default,1014,Silverstone,2023,ALB,0,0,stay_out,0.0,1,1,False,0,0,stay_out,0.0,1,1,False,0,False,False,0.0,0
default,1014,Silverstone,2023,ALB,1,0,stay_out,0.0,1,1,False,0,0,stay_out,0.0,1,1,False,0,False,False,0.0,0
default,1014,Silverstone,2023,ALB,2,0,stay_out,-0.0100933967122671,1,1,False,0,0,stay_out,-0.0100933967122671,1,1,False,0,False,False,0.0,0
default,1014,Silverstone,2023,ALB,3,0,stay_out,0.0,1,1,False,0,0,stay_out,0.0,1,1,False,0,False,False,0.0,0
default,1014,Silverstone,2023,ALB,4,0,stay_out,-0.0399706231319768,1,1,False,0,0,stay_out,-0.0399706231319768,1,1,False,0,False,False,0.0,0
default,1014,Silverstone,2023,ALB,5,0,stay_out,-0.0206072224764938,1,1,False,0,0,stay_out,-0.0206072224764938,1,1,False,0,False,False,0.0,0
default,1014,Silverstone,2023,ALB,6,0,stay_out,-0.0320161636502348,1,1,False,0,0,stay_out,-0.0320161636502348,1,1,False,0,False,False,0.0,0
default,1014,Silverstone,2023,ALB,7,0,stay_out,-0.00125824996162,1,1,False,0,0,stay_out,-0.00125824996162,1,1,False,0,False,False,0.0,0
default,1014,Silverstone,2023,ALB,8,0,stay_out,-0.0185746709573521,1,1,False,0,0,stay_out,-0.0185746709573521,1,1,False,0,False,False,0.0,0
default,1014,Silverstone,2023,ALB,9,0,stay_out,-0.032641781844272,1,1,False,0,0,stay_out,-0.032641781844272,1,1,False,0,False,False,0.0,0
default,1014,Silverstone,2023,ALB,10,0,stay_out,-0.03499828171405,1,1,False,0,0,stay_out,-0.03499828171405,1,1,False,0,False,False,0.0,0
default,1014,Silverstone,2023,ALB,11,0,stay_out,-0.0137631041312189,1,1,False,0,0,stay_out,-0.0137631041312189,1,1,False,0,False,False,0.0,0
default,1014,Silverstone,2023,ALB,12,0,stay_out,-0.0242235075633274,1,1,False,0,0,stay_out,-0.0242235075633274,1,1,False,0,False,False,0.0,0
default,1014,Silverstone,2023,ALB,13,0,stay_out,-0.0221201502249911,1,1,False,0,0,stay_out,-0.0221201502249911,1,1,False,0,False,False,0.0,0
default,1014,Silverstone,2023,ALB,14,0,stay_out,-0.0256348100281286,1,1,False,0,1,pit_soft,-21.072485554322792,14,0,False,0,True,True,-21.046850744294662,13
default,1014,Silverstone,2023,ALB,15,0,stay_out,-0.014933351418648,1,1,False,0,0,stay_out,1.0837814718491472,13,0,False,0,False,False,1.0987148232677952,12
default,1014,Silverstone,2023,ALB,16,0,stay_out,-0.0363097221528718,1,1,False,0,0,stay_out,1.0314287303807037,12,0,False,0,False,False,1.0677384525335756,11
default,1014,Silverstone,2023,ALB,17,0,stay_out,-0.0207387189398232,1,1,False,0,0,stay_out,1.1014761043279575,11,0,False,0,False,False,1.1222148232677807,10
default,1014,Silverstone,2023,ALB,18,0,stay_out,-0.021405164804122,1,1,False,0,0,stay_out,0.0158432125993655,11,0,False,0,False,False,0.0372483774034875,10
default,1014,Silverstone,2023,ALB,19,0,stay_out,-0.0414639098859552,1,1,False,0,0,stay_out,0.9756257224356888,10,0,False,0,False,False,1.017089632321644,9
default,1014,Silverstone,2023,ALB,20,0,stay_out,-0.0247640954691405,1,1,False,0,0,stay_out,0.0780253512693107,10,0,False,0,False,False,0.10278944673845121,9
default,1014,Silverstone,2023,ALB,21,0,stay_out,-0.0394595574516046,1,1,False,0,0,stay_out,-0.0225655726955992,10,0,False,0,False,False,0.0168939847560054,9
default,1014,Silverstone,2023,ALB,22,0,stay_out,-0.0084171499558109,1,1,False,0,0,stay_out,1.0273192422959851,9,0,False,0,False,False,1.0357363922517961,8
default,1014,Silverstone,2023,ALB,23,0,stay_out,-0.0376577840703646,1,1,False,0,0,stay_out,-0.0166620259331196,9,0,False,0,False,False,0.020995758137245003,8
default,1014,Silverstone,2023,ALB,24,0,stay_out,-0.0497456980295936,1,1,False,0,0,stay_out,0.8379236846099332,8,0,False,0,False,False,0.8876693826395268,7
default,1014,Silverstone,2023,ALB,25,0,stay_out,-0.0424613683661121,1,1,False,0,0,stay_out,1.8386923439369027,6,0,False,0,False,False,1.8811537123030149,5
default,1014,Silverstone,2023,ALB,26,0,stay_out,-0.0352527009370234,1,1,False,0,0,stay_out,-0.0391903212049001,6,0,False,0,False,False,-0.003937620267876696,5
default,1014,Silverstone,2023,ALB,27,0,stay_out,-0.0553304287057429,1,1,False,0,0,stay_out,0.9467014997990404,5,0,False,0,False,False,1.0020319285047834,4
default,1014,Silverstone,2023,ALB,28,0,stay_out,-0.09063431979352,1,1,False,0,0,stay_out,0.8423167945465082,4,0,False,0,False,False,0.9329511143400282,3
default,1014,Silverstone,2023,ALB,29,0,stay_out,-0.1132415442073167,1,1,False,0,0,stay_out,-0.1945745773579702,4,0,False,0,False,False,-0.0813330331506535,3
default,1014,Silverstone,2023,ALB,30,0,stay_out,-7.778253638571713,3,1,False,0,0,stay_out,-12.82918576257376,10,0,False,0,False,False,-5.050932124002046,7
default,1014,Silverstone,2023,ALB,31,3,pit_hard,-16.51974018112888,7,2,True,0,0,stay_out,-2.0082559309706824,8,0,True,0,True,True,14.5114842501582,1
default,1014,Silverstone,2023,ALB,32,0,stay_out,7.533013337516179,2,2,True,0,0,stay_out,5.230912233188235,5,0,True,0,False,False,-2.302101104327944,3
default,1014,Silverstone,2023,ALB,33,0,stay_out,-2.328782657218708,1,2,True,0,0,stay_out,1.5471508988790583,1,0,True,0,False,False,3.875933556097766,0
default,1014,Silverstone,2023,ALB,34,0,stay_out,-3.243438790540812,1,2,True,0,0,stay_out,-3.39332739486877,1,0,True,0,False,False,-0.1498886043279577,0
default,1014,Silverstone,2023,ALB,35,0,stay_out,-3.2698054634521614,1,2,True,0,0,stay_out,-3.4156440677801188,1,0,True,0,False,False,-0.14583860432795737,0
default,1014,Silverstone,2023,ALB,36,0,stay_out,-3.2857680164125926,1,2,True,0,0,stay_out,-3.4275566207405506,1,0,True,0,False,False,-0.14178860432795792,0
default,1014,Silverstone,2023,ALB,37,0,stay_out,-0.145792275603921,1,2,True,0,0,stay_out,-0.24054227560392,1,0,True,0,False,False,-0.094749999999999,0
default,1014,Silverstone,2023,ALB,38,0,stay_out,-0.1881926859798284,1,2,False,0,0,stay_out,-0.2795003782875199,1,0,False,0,False,False,-0.09130769230769148,0
default,1014,Silverstone,2023,ALB,39,0,stay_out,-0.1833587325657873,1,2,False,0,0,stay_out,-0.2702241171811721,1,0,False,0,False,False,-0.08686538461538482,0
default,1014,Silverstone,2023,ALB,40,0,stay_out,-0.1583561522345888,1,2,False,0,0,stay_out,-0.239779229157665,1,0,False,0,False,False,-0.08142307692307621,0
default,1014,Silverstone,2023,ALB,41,0,stay_out,-0.2081120903081768,1,2,False,0,0,stay_out,-0.2840928595389457,1,0,False,0,False,False,-0.07598076923076891,0
default,1014,Silverstone,2023,ALB,42,0,stay_out,-0.1982739542689486,1,2,False,0,0,stay_out,-0.2688124158074089,1,0,False,0,False,False,-0.0705384615384603,0
default,1014,Silverstone,2023,ALB,43,0,stay_out,-0.2043621755139881,1,2,False,0,0,stay_out,-0.2694583293601411,1,0,False,0,False,False,-0.06509615384615297,0
default,1014,Silverstone,2023,ALB,44,0,stay_out,-0.2096044572450523,1,2,False,0,0,stay_out,-0.2692583033988967,1,0,False,0,False,False,-0.05965384615384442,0
default,1014,Silverstone,2023,ALB,45,0,stay_out,-0.2065302302332085,1,2,False,0,0,stay_out,-0.2607417686947471,1,0,False,0,False,False,-0.05421153846153859,0
default,1014,Silverstone,2023,ALB,46,0,stay_out,-0.2488827532687565,1,2,False,0,0,stay_out,-0.2976519840379865,1,0,False,0,False,False,-0.04876923076922998,0
default,1014,Silverstone,2023,ALB,47,0,stay_out,-0.2134923748695001,1,2,False,0,0,stay_out,-0.2568192979464229,1,0,False,0,False,False,-0.04332692307692279,0
default,1014,Silverstone,2023,ALB,48,0,stay_out,-0.234156258776072,1,2,False,0,0,stay_out,-0.2720408741606874,1,0,False,0,False,False,-0.037884615384615405,0
default,1014,Silverstone,2023,ALB,49,0,stay_out,-0.2627664862016985,1,2,False,0,0,stay_out,-0.2952087938940053,1,0,False,0,False,False,-0.03244230769230677,0
default,1014,Silverstone,2023,ALB,50,0,stay_out,24.745778979171256,1,2,False,0,0,stay_out,24.71877897917125,1,0,False,0,False,False,-0.027000000000004576,0
default,1015,Silverstone,2023,HAM,0,0,stay_out,0.0,1,1,False,0,0,stay_out,0.0,1,1,False,0,False,False,0.0,0
default,1015,Silverstone,2023,HAM,1,0,stay_out,-0.0122994189941891,1,1,False,0,0,stay_out,-0.0122994189941891,1,1,False,0,False,False,0.0,0
default,1015,Silverstone,2023,HAM,2,0,stay_out,0.0,1,1,False,0,0,stay_out,0.0,1,1,False,0,False,False,0.0,0
default,1015,Silverstone,2023,HAM,3,0,stay_out,-0.0056655559154648,1,1,False,0,0,stay_out,-0.0056655559154648,1,1,False,0,False,False,0.0,0
default,1015,Silverstone,2023,HAM,4,0,stay_out,-0.0122619470565709,1,1,False,0,0,stay_out,-0.0122619470565709,1,1,False,0,False,False,0.0,0
default,1015,Silverstone,2023,HAM,5,0,stay_out,0.0,1,1,False,0,0,stay_out,0.0,1,1,False,0,False,False,0.0,0
default,1015,Silverstone,2023,HAM,6,0,stay_out,-0.012731729139989,1,1,False,0,0,stay_out,-0.012731729139989,1,1,False,0,False,False,0.0,0
default,1015,Silverstone,2023,HAM,7,0,stay_out,-0.0225886005561164,1,1,False,0,0,stay_out,-0.0225886005561164,1,1,False,0,False,False,0.0,0
default,1015,Silverstone,2023,HAM,8,0,stay_out,-0.0305411094436337,1,1,False,0,0,stay_out,-0.0305411094436337,1,1,False,0,False,False,0.0,0
default,1015,Silverstone,2023,HAM,9,0,stay_out,-0.0330014427464149,1,1,False,0,0,stay_out,-0.0330014427464149,1,1,False,0,False,False,0.0,0
default,1015,Silverstone,2023,HAM,10,0,stay_out,-0.0228485235362853,1,1,False,0,0,stay_out,-0.0228485235362853,1,1,False,0,False,False,0.0,0
default,1015,Silverstone,2023,HAM,11,0,stay_out,-0.0228875710539256,1,1,False,0,0,stay_out,-0.0228875710539256,1,1,False,0,False,False,0.0,0
default,1015,Silverstone,2023,HAM,12,0,stay_out,-0.0578443553551508,1,1,False,0,0,stay_out,-0.0578443553551508,1,1,False,0,False,False,0.0,0
default,1015,Silverstone,2023,HAM,13,0,stay_out,-0.0338221954092759,1,1,False,0,0,stay_out,-0.0338221954092759,1,1,False,0,False,False,0.0,0
default,1015,Silverstone,2023,HAM,14,0,stay_out,-0.0629357886229698,1,1,False,0,1,pit_soft,-20.05348791348213,13,0,False,0,True,True,-19.99055212485916,12
default,1015,Silverstone,2023,HAM,15,0,stay_out,-0.0447042197773939,1,1,False,0,0,stay_out,1.0790447636757563,12,0,False,0,False,False,1.1237489834531502,11
default,1015,Silverstone,2023,HAM,16,0,stay_out,-0.0574770211572683,1,1,False,0,0,stay_out,0.0966719622958862,12,0,False,0,False,False,0.1541489834531545,11
default,1015,Silverstone,2023,HAM,17,0,stay_out,-0.0386014429277267,1,1,False,0,0,stay_out,1.0986475405254168,11,0,False,0,False,False,1.1372489834531434,10
default,1015,Silverstone,2023,HAM,18,0,stay_out,-0.0792328604006584,1,1,False,0,0,stay_out,0.933084705579563,10,0,False,0,False,False,1.0123175659802215,9
default,1015,Silverstone,2023,HAM,19,0,stay_out,-0.0233206095751455,1,1,False,0,0,stay_out,0.0648092072305687,10,0,False,0,False,False,0.08812981680571419,9
default,1015,Silverstone,2023,HAM,20,0,stay_out,-0.0523756403816634,1,1,False,0,0,stay_out,0.9556991456175538,9,0,False,0,False,False,1.0080747859992172,8
default,1015,Silverstone,2023,HAM,21,0,stay_out,-0.0520491761103045,1,1,False,0,0,stay_out,-0.0148479258397301,9,0,False,0,False,False,0.0372012502705744,8
default,1015,Silverstone,2023,HAM,22,0,stay_out,-0.0420064794138141,1,1,False,0,0,stay_out,0.993037467553218,8,0,False,0,False,False,1.035043946967032,7
default,1015,Silverstone,2023,HAM,23,0,stay_out,-0.0503213732103162,1,1,False,0,0,stay_out,0.9909076799602444,7,0,False,0,False,False,1.0412290531705606,6
default,1015,Silverstone,2023,HAM,24,0,stay_out,-0.0527597106002886,1,1,False,0,0,stay_out,-0.1352074563582007,7,0,False,0,False,False,-0.0824477457579121,6
default,1015,Silverstone,2023,HAM,25,0,stay_out,-0.049967679421978,1,1,False,0,0,stay_out,1.85657660599846,5,0,False,0,False,False,1.9065442854204382,4
default,1015,Silverstone,2023,HAM,26,0,stay_out,-0.0363131339981492,1,1,False,0,0,stay_out,-0.0084143031539014,5,0,False,0,False,False,0.0278988308442478,4
default,1015,Silverstone,2023,HAM,27,0,stay_out,-0.0487604248119609,1,1,False,0,0,stay_out,0.9626700713891524,4,0,False,0,False,False,1.0114304962011134,3
default,1015,Silverstone,2023,HAM,28,0,stay_out,-0.1167347496651444,1,1,False,0,0,stay_out,0.7929444986058072,3,0,False,0,False,False,0.9096792482709516,2
default,1015,Silverstone,2023,HAM,29,0,stay_out,-0.1536901147900821,1,1,False,0,0,stay_out,-0.2726431547209842,3,0,False,0,False,False,-0.11895303993090212,2
default,1015,Silverstone,2023,HAM,30,0,stay_out,-7.7944324864756815,3,1,False,0,0,stay_out,-13.812745466280727,10,0,False,0,False,False,-6.018312979805046,7
default,1015,Silverstone,2023,HAM,31,3,pit_hard,-15.57816708162726,6,2,True,0,0,stay_out,-2.063854267666517,8,0,True,0,True,True,13.514312813960743,2
default,1015,Silverstone,2023,HAM,32,0,stay_out,6.554936293284492,2,2,True,0,0,stay_out,4.120663752759075,6,0,True,0,False,False,-2.4342725405254173,4
default,1015,Silverstone,2023,HAM,33,0,stay_out,-2.24843424153823,1,2,True,0,0,stay_out,2.664327878362072,1,0,True,0,False,False,4.912762119900302,0
default,1015,Silverstone,2023,HAM,34,0,stay_out,-3.2762309512649868,1,2,True,0,0,stay_out,-3.4232909917904,1,0,True,0,False,False,-0.14706004052541344,0
default,1015,Silverstone,2023,HAM,35,0,stay_out,-3.2668980412287496,1,2,True,0,0,stay_out,-3.4099080817541623,1,0,True,0,False,False,-0.14301004052541266,0
default,1015,Silverstone,2023,HAM,36,0,stay_out,-3.282298006969282,1,2,True,0,0,stay_out,-3.421258047494696,1,0,True,0,False,False,-0.1389600405254141,0
default,1015,Silverstone,2023,HAM,37,0,stay_out,-0.1661447580601844,1,2,True,0,0,stay_out,-0.2608947580601836,1,0,True,0,False,False,-0.0947499999999992,0
default,1015,Silverstone,2023,HAM,38,0,stay_out,-0.1599079820170885,1,2,False,0,0,stay_out,-0.25121567432478,1,0,False,0,False,False,-0.09130769230769148,0
default,1015,Silverstone,2023,HAM,39,0,stay_out,-0.1951526546256744,1,2,False,0,0,stay_out,-0.2820180392410591,1,0,False,0,False,False,-0.0868653846153847,0
default,1015,Silverstone,2023,HAM,40,0,stay_out,-0.1787618670612303,1,2,False,0,0,stay_out,-0.2601849439843064,1,0,False,0,False,False,-0.08142307692307613,0
default,1015,Silverstone,2023,HAM,41,0,stay_out,-0.1967723610918753,1,2,False,0,0,stay_out,-0.2727531303226442,1,0,False,0,False,False,-0.07598076923076891,0
default,1015,Silverstone,2023,HAM,42,0,stay_out,-0.2148630154742392,1,2,False,0,0,stay_out,-0.2854014770126994,1,0,False,0,False,False,-0.07053846153846022,0
default,1015,Silverstone,2023,HAM,43,0,stay_out,-0.1970109763251287,1,2,False,0,0,stay_out,-0.2621071301712817,1,0,False,0,False,False,-0.06509615384615297,0
default,1015,Silverstone,2023,HAM,44,0,stay_out,-0.2162672225531935,1,2,False,0,0,stay_out,-0.2759210687070378,1,0,False,0,False,False,-0.05965384615384431,0
default,1015,Silverstone,2023,HAM,45,0,stay_out,-0.2214728304018933,1,2,False,0,0,stay_out,-0.2756843688634319,1,0,False,0,False,False,-0.05421153846153859,0
default,1015,Silverstone,2023,HAM,46,0,stay_out,-0.2163467796816348,1,2,False,0,0,stay_out,-0.2651160104508648,1,0,False,0,False,False,-0.04876923076923001,0
default,1015,Silverstone,2023,HAM,47,0,stay_out,-0.2309056749437175,1,2,False,0,0,stay_out,-0.2742325980206402,1,0,False,0,False,False,-0.04332692307692271,0
default,1015,Silverstone,2023,HAM,48,0,stay_out,-0.2046774384880734,1,2,False,0,0,stay_out,-0.2425620538726889,1,0,False,0,False,False,-0.03788461538461549,0
default,1015,Silverstone,2023,HAM,49,0,stay_out,-0.2282561370733503,1,2,False,0,0,stay_out,-0.2606984447656572,1,0,False,0,False,False,-0.03244230769230688,0
default,1015,Silverstone,2023,HAM,50,0,stay_out,24.74881164730595,1,2,False,0,0,stay_out,24.721811647305948,1,0,False,0,False,False,-0.027000000000001023,0
default,1016,Silverstone,2023,LEC,0,0,stay_out,0.0,1,1,False,0,0,stay_out,0.0,1,1,False,0,False,False,0.0,0
default,1016,Silverstone,2023,LEC,1,0,stay_out,0.0,1,1,False,0,0,stay_out,0.0,1,1,False,0,False,False,0.0,0
default,1016,Silverstone,2023,LEC,2,0,stay_out,0.0,1,1,False,0,0,stay_out,0.0,1,1,False,0,False,False,0.0,0
default,1016,Silverstone,2023,LEC,3,0,stay_out,0.0,1,1,False,0,0,stay_out,0.0,1,1,False,0,False,False,0.0,0
default,1016,Silverstone,2023,LEC,4,0,stay_out,-0.0020813947882786,1,1,False,0,0,stay_out,-0.0020813947882786,1,1,False,0,False,False,0.0,0
default,1016,Silverstone,2023,LEC,5,0,stay_out,-0.039285967289328,1,1,False,0,0,stay_out,-0.039285967289328,1,1,False,0,False,False,0.0,0
default,1016,Silverstone,2023,LEC,6,0,stay_out,-0.021359757029613,1,1,False,0,0,stay_out,-0.021359757029613,1,1,False,0,False,False,0.0,0
default,1016,Silverstone,2023,LEC,7,0,stay_out,-0.0009700245938972,1,1,False,0,0,stay_out,-0.0009700245938972,1,1,False,0,False,False,0.0,0
default,1016,Silverstone,2023,LEC,8,0,stay_out,0.0,1,1,False,0,0,stay_out,0.0,1,1,False,0,False,False,0.0,0
default,1016,Silverstone,2023,LEC,9,0,stay_out,-0.0196950624689193,1,1,False,0,0,stay_out,-0.0196950624689193,1,1,False,0,False,False,0.0,0
default,1016,Silverstone,2023,LEC,10,0,stay_out,-0.0355060716929571,1,1,False,0,0,stay_out,-0.0355060716929571,1,1,False,0,False,False,0.0,0
default,1016,Silverstone,2023,LEC,11,0,stay_out,-0.0312255298405219,1,1,False,0,0,stay_out,-0.0312255298405219,1,1,False,0,False,False,0.0,0
default,1016,Silverstone,2023,LEC,12,0,stay_out,-0.0234547307818999,1,1,False,0,0,stay_out,-0.0234547307818999,1,1,False,0,False,False,0.0,0
default,1016,Silverstone,2023,LEC,13,0,stay_out,-0.0374182115626609,1,1,False,0,0,stay_out,-0.0374182115626609,1,1,False,0,False,False,0.0,0
default,1016,Silverstone,2023,LEC,14,0,stay_out,-0.0454677172673172,1,1,False,0,1,pit_soft,-21.13259008637641,14,0,False,0,True,True,-21.087122369109093,13
default,1016,Silverstone,2023,LEC,15,0,stay_out,-0.0596856530665519,1,1,False,0,0,stay_out,1.0340030787873502,13,0,False,0,False,False,1.0936887318539021,12
default,1016,Silverstone,2023,LEC,16,0,stay_out,-0.0289289963992757,1,1,False,0,0,stay_out,1.075014619290414,12,0,False,0,False,False,1.1039436156896896,11
default,1016,Silverstone,2023,LEC,17,0,stay_out,-0.0533646484626388,1,1,False,0,0,stay_out,0.0736789672270333,12,0,False,0,False,False,0.1270436156896721,11
default,1016,Silverstone,2023,LEC,18,0,stay_out,-0.0396888297233928,1,1,False,0,0,stay_out,0.0167306047055419,12,0,False,0,False,False,0.0564194344289347,11
default,1016,Silverstone,2023,LEC,19,0,stay_out,-0.0476464819530946,1,1,False,0,0,stay_out,1.0207153002461269,11,0,False,0,False,False,1.0683617821992215,10
default,1016,Silverstone,2023,LEC,20,0,stay_out,-0.068216755807208,1,1,False,0,0,stay_out,-0.0514252474621088,11,0,False,0,False,False,0.016791508345099196,10
default,1016,Silverstone,2023,LEC,21,0,stay_out,-0.025773558822685,1,1,False,0,0,stay_out,1.042261146506938,10,0,False,0,False,False,1.068034705329623,9
default,1016,Silverstone,2023,LEC,22,0,stay_out,-0.0474023793009834,1,1,False,0,0,stay_out,0.006803505550333,10,0,False,0,False,False,0.0542058848513164,9
default,1016,Silverstone,2023,LEC,23,0,stay_out,-0.0014101204262786,1,1,False,0,0,stay_out,1.081333495263425,9,0,False,0,False,False,1.0827436156897037,8
default,1016,Silverstone,2023,LEC,24,0,stay_out,-0.0311069299670307,1,1,False,0,0,stay_out,-0.079298585356598,9,0,False,0,False,False,-0.04819165538956731,8
default,1016,Silverstone,2023,LEC,25,0,stay_out,-0.0301119827138933,1,1,False,0,0,stay_out,1.888891309149696,7,0,False,0,False,False,1.9190032918635893,6
default,1016,Silverstone,2023,LEC,26,0,stay_out,-0.0324815757344154,1,1,False,0,0,stay_out,-0.1081478768913157,7,0,False,0,False,False,-0.0756663011569003,6
default,1016,Silverstone,2023,LEC,27,0,stay_out,-0.0685984037227626,1,1,False,0,0,stay_out,0.8360081588295671,6,0,False,0,False,False,0.9046065625523297,5
default,1016,Silverstone,2023,LEC,28,0,stay_out,-0.1305732527164437,1,1,False,0,0,stay_out,0.6709150330286378,5,0,False,0,False,False,0.8014882857450815,4
default,1016,Silverstone,2023,LEC,29,0,stay_out,-0.1046849553355485,1,1,False,0,0,stay_out,-0.2489852952864922,5,0,False,0,False,False,-0.14430033995094368,4
default,1016,Silverstone,2023,LEC,30,0,stay_out,-8.842313637741292,4,1,False,0,0,stay_out,-11.872584531699117,10,0,False,0,False,False,-3.030270893957825,6
default,1016,Silverstone,2023,LEC,31,3,pit_hard,-15.784744162394658,7,2,True,0,0,stay_out,-4.129783807908483,10,0,True,0,True,True,11.654960354486175,3
default,1016,Silverstone,2023,LEC,32,0,stay_out,6.566847457737083,3,2,True,0,0,stay_out,5.273222457737051,7,0,True,0,False,False,-1.2936250000000324,4
default,1016,Silverstone,2023,LEC,33,0,stay_out,-1.1031110929732706,1,2,True,0,0,stay_out,3.957798567452441,1,0,True,0,False,False,5.060909660425711,0
default,1016,Silverstone,2023,LEC,34,0,stay_out,-3.289263651812222,1,2,True,0,0,stay_out,-3.430676151812221,1,0,True,0,False,False,-0.14141249999999905,0
default,1016,Silverstone,2023,LEC,35,0,stay_out,-3.271842627965073,1,2,True,0,0,stay_out,-3.409205127965073,1,0,True,0,False,False,-0.1373624999999996,0
default,1016,Silverstone,2023,LEC,36,0,stay_out,-3.281625158963495,1,2,True,0,0,stay_out,-3.414937658963494,1,0,True,0,False,False,-0.13331249999999928,0
default,1016,Silverstone,2023,LEC,37,0,stay_out,-0.1414082363724532,1,2,True,0,0,stay_out,-0.2361582363724522,1,0,True,0,False,False,-0.094749999999999,0
default,1016,Silverstone,2023,LEC,38,0,stay_out,-0.1794363430026749,1,2,False,0,0,stay_out,-0.2707440353103664,1,0,False,0,False,False,-0.09130769230769151,0
default,1016,Silverstone,2023,LEC,39,0,stay_out,-0.1649789164140742,1,2,False,0,0,stay_out,-0.251844301029459,1,0,False,0,False,False,-0.08686538461538479,0
default,1016,Silverstone,2023,LEC,40,0,stay_out,-0.1610516833148068,1,2,False,0,0,stay_out,-0.2424747602378829,1,0,False,0,False,False,-0.0814230769230761,0
default,1016,Silverstone,2023,LEC,41,0,stay_out,-0.1798589624284872,1,2,False,0,0,stay_out,-0.2558397316592561,1,0,False,0,False,False,-0.07598076923076891,0
default,1016,Silverstone,2023,LEC,42,0,stay_out,-0.220163231120776,1,2,False,0,0,stay_out,-0.2907016926592362,1,0,False,0,False,False,-0.07053846153846019,0
default,1016,Silverstone,2023,LEC,43,0,stay_out,-0.2021754691263908,1,2,False,0,0,stay_out,-0.2672716229725438,1,0,False,0,False,False,-0.065096153846153,0
default,1016,Silverstone,2023,LEC,44,0,stay_out,-0.2088111445509696,1,2,False,0,0,stay_out,-0.268464990704814,1,0,False,0,False,False,-0.05965384615384439,0
default,1016,Silverstone,2023,LEC,45,0,stay_out,-0.2368416170752681,1,2,False,0,0,stay_out,-0.2910531555368067,1,0,False,0,False,False,-0.054211538461538616,0
default,1016,Silverstone,2023,LEC,46,0,stay_out,-0.1949321966518553,1,2,False,0,0,stay_out,-0.2437014274210852,1,0,False,0,False,False,-0.0487692307692299,0
default,1016,Silverstone,2023,LEC,47,0,stay_out,-0.2381614975181847,1,2,False,0,0,stay_out,-0.2814884205951074,1,0,False,0,False,False,-0.043326923076922735,0
default,1016,Silverstone,2023,LEC,48,0,stay_out,-0.2154578214863264,1,2,False,0,0,stay_out,-0.2533424368709419,1,0,False,0,False,False,-0.03788461538461549,0
default,1016,Silverstone,2023,LEC,49,0,stay_out,-0.2529436504829007,1,2,False,0,0,stay_out,-0.2853859581752075,1,0,False,0,False,False,-0.03244230769230683,0
default,1016,Silverstone,2023,LEC,50,0,stay_out,24.76194299465784,1,2,False,0,0,stay_out,24.734942994657843,1,0,False,0,False,False,-0.02699999999999747,0
default,1017,Silverstone,2022,STR,0,0,stay_out,0.0,1,1,False,0,0,stay_out,0.0,1,1,False,0,False,False,0.0,0
default,1017,Silverstone,2022,STR,1,0,stay_out,-0.0344760878464043,1,1,False,0,0,stay_out,-0.0344760878464043,1,1,False,0,False,False,0.0,0
default,1017,Silverstone,2022,STR,2,0,stay_out,-0.0392827325858618,1,1,False,0,1,pit_soft,-24.907157732585866,1,0,False,0,True,True,-24.867875000000005,0
default,1017,Silverstone,2022,STR,3,0,stay_out,-0.0413390533108525,1,1,False,0,0,stay_out,0.0,1,0,False,0,False,False,0.0413390533108525,0
default,1017,Silverstone,2022,STR,4,0,stay_out,-0.0126981782644548,1,1,False,0,0,stay_out,0.0,1,0,False,0,False,False,0.0126981782644548,0
default,1017,Silverstone,2022,STR,5,0,stay_out,-0.0453094886383041,1,1,False,0,0,stay_out,-0.0376113103738504,1,0,False,0,False,False,0.007698178264453702,0
default,1017,Silverstone,2022,STR,6,0,stay_out,-0.0139047234311249,1,1,False,0,0,stay_out,-0.0120065451666718,1,0,False,0,False,False,0.0018981782644531004,0
default,1017,Silverstone,2022,STR,7,0,stay_out,-0.0390187888862811,1,1,False,0,0,stay_out,-0.0322513798525946,1,0,False,0,False,False,0.0067674090336865,0
default,1017,Silverstone,2022,STR,8,0,stay_out,-0.1167853347578997,1,1,False,0,0,stay_out,-0.0357717718780605,1,0,False,0,False,False,0.08101356287983921,0
default,1017,Silverstone,2022,STR,9,0,stay_out,-0.118182643701968,1,1,False,0,0,stay_out,-0.0478690808221287,1,0,False,0,False,False,0.07031356287983931,0
default,1017,Silverstone,2022,STR,10,0,stay_out,-0.1076185334048247,1,1,False,0,0,stay_out,-0.050304970524985,1,0,False,0,False,False,0.057313562879839706,0
default,1017,Silverstone,2022,STR,11,0,stay_out,-0.1492389489830174,1,1,False,0,0,stay_out,-0.0938253861031782,1,0,False,0,False,False,0.0554135628798392,0
default,1017,Silverstone,2022,STR,12,0,stay_out,-0.1269491074837333,1,1,False,0,0,stay_out,-0.0865355446038933,1,0,False,0,False,False,0.040413562879840007,0
default,1017,Silverstone,2022,STR,13,0,stay_out,-0.1617287333571468,1,1,False,0,0,stay_out,-0.1201151704773082,1,0,False,0,False,False,0.0416135628798386,0
default,1017,Silverstone,2022,STR,14,0,stay_out,-0.1754079191568962,1,1,False,0,0,stay_out,-0.1418943562770579,1,0,False,0,False,False,0.03351356287983831,0
default,1017,Silverstone,2022,STR,15,0,stay_out,-0.1388363904599657,1,1,False,0,0,stay_out,-0.1203228275801265,1,0,False,0,False,False,0.018513562879839213,0
default,1017,Silverstone,2022,STR,16,0,stay_out,-0.1577277110862354,1,1,False,0,0,stay_out,-0.1489141482063971,1,0,False,0,False,False,0.00881356287983831,0
default,1017,Silverstone,2022,STR,17,0,stay_out,-0.1693981414814558,1,1,False,0,0,stay_out,-0.1427845786016164,1,0,False,0,False,False,0.026613562879839403,0
default,1017,Silverstone,2022,STR,18,0,stay_out,-0.2022596196576984,1,1,False,0,2,pit_medium,-5.1397710567778585,1,1,False,0,True,True,-4.93751143712016,0
default,1017,Silverstone,2022,STR,19,0,stay_out,-0.2064040098257933,1,1,False,0,0,stay_out,-0.1459154469459534,1,1,False,0,False,False,0.06048856287983989,0
default,1017,Silverstone,2022,STR,20,0,stay_out,-0.2091154041390467,1,1,False,0,0,stay_out,-0.1359268412592072,1,1,False,0,False,False,0.07318856287983949,0
default,1017,Silverstone,2022,STR,21,0,stay_out,-0.2301405906619393,1,1,False,0,0,stay_out,-0.1569520277820999,1,1,False,0,False,False,0.07318856287983938,0
default,1017,Silverstone,2022,STR,22,0,stay_out,-0.2229562095939158,1,1,False,0,0,stay_out,-0.1497676467140763,1,1,False,0,False,False,0.07318856287983949,0
default,1017,Silverstone,2022,STR,23,0,stay_out,-0.2065024726855767,1,1,False,0,0,stay_out,-0.1333139098057373,1,1,False,0,False,False,0.07318856287983941,0
default,1017,Silverstone,2022,STR,24,0,stay_out,-0.2223303594485074,1,1,False,0,0,stay_out,-0.1491417965686679,1,1,False,0,False,False,0.07318856287983949,0
default,1017,Silverstone,2022,STR,25,0,stay_out,-0.2713303291049655,1,1,False,0,0,stay_out,-0.1859149444895806,1,1,False,0,False,False,0.08541538461538492,0
default,1017,Silverstone,2022,STR,26,0,stay_out,-0.2398817377785846,1,1,False,0,0,stay_out,-0.1590355839324317,1,1,False,0,False,False,0.0808461538461529,0
default,1017,Silverstone,2022,STR,27,0,stay_out,-0.2495937057257279,1,1,False,0,0,stay_out,-0.2495937057257279,1,1,False,0,False,False,0.0,0
default,1017,Silverstone,2022,STR,28,0,stay_out,-0.2481068434668728,1,1,False,0,1,pit_soft,-5.030566458851489,1,0,False,0,True,True,-4.7824596153846155,0
default,1017,Silverstone,2022,STR,29,0,stay_out,-0.2566604350972682,1,1,False,0,0,stay_out,-0.0421200504818841,1,0,False,0,False,False,0.2145403846153841,0
default,1017,Silverstone,2022,STR,30,0,stay_out,-0.281785155611982,1,1,False,0,0,stay_out,-0.0712447709965971,1,0,False,0,False,False,0.21054038461538488,0
default,1017,Silverstone,2022,STR,31,0,stay_out,-0.2469016463317331,1,1,False,0,0,stay_out,-0.0413612617163494,1,0,False,0,False,False,0.20554038461538368,0
default,1017,Silverstone,2022,STR,32,0,stay_out,-0.2757354792601461,1,1,False,0,0,stay_out,-0.0743328350293779,1,0,False,0,False,False,0.20140264423076817,0
default,1017,Silverstone,2022,STR,33,0,stay_out,-0.2776894345117071,1,1,False,0,0,stay_out,-0.0814245306655536,1,0,False,0,False,False,0.19626490384615347,0
default,1017,Silverstone,2022,STR,34,0,stay_out,-0.290828393345835,1,1,False,0,0,stay_out,-0.1017012298842971,1,0,False,0,False,False,0.1891271634615379,0
default,1017,Silverstone,2022,STR,35,0,stay_out,-0.3021176827430864,1,1,False,0,0,stay_out,-0.1221282596661652,1,0,False,0,False,False,0.17998942307692123,0
default,1017,Silverstone,2022,STR,36,0,stay_out,-3.6820393017444406,1,1,False,0,0,stay_out,-3.454089530109826,1,0,False,0,False,False,0.2279497716346146,0
default,1017,Silverstone,2022,STR,37,0,stay_out,-3.636089257783016,1,1,True,0,0,stay_out,-3.425875435667633,1,0,True,0,False,False,0.21021382211538286,0
default,1017,Silverstone,2022,STR,38,0,stay_out,-3.6524866380974794,1,1,True,0,0,stay_out,-3.460008765501327,1,0,True,0,False,False,0.19247787259615246,0
default,1017,Silverstone,2022,STR,39,0,stay_out,-3.67263186387958,1,1,True,0,0,stay_out,-3.49788994080266,1,0,True,0,False,False,0.17474192307691983,0
default,1017,Silverstone,2022,STR,40,0,stay_out,-3.698494899801288,1,1,True,0,0,stay_out,-3.541488926243598,1,0,True,0,False,False,0.15700597355768986,0
default,1017,Silverstone,2022,STR,41,0,stay_out,-0.3894391479856154,1,1,True,0,0,stay_out,-0.2862761672163856,1,0,True,0,False,False,0.1031629807692298,0
default,1017,Silverstone,2022,STR,42,0,stay_out,-0.4034122794979637,1,1,False,0,0,stay_out,-0.3133870391133499,1,0,False,0,False,False,0.09002524038461379,0
default,1017,Silverstone,2022,STR,43,0,stay_out,-0.4200392605503737,1,1,False,0,0,stay_out,-0.3431517605503743,1,0,False,0,False,False,0.07688749999999944,0
default,1017,Silverstone,2022,STR,44,0,stay_out,-0.3968197333625014,1,1,False,0,0,stay_out,-0.3330699737471179,1,0,False,0,False,False,0.06374975961538354,0
default,1017,Silverstone,2022,STR,45,0,stay_out,-0.4152414406721633,1,1,False,0,0,stay_out,-0.3646294214413956,1,0,False,0,False,False,0.05061201923076769,0
default,1017,Silverstone,2022,STR,46,0,stay_out,-0.408805239353569,1,1,False,0,0,stay_out,-0.3713309605074159,1,0,False,0,False,False,0.03747427884615312,0
default,1017,Silverstone,2022,STR,47,0,stay_out,-0.3926167701194188,1,1,False,0,0,stay_out,-0.3682802316578815,1,0,False,0,False,False,0.024336538461537327,0
default,1017,Silverstone,2022,STR,48,0,stay_out,-0.3937500042233139,1,1,False,0,0,stay_out,-0.3825512061463911,1,0,False,0,False,False,0.011198798076922811,0
default,1017,Silverstone,2022,STR,49,0,stay_out,-0.4104500961307082,1,1,False,0,0,stay_out,-0.4123890384384012,1,0,False,0,False,False,-0.0019389423076929813,0
default,1017,Silverstone,2022,STR,50,0,stay_out,-125.45667653587677,1,1,False,0,0,stay_out,24.528246781430923,1,0,False,0,False,False,149.98492331730768,0
default,1018,Silverstone,2022,RIC,0,0,stay_out,0.0,1,1,False,0,0,stay_out,0.0,1,1,False,0,False,False,0.0,0
default,1018,Silverstone,2022,RIC,1,0,stay_out,0.0,1,1,False,0,0,stay_out,0.0,1,1,False,0,False,False,0.0,0
default,1018,Silverstone,2022,RIC,2,0,stay_out,-0.0209057738036165,1,1,False,0,1,pit_soft,-24.888780773803617,1,0,False,0,True,True,-24.867875,0
default,1018,Silverstone,2022,RIC,3,0,stay_out,-0.0132746495342289,1,1,False,0,0,stay_out,0.0,1,0,False,0,False,False,0.0132746495342289,0
default,1018,Silverstone,2022,RIC,4,0,stay_out,-0.0198125247669452,1,1,False,0,0,stay_out,-0.0105378752327155,1,0,False,0,False,False,0.0092746495342297,0
default,1018,Silverstone,2022,RIC,5,0,stay_out,-0.0123387637534818,1,1,False,0,0,stay_out,-0.0080641142192533,1,0,False,0,False,False,0.0042746495342285,0
default,1018,Silverstone,2022,RIC,6,0,stay_out,-0.0589758084209989,1,1,False,0,0,stay_out,-0.0605011588867711,1,0,False,0,False,False,-0.0015253504657722003,0
default,1018,Silverstone,2022,RIC,7,0,stay_out,-0.0457023535300791,1,1,False,0,0,stay_out,-0.0423584732266178,1,0,False,0,False,False,0.0033438803034612982,0
default,1018,Silverstone,2022,RIC,8,0,stay_out,-0.1267759899294944,1,1,False,0,0,stay_out,-0.0491859557798804,1,0,False,0,False,False,0.077590034149614,0
default,1018,Silverstone,2022,RIC,9,0,stay_out,-0.1345974369006214,1,1,False,0,0,stay_out,-0.0677074027510073,1,0,False,0,False,False,0.0668900341496141,0
default,1018,Silverstone,2022,RIC,10,0,stay_out,-0.1125647800931474,1,1,False,0,0,stay_out,-0.0586747459435329,1,0,False,0,False,False,0.0538900341496145,0
default,1018,Silverstone,2022,RIC,11,0,stay_out,-0.1432726458369004,1,1,False,0,0,stay_out,-0.0912826116872864,1,0,False,0,False,False,0.05199003414961399,0
default,1018,Silverstone,2022,RIC,12,0,stay_out,-0.1167793606003471,1,1,False,0,0,stay_out,-0.0797893264507322,1,0,False,0,False,False,0.03699003414961491,0
default,1018,Silverstone,2022,RIC,13,0,stay_out,-0.1401168340710185,1,1,False,0,0,stay_out,-0.1019267999214051,1,0,False,0,False,False,0.03819003414961339,0
default,1018,Silverstone,2022,RIC,14,0,stay_out,-0.1652779067430557,1,1,False,0,0,stay_out,-0.1351878725934426,1,0,False,0,False,False,0.030090034149613115,0
default,1018,Silverstone,2022,RIC,15,0,stay_out,-0.1234474138082788,1,1,False,0,0,stay_out,-0.1083573796586648,1,0,False,0,False,False,0.01509003414961399,0
default,1018,Silverstone,2022,RIC,16,0,stay_out,-0.1616736037798588,1,1,False,0,0,stay_out,-0.1562835696302457,1,0,False,0,False,False,0.005390034149613088,0
default,1018,Silverstone,2022,RIC,17,0,stay_out,-0.2091027421527542,1,1,False,0,0,stay_out,-0.1859127080031399,1,0,False,0,False,False,0.02319003414961432,0
default,1018,Silverstone,2022,RIC,18,0,stay_out,-0.2080827459069411,1,1,False,0,2,pit_medium,-5.149017711757324,1,1,False,0,True,True,-4.940934965850383,0
default,1018,Silverstone,2022,RIC,19,0,stay_out,-0.2044433100126539,1,1,False,0,0,stay_out,-0.1473782758630392,1,1,False,0,False,False,0.057065034149614696,0
default,1018,Silverstone,2022,RIC,20,0,stay_out,-0.1929234909264977,1,1,False,0,0,stay_out,-0.1231584567768834,1,1,False,0,False,False,0.06976503414961428,0
default,1018,Silverstone,2022,RIC,21,0,stay_out,-0.2138003350415786,1,1,False,0,0,stay_out,-0.1440353008919643,1,1,False,0,False,False,0.0697650341496143,0
default,1018,Silverstone,2022,RIC,22,0,stay_out,-0.2173380736763761,1,1,False,0,0,stay_out,-0.1475730395267618,1,1,False,0,False,False,0.0697650341496143,0
default,1018,Silverstone,2022,RIC,23,0,stay_out,-0.1949925079932043,1,1,False,0,0,stay_out,-0.1252274738435901,1,1,False,0,False,False,0.06976503414961421,0
default,1018,Silverstone,2022,RIC,24,0,stay_out,-0.2053696370614204,1,1,False,0,0,stay_out,-0.1356046029118061,1,1,False,0,False,False,0.0697650341496143,0
default,1018,Silverstone,2022,RIC,25,0,stay_out,-0.2482192034181594,1,1,False,0,0,stay_out,-0.1628038188027744,1,1,False,0,False,False,0.085415384615385,0
default,1018,Silverstone,2022,RIC,26,0,stay_out,-0.2589744486540596,1,1,False,0,0,stay_out,-0.1781282948079067,1,1,False,0,False,False,0.0808461538461529,0
default,1018,Silverstone,2022,RIC,27,0,stay_out,-0.2537850459603462,1,1,False,0,0,stay_out,-0.2537850459603462,1,1,False,0,False,False,0.0,0
default,1018,Silverstone,2022,RIC,28,0,stay_out,-0.2365500976353132,1,1,False,0,1,pit_soft,-5.019009713019928,1,0,False,0,True,True,-4.782459615384615,0
default,1018,Silverstone,2022,RIC,29,0,stay_out,-0.2724814089864963,1,1,False,0,0,stay_out,-0.0579410243711123,1,0,False,0,False,False,0.214540384615384,0
default,1018,Silverstone,2022,RIC,30,0,stay_out,-0.2647249254573253,1,1,False,0,0,stay_out,-0.0541845408419405,1,0,False,0,False,False,0.2105403846153848,0
default,1018,Silverstone,2022,RIC,31,0,stay_out,-0.2589306845162539,1,1,False,0,0,stay_out,-0.0533902999008702,1,0,False,0,False,False,0.2055403846153837,0
default,1018,Silverstone,2022,RIC,32,0,stay_out,-0.2562656440729171,1,1,False,0,0,stay_out,-0.0548629998421489,1,0,False,0,False,False,0.20140264423076817,0
default,1018,Silverstone,2022,RIC,33,0,stay_out,-0.2806778170359962,1,1,False,0,0,stay_out,-0.0844129131898427,1,0,False,0,False,False,0.1962649038461535,0
default,1018,Silverstone,2022,RIC,34,0,stay_out,-0.2871846283128406,1,1,False,0,0,stay_out,-0.0980574648513027,1,0,False,0,False,False,0.18912716346153788,0
default,1018,Silverstone,2022,RIC,35,0,stay_out,-0.3316946767926965,1,1,False,0,0,stay_out,-0.1517052537157752,1,0,False,0,False,False,0.17998942307692128,0
default,1018,Silverstone,2022,RIC,36,0,stay_out,-3.6471475033631777,1,1,False,0,0,stay_out,-3.419197731728565,1,0,False,0,False,False,0.22794977163461283,0
default,1018,Silverstone,2022,RIC,37,0,stay_out,-3.63093991497265,1,1,True,0,0,stay_out,-3.4207260928572683,1,0,True,0,False,False,0.21021382211538153,0
default,1018,Silverstone,2022,RIC,38,0,stay_out,-3.6313212501972343,1,1,True,0,0,stay_out,-3.4388433776010814,1,0,True,0,False,False,0.1924778725961529,0
default,1018,Silverstone,2022,RIC,39,0,stay_out,-3.637900549749435,1,1,True,0,0,stay_out,-3.463158626672514,1,0,True,0,False,False,0.17474192307692116,0
default,1018,Silverstone,2022,RIC,40,0,stay_out,-3.663472537069562,1,1,True,0,0,stay_out,-3.506466563511873,1,0,True,0,False,False,0.15700597355768942,0
default,1018,Silverstone,2022,RIC,41,0,stay_out,-0.3776614158084598,1,1,True,0,0,stay_out,-0.27449843503923,1,0,True,0,False,False,0.1031629807692298,0
default,1018,Silverstone,2022,RIC,42,0,stay_out,-0.3934892658927438,1,1,False,0,0,stay_out,-0.30346402550813,1,0,False,0,False,False,0.09002524038461379,0
default,1018,Silverstone,2022,RIC,43,0,stay_out,-0.4123877774093245,1,1,False,0,0,stay_out,-0.3355002774093251,1,0,False,0,False,False,0.07688749999999939,0
default,1018,Silverstone,2022,RIC,44,0,stay_out,-0.4124726063485866,1,1,False,0,0,stay_out,-0.3487228467332031,1,0,False,0,False,False,0.06374975961538354,0
default,1018,Silverstone,2022,RIC,45,0,stay_out,-0.400978547035416,1,1,False,0,0,stay_out,-0.3503665278046484,1,0,False,0,False,False,0.050612019230767635,0
default,1018,Silverstone,2022,RIC,46,0,stay_out,-0.3918426732809181,1,1,False,0,0,stay_out,-0.3543683944347648,1,0,False,0,False,False,0.037474278846153286,0
default,1018,Silverstone,2022,RIC,47,0,stay_out,-0.4032969685433841,1,1,False,0,0,stay_out,-0.3789604300818467,1,0,False,0,False,False,0.024336538461537383,0
default,1018,Silverstone,2022,RIC,48,0,stay_out,-0.4117898672548605,1,1,False,0,0,stay_out,-0.4005910691779377,1,0,False,0,False,False,0.011198798076922811,0
default,1018,Silverstone,2022,RIC,49,0,stay_out,-0.4158410914189574,1,1,False,0,0,stay_out,-0.4177800337266504,1,0,False,0,False,False,-0.0019389423076929813,0
default,1018,Silverstone,2022,RIC,50,0,stay_out,-125.44206393516028,1,1,False,0,0,stay_out,24.542859382147395,1,0,False,0,False,False,149.98492331730768,0
default,1019,Monaco,2023,SAI,0,0,stay_out,0.0,1,2,False,0,0,stay_out,0.0,1,2,False,0,False,False,0.0,0
default,1019,Monaco,2023,SAI,1,0,stay_out,-0.0332011055533229,1,2,False,0,0,stay_out,-0.0332011055533229,1,2,False,0,False,False,0.0,0
default,1019,Monaco,2023,SAI,2,0,stay_out,-0.0091483717528063,1,2,False,0,0,stay_out,-0.0091483717528063,1,2,False,0,False,False,0.0,0
default,1019,Monaco,2023,SAI,3,0,stay_out,-0.0396547076869595,1,2,False,0,0,stay_out,-0.0396547076869595,1,2,False,0,False,False,0.0,0
default,1019,Monaco,2023,SAI,4,0,stay_out,-0.0357024997950091,1,2,False,0,0,stay_out,-0.0357024997950091,1,2,False,0,False,False,0.0,0
default,1019,Monaco,2023,SAI,5,0,stay_out,-0.0378295447041225,1,2,False,0,0,stay_out,-0.0378295447041225,1,2,False,0,False,False,0.0,0
default,1019,Monaco,2023,SAI,6,0,stay_out,-0.0313059210585237,1,2,False,0,0,stay_out,-0.0313059210585237,1,2,False,0,False,False,0.0,0
default,1019,Monaco,2023,SAI,7,0,stay_out,-0.0305080103452411,1,2,False,0,0,stay_out,-0.0305080103452411,1,2,False,0,False,False,0.0,0
default,1019,Monaco,2023,SAI,8,2,pit_medium,-15.141363887943395,9,1,False,0,0,stay_out,-0.023254048252059,1,2,False,0,True,True,15.118109839691336,-8
default,1019,Monaco,2023,SAI,9,0,stay_out,1.0059338658312924,8,1,False,0,0,stay_out,-0.0454080670843552,1,2,False,0,False,False,-1.0513419329156477,-7
default,1019,Monaco,2023,SAI,10,0,stay_out,1.0427980770720524,7,1,False,0,0,stay_out,-0.1642977563357661,1,2,False,0,False,False,-1.2070958334078186,-6
default,1019,Monaco,2023,SAI,11,0,stay_out,1.0150004790837486,6,1,False,0,1,pit_soft,-14.568315184027744,8,0,False,0,True,True,-15.583315663111494,2
default,1019,Monaco,2023,SAI,12,0,stay_out,1.0119028484143968,5,1,False,0,0,stay_out,-0.3490471515856058,8,0,False,0,False,False,-1.3609500000000025,3
default,1019,Monaco,2023,SAI,13,0,stay_out,0.9788212511408816,4,1,False,0,0,stay_out,-0.3581287488591087,8,0,False,0,False,False,-1.3369499999999903,4
default,1019,Monaco,2023,SAI,14,0,stay_out,-0.0332506139144996,4,1,False,0,0,stay_out,-0.3862006139145066,8,0,False,0,False,False,-0.352950000000007,4
default,1019,Monaco,2023,SAI,15,0,stay_out,0.9635782394946986,3,1,False,0,0,stay_out,-0.3653717605052975,8,0,False,0,False,False,-1.328949999999996,5
default,1019,Monaco,2023,SAI,16,0,stay_out,0.0029981238837308,3,1,False,0,0,stay_out,-0.421951876116266,8,0,False,0,False,False,-0.4249499999999968,5
default,1019,Monaco,2023,SAI,17,0,stay_out,0.0010089664919533,3,1,False,0,0,stay_out,-0.4219410335080667,8,0,False,0,False,False,-0.42295000000002003,5
default,1019,Monaco,2023,SAI,18,0,stay_out,-0.0294493682841903,3,1,False,0,0,stay_out,-0.4543993682841872,8,0,False,0,False,False,-0.4249499999999969,5
default,1019,Monaco,2023,SAI,19,0,stay_out,-0.0768100528435695,3,1,False,0,0,stay_out,-0.507760052843564,8,0,False,0,False,False,-0.43094999999999445,5
default,1019,Monaco,2023,SAI,20,0,stay_out,-0.0898507622620243,3,1,False,0,0,stay_out,-0.4508007622620269,8,0,False,0,False,False,-0.3609500000000026,5
default,1019,Monaco,2023,SAI,21,0,stay_out,-0.1034888529800895,3,1,False,0,0,stay_out,-0.47443885298011,8,0,False,0,False,False,-0.37095000000002054,5
default,1019,Monaco,2023,SAI,22,0,stay_out,-0.1128444934574517,3,1,False,0,0,stay_out,-0.4937944934574674,8,0,False,0,False,False,-0.38095000000001566,5
default,1019,Monaco,2023,SAI,23,0,stay_out,-0.1156166172185066,3,1,False,0,0,stay_out,-0.5065666172185189,8,0,False,0,False,False,-0.39095000000001234,5
default,1019,Monaco,2023,SAI,24,0,stay_out,-0.1094686189914455,3,1,False,0,0,stay_out,-0.5104186189914302,8,0,False,0,False,False,-0.40094999999998465,5
default,1019,Monaco,2023,SAI,25,0,stay_out,-0.0618190038397941,3,1,False,0,0,stay_out,-0.4727690038397967,8,0,False,0,False,False,-0.4109500000000026,5
default,1019,Monaco,2023,SAI,26,0,stay_out,-0.0524950111801089,3,1,False,0,0,stay_out,-0.4734450111801067,8,0,False,0,False,False,-0.42094999999999777,5
default,1019,Monaco,2023,SAI,27,0,stay_out,-0.0276249610648903,3,1,False,0,0,stay_out,-0.4585749610648605,8,0,False,0,False,False,-0.4309499999999702,5
default,1019,Monaco,2023,SAI,28,0,stay_out,-0.1204165567444803,3,1,False,0,0,stay_out,-0.5613665567444699,8,0,False,0,False,False,-0.4409499999999896,5
default,1019,Monaco,2023,SAI,29,0,stay_out,0.0039749412915611,3,1,False,0,0,stay_out,-1.4469750587084007,9,0,False,0,False,False,-1.4509499999999618,6
default,1019,Monaco,2023,SAI,30,0,stay_out,-0.0625669477881459,3,1,False,0,0,stay_out,-0.6035169477881355,9,0,False,0,False,False,-0.5409499999999896,6
default,1019,Monaco,2023,SAI,31,0,stay_out,-0.1758006960285911,3,1,False,0,0,stay_out,-1.646750696028589,10,0,False,0,False,False,-1.4709499999999978,7
default,1019,Monaco,2023,SAI,32,0,stay_out,-0.2202260243662451,3,1,False,0,0,stay_out,-0.7811760243662704,10,0,False,0,False,False,-0.5609500000000254,7
default,1019,Monaco,2023,SAI,33,0,stay_out,-0.299973062342562,3,1,False,0,0,stay_out,-0.7909230623425969,10,0,False,0,False,False,-0.4909500000000349,7
default,1019,Monaco,2023,SAI,34,0,stay_out,-0.3260679570091838,3,1,False,0,0,stay_out,-1.8270179570091911,11,0,False,0,False,False,-1.5009500000000073,8
default,1019,Monaco,2023,SAI,35,0,stay_out,-0.3694491410012815,3,1,False,0,0,stay_out,-0.9603991410012712,11,0,False,0,False,False,-0.5909499999999897,8
default,1019,Monaco,2023,SAI,36,0,stay_out,-0.4252228579876174,3,1,False,0,0,stay_out,-0.9461728579876152,11,0,False,0,False,False,-0.5209499999999978,8
default,1019,Monaco,2023,SAI,37,0,stay_out,-0.428453438836297,3,1,False,0,0,stay_out,-0.9594034388363128,11,0,False,0,False,False,-0.5309500000000158,8
default,1019,Monaco,2023,SAI,38,0,stay_out,-0.4840200643898797,3,1,False,0,0,stay_out,-1.0249700643898692,11,0,False,0,False,False,-0.5409499999999894,8
default,1019,Monaco,2023,SAI,39,0,stay_out,-0.4580527707506249,3,1,False,0,0,stay_out,-1.0090027707506324,11,0,False,0,False,False,-0.5509500000000075,8
default,1019,Monaco,2023,SAI,40,0,stay_out,-0.4834364239985576,3,1,False,0,0,stay_out,-2.0443864239985827,12,0,False,0,False,False,-1.5609500000000252,9
default,1019,Monaco,2023,SAI,41,0,stay_out,-0.5296038969816508,3,1,False,0,0,stay_out,-3.180553896981658,14,0,False,0,False,False,-2.650950000000007,11
default,1019,Monaco,2023,SAI,42,0,stay_out,-0.5657543041941864,3,1,False,0,0,stay_out,-5.2467043041942025,18,0,False,0,False,False,-4.680950000000016,15
default,1019,Monaco,2023,SAI,43,0,stay_out,-0.5853293691603938,3,1,False,0,0,stay_out,-1.276279369160383,18,0,False,0,False,False,-0.6909499999999893,15
default,1019,Monaco,2023,SAI,44,1,pit_soft,-16.466891148831863,10,0,False,0,0,stay_out,-2.165707682348182,19,0,False,0,True,True,14.301183466483682,9
default,1019,Monaco,2023,SAI,45,0,stay_out,-0.3008691005965929,10,0,False,0,0,stay_out,-1.2708691005965846,19,0,False,0,False,False,-0.9699999999999918,9
default,1019,Monaco,2023,SAI,46,0,stay_out,-0.3815212768995749,10,0,False,0,0,stay_out,-1.2935212768996154,19,0,False,0,False,False,-0.9120000000000406,9
default,1019,Monaco,2023,SAI,47,0,stay_out,-0.3275042348937333,10,0,False,0,0,stay_out,-1.2595042348937184,19,0,False,0,False,False,-0.9319999999999851,9
default,1019,Monaco,2023,SAI,48,0,stay_out,0.7128888321766823,9,0,False,0,0,stay_out,-1.2371111678232722,19,0,False,0,False,False,-1.9499999999999544,10
default,1019,Monaco,2023,SAI,49,0,stay_out,-0.3404930387389072,9,0,False,0,0,stay_out,-1.3064930387389453,19,0,False,0,False,False,-0.9660000000000382,10
default,1019,Monaco,2023,SAI,50,0,stay_out,1.2581723503911022,8,0,False,0,0,stay_out,4.360172350391078,14,0,False,0,False,False,3.1019999999999763,6
default,1019,Monaco,2023,SAI,51,0,stay_out,0.8476252853331148,8,0,False,0,0,stay_out,1.8616252853331767,12,0,False,0,False,False,1.014000000000062,4
default,1019,Monaco,2023,SAI,52,0,stay_out,2.795078549182186,4,0,False,0,0,stay_out,-0.2949214508177959,10,0,False,0,False,False,-3.089999999999982,6
default,1019,Monaco,2023,SAI,53,0,stay_out,3.85292604607347,2,0,False,1,0,stay_out,1.782926046073524,9,0,False,1,False,False,-2.069999999999946,7
default,1019,Monaco,2023,SAI,54,0,stay_out,-0.5745322720530381,2,0,False,1,0,stay_out,-1.5645322720530204,9,0,False,1,False,False,-0.9899999999999822,7
default,1019,Monaco,2023,SAI,55,0,stay_out,-0.2031449522937536,1,0,False,1,0,stay_out,-1.879538134223006,9,0,False,1,False,False,-1.6763931819292524,8
default,1019,Monaco,2023,SAI,56,0,stay_out,-1.842399066197126,1,0,False,1,0,stay_out,-0.9589981323942114,8,0,False,1,False,False,0.8834009338029145,7
default,1019,Monaco,2023,SAI,57,0,stay_out,-1.8568072213300668,1,0,False,1,0,stay_out,-1.8895144426601047,8,0,False,1,False,False,-0.032707221330037894,7
default,1019,Monaco,2023,SAI,58,0,stay_out,-1.8656235304803543,1,0,False,1,0,stay_out,-2.1322470609606925,8,0,False,1,False,False,-0.26662353048033816,7
default,1019,Monaco,2023,SAI,59,0,stay_out,-1.8859274389751608,1,0,False,1,0,stay_out,-2.247154877950399,8,0,False,1,False,False,-0.36122743897523835,7
default,1019,Monaco,2023,SAI,60,0,stay_out,-1.9111336891538089,1,0,False,1,0,stay_out,-2.45006737830761,8,0,False,1,False,False,-0.538933689153801,7
default,1019,Monaco,2023,SAI,61,0,stay_out,-1.9257130168104997,1,0,False,1,0,stay_out,-2.445426033621027,8,0,False,1,False,False,-0.5197130168105275,7
default,1019,Monaco,2023,SAI,62,0,stay_out,-1.941188528878358,1,0,False,1,0,stay_out,-2.6009770577567566,8,0,False,1,False,False,-0.6597885288783987,7
default,1019,Monaco,2023,SAI,63,0,stay_out,-1.9390954823208373,1,0,False,1,0,stay_out,-2.717190964641661,8,0,False,1,False,False,-0.7780954823208239,7
default,1019,Monaco,2023,SAI,64,0,stay_out,-1.9691173065899337,1,0,False,1,0,stay_out,-3.089734613179927,8,0,False,1,False,False,-1.1206173065899931,7
default,1019,Monaco,2023,SAI,65,0,stay_out,-1.981474855023002,1,0,False,1,0,stay_out,-3.225849710045964,8,0,False,1,False,False,-1.244374855022962,7
default,1019,Monaco,2023,SAI,66,0,stay_out,-2.023294414450868,1,0,False,1,0,stay_out,-4.23568882890175,9,0,False,1,False,False,-2.2123944144508814,8
default,1019,Monaco,2023,SAI,67,0,stay_out,-2.01513544799268,1,0,False,1,0,stay_out,-5.424570895985353,11,0,False,1,False,False,-3.4094354479926725,10
default,1019,Monaco,2023,SAI,68,0,stay_out,-2.02771332539504,1,0,False,1,0,stay_out,-3.486026650790069,11,0,False,1,False,False,-1.4583133253950287,10
default,1019,Monaco,2023,SAI,69,0,stay_out,-2.033507251059342,1,0,False,1,0,stay_out,-3.585714502118641,11,0,False,1,False,False,-1.5522072510592992,10
default,1019,Monaco,2023,SAI,70,0,stay_out,-2.009012101853462,1,0,False,1,0,stay_out,-4.53282420370688,12,0,False,1,False,False,-2.5238121018534185,11
default,1019,Monaco,2023,SAI,71,0,stay_out,-2.0629194981285366,1,0,False,1,0,stay_out,-5.842238996257016,14,0,False,1,False,False,-3.779319498128479,13
default,1019,Monaco,2023,SAI,72,0,stay_out,-2.0565910588301306,1,0,False,1,0,stay_out,-5.061782117660319,15,0,False,1,False,False,-3.0051910588301882,14
default,1019,Monaco,2023,SAI,73,0,stay_out,-3.5561966308735524,2,0,False,1,0,stay_out,-4.190450215475108,15,0,False,1,False,False,-0.6342535846015558,13
default,1019,Monaco,2023,SAI,74,0,stay_out,-3.2755036318889483,2,0,False,1,0,stay_out,-4.26550363188893,15,0,False,1,False,False,-0.989999999999982,13
default,1019,Monaco,2023,SAI,75,0,stay_out,-4.259084387052839,3,0,False,1,0,stay_out,-3.2490843870528217,14,0,False,1,False,False,1.0100000000000176,11
default,1019,Monaco,2023,SAI,76,0,stay_out,4.598805261311216,5,0,False,1,0,stay_out,5.708805261311236,8,0,False,1,False,False,1.1100000000000199,3
default,1020,Monza,2022,OCO,0,0,stay_out,0.0,1,0,False,0,0,stay_out,0.0,1,0,False,0,False,False,0.0,0
default,1020,Monza,2022,OCO,1,0,stay_out,-0.0090198983441098,1,0,False,0,0,stay_out,-0.0090198983441098,1,0,False,0,False,False,0.0,0
default,1020,Monza,2022,OCO,2,0,stay_out,-0.0017432131023639,1,0,False,0,0,stay_out,-0.0017432131023639,1,0,False,0,False,False,0.0,0
default,1020,Monza,2022,OCO,3,0,stay_out,-0.0303432238724056,1,0,False,0,0,stay_out,-0.0303432238724056,1,0,False,0,False,False,0.0,0
default,1020,Monza,2022,OCO,4,0,stay_out,-0.0455155811549488,1,0,False,0,0,stay_out,-0.0455155811549488,1,0,False,0,False,False,0.0,0
default,1020,Monza,2022,OCO,5,0,stay_out,-0.0290412121305834,1,0,False,0,0,stay_out,-0.0290412121305834,1,0,False,0,False,False,0.0,0
default,1020,Monza,2022,OCO,6,0,stay_out,0.0,1,0,False,0,0,stay_out,0.0,1,0,False,0,False,False,0.0,0
default,1020,Monza,2022,OCO,7,0,stay_out,-0.0340877146102101,1,0,False,0,0,stay_out,-0.0340877146102101,1,0,False,0,False,False,0.0,0
default,1020,Monza,2022,OCO,8,0,stay_out,-0.0155189514783756,1,0,False,0,0,stay_out,-0.0155189514783756,1,0,False,0,False,False,0.0,0
default,1020,Monza,2022,OCO,9,2,pit_medium,-19.50946737737961,11,1,False,0,0,stay_out,-2.647234289503109,2,0,False,0,True,True,16.8622330878765,-9
default,1020,Monza,2022,OCO,10,0,stay_out,6.001750731025083,4,1,True,0,0,stay_out,-0.5204668482492738,1,0,True,0,False,False,-6.522217579274356,-3
default,1020,Monza,2022,OCO,11,0,stay_out,1.102846526415189,3,1,True,0,0,stay_out,-0.0681830925982438,1,0,True,0,False,False,-1.1710296190134328,-2
default,1020,Monza,2022,OCO,12,0,stay_out,-0.0916736028751984,3,1,False,0,0,stay_out,-0.010243157243434,1,0,False,0,False,False,0.08143044563176441,-2
default,1020,Monza,2022,OCO,13,0,stay_out,-0.1818988451427714,3,1,False,0,0,stay_out,-0.0760246463017537,1,0,False,0,False,False,0.1058741988410177,-2
default,1020,Monza,2022,OCO,14,0,stay_out,-0.1762744972062918,3,1,False,0,0,stay_out,-0.0961662459184097,1,0,False,0,False,False,0.08010825128788208,-2
default,1020,Monza,2022,OCO,15,0,stay_out,-0.10911121577019,3,1,False,0,0,stay_out,-0.0609346052003701,1,0,False,0,False,False,0.04817661056981991,-2
default,1020,Monza,2022,OCO,16,0,stay_out,-0.0770584014045468,3,1,False,0,0,stay_out,-0.0638657451873385,1,0,False,0,False,False,0.013192656217208304,-2
default,1020,Monza,2022,OCO,17,0,stay_out,-1.1547830068183502,4,1,False,0,0,stay_out,-0.1061318214791512,1,0,False,0,False,False,1.048651185339199,-3
default,1020,Monza,2022,OCO,18,0,stay_out,-0.2152079603673968,4,1,False,0,0,stay_out,-0.0922980718385815,1,0,False,0,False,False,0.1229098885288153,-3
default,1020,Monza,2022,OCO,19,1,pit_soft,-15.834876735610644,11,0,False,0,0,stay_out,-0.070024292736366,1,0,False,0,True,True,15.764852442874277,-10
default,1020,Monza,2022,OCO,20,0,stay_out,1.0269037725945591,10,0,False,0,0,stay_out,-0.1206914191940882,1,0,False,0,False,False,-1.1475951917886473,-9
default,1020,Monza,2022,OCO,21,0,stay_out,1.985475524079752,8,0,False,0,0,stay_out,-0.1275234230561636,1,0,False,0,False,False,-2.1129989471359156,-7
default,1020,Monza,2022,OCO,22,0,stay_out,0.0409268561175565,8,0,False,0,0,stay_out,-0.1590656366419466,1,0,False,0,False,False,-0.1999924927595031,-7
default,1020,Monza,2022,OCO,23,0,stay_out,0.4700552715644733,8,0,False,0,0,stay_out,-0.145319308523139,1,0,False,0,False,False,-0.6153745800876123,-7
default,1020,Monza,2022,OCO,24,0,stay_out,0.997540560501304,8,0,False,0,0,stay_out,-0.1451915436593964,1,0,False,0,False,False,-1.1427321041607004,-7
default,1020,Monza,2022,OCO,25,0,stay_out,1.0749566662374292,7,0,False,0,0,stay_out,-0.1297043703960113,1,0,False,0,False,False,-1.2046610366334405,-6
default,1020,Monza,2022,OCO,26,0,stay_out,0.89192217351509,6,0,False,0,0,stay_out,-0.198589496361852,1,0,False,0,False,False,-1.090511669876942,-5
default,1020,Monza,2022,OCO,27,0,stay_out,0.0326685612423844,6,0,False,0,0,stay_out,-0.1729577670085547,1,0,False,0,False,False,-0.2056263282509391,-5
default,1020,Monza,2022,OCO,28,0,stay_out,0.0335111806406388,6,0,False,0,0,stay_out,-0.142254336914074,1,0,False,0,False,False,-0.17576551755471279,-5
default,1020,Monza,2022,OCO,29,0,stay_out,1.9458559742100416,4,0,False,0,0,stay_out,-0.1828422725642284,1,0,False,0,False,False,-2.12869824677427,-3
default,1020,Monza,2022,OCO,30,0,stay_out,0.0842278727883524,4,0,False,0,0,stay_out,-0.1738279764646648,1,0,False,0,False,False,-0.2580558492530172,-3
default,1020,Monza,2022,OCO,31,0,stay_out,0.4887317918447082,4,0,False,0,0,stay_out,-0.180193896541158,1,0,False,0,False,False,-0.6689256883858662,-3
default,1020,Monza,2022,OCO,32,2,pit_medium,-18.057986516074266,13,1,False,0,0,stay_out,-0.1912088451424935,1,0,False,0,True,True,17.86677767093177,-12
default,1020,Monza,2022,OCO,33,0,stay_out,-0.2490017728816355,13,1,False,0,0,stay_out,-0.2106849601262496,1,0,False,0,False,False,0.0383168127553859,-12
default,1020,Monza,2022,OCO,34,0,stay_out,1.762806630897359,11,1,False,0,0,stay_out,-0.1743986378414206,1,0,False,0,False,False,-1.9372052687387795,-10
default,1020,Monza,2022,OCO,35,0,stay_out,0.6199018144779487,10,1,False,0,0,stay_out,-0.2385510918625513,1,0,False,0,False,False,-0.8584529063405,-9
default,1020,Monza,2022,OCO,36,0,stay_out,0.6220673216776746,9,1,False,0,0,stay_out,-0.2471862178673547,1,0,False,0,False,False,-0.8692535395450294,-8
default,1020,Monza,2022,OCO,37,0,stay_out,-0.356352872518255,9,1,False,0,0,stay_out,-0.255114194570011,1,0,False,0,False,False,0.10123867794824398,-8
default,1020,Monza,2022,OCO,38,0,stay_out,-0.3765256400131606,9,1,False,0,0,stay_out,-0.2749184579221292,1,0,False,0,False,False,0.10160718209103137,-8
default,1020,Monza,2022,OCO,39,0,stay_out,-0.3186018835029984,9,1,False,0,0,stay_out,-0.2498244592717142,1,0,False,0,False,False,0.06877742423128419,-8
default,1020,Monza,2022,OCO,40,0,stay_out,-0.3851234529884863,9,1,False,0,0,stay_out,-0.2807031236191292,1,0,False,0,False,False,0.10442032936935713,-8
default,1020,Monza,2022,OCO,41,0,stay_out,0.6486920598813328,8,1,False,0,0,stay_out,-0.2732132467888945,1,0,False,0,False,False,-0.9219053066702274,-7
default,1020,Monza,2022,OCO,42,0,stay_out,-0.3069188726593552,8,1,False,0,0,stay_out,-0.2629026303997435,1,0,False,0,False,False,0.044016242259611704,-7
default,1020,Monza,2022,OCO,43,0,stay_out,-0.3893037793873702,8,1,False,0,0,stay_out,-0.2665091897835268,1,0,False,0,False,False,0.12279458960384343,-7
default,1020,Monza,2022,OCO,44,1,pit_soft,-22.180271403590417,16,0,False,0,0,stay_out,-7.96750913532309,3,0,False,0,True,True,14.212762268267326,-13
default,1020,Monza,2022,OCO,45,0,stay_out,-5.072894299065096,15,0,True,0,0,stay_out,-8.71285494596532,5,0,True,0,False,False,-3.6399606469002244,-10
default,1020,Monza,2022,OCO,46,0,stay_out,-2.2220392370987128,14,0,True,0,0,stay_out,-1.8760881589315903,3,0,True,0,False,False,0.34595107816712245,-11
default,1020,Monza,2022,OCO,47,0,stay_out,-1.0658546661558663,14,0,True,0,0,stay_out,-1.7339918629213953,3,0,True,0,False,False,-0.668137196765529,-11
default,1020,Monza,2022,OCO,48,0,stay_out,-4.517272216476063,14,0,True,0,0,stay_out,-5.199497688174157,3,0,True,0,False,False,-0.6822254716980938,-11
default,1020,Monza,2022,OCO,49,0,stay_out,2.133682658737869,11,0,True,0,0,stay_out,-1.5626310878928775,3,0,True,0,False,False,-3.6963137466307465,-8
default,1020,Monza,2022,OCO,50,0,stay_out,-0.1199492956157515,11,0,True,0,0,stay_out,-7.83035131717906,10,0,True,0,False,False,-7.710402021563309,-1
default,1020,Monza,2022,OCO,51,0,stay_out,-1.236009661385518,11,0,True,0,0,stay_out,-148.96049995788147,9,0,True,0,False,False,-147.72449029649596,-2
default,1021,Monza,2024,PER,0,0,stay_out,0.0,1,2,False,0,0,stay_out,0.0,1,2,False,0,False,False,0.0,0
default,1021,Monza,2024,PER,1,0,stay_out,0.0,1,2,False,0,0,stay_out,0.0,1,2,False,0,False,False,0.0,0
default,1021,Monza,2024,PER,2,0,stay_out,-0.0291421957875954,1,2,False,0,0,stay_out,-0.0291421957875954,1,2,False,0,False,False,0.0,0
default,1021,Monza,2024,PER,3,0,stay_out,-0.0188908048925256,1,2,False,0,1,pit_soft,-39.37589916512633,14,0,False,0,True,True,-39.3570083602338,13
default,1021,Monza,2024,PER,4,0,stay_out,-0.0256412565851476,1,2,False,0,0,stay_out,5.195772661634715,9,0,False,0,False,False,5.221413918219863,8
default,1021,Monza,2024,PER,5,0,stay_out,-0.0248235594280217,1,2,False,0,0,stay_out,1.1709080559489622,8,0,False,0,False,False,1.195731615376984,7
default,1021,Monza,2024,PER,6,0,stay_out,-0.0269524175066735,1,2,False,0,0,stay_out,1.191850339791651,7,0,False,0,False,False,1.2188027572983244,6
default,1021,Monza,2024,PER,7,0,stay_out,-0.0049066192228622,1,2,False,0,0,stay_out,1.1887072989969965,6,0,False,0,False,False,1.1936139182198586,5
default,1021,Monza,2024,PER,8,0,stay_out,-0.0287103704634702,1,2,False,0,0,stay_out,1.0772997965157842,5,0,False,0,False,False,1.1060101669792544,4
default,1021,Monza,2024,PER,9,0,stay_out,-0.0338831503445547,1,2,False,0,0,stay_out,1.0733032933573796,4,0,False,0,False,False,1.1071864437019343,3
default,1021,Monza,2024,PER,10,0,stay_out,-0.0463973449526847,1,2,False,0,0,stay_out,1.1138824513109342,3,0,False,0,False,False,1.1602797962636189,2
default,1021,Monza,2024,PER,11,0,stay_out,-0.0366558722861427,1,2,False,0,0,stay_out,1.0795653966440086,2,0,False,0,False,False,1.1162212689301514,1
default,1021,Monza,2024,PER,12,0,stay_out,-0.0448207828573373,1,2,False,0,0,stay_out,1.0422343850262663,1,0,False,0,False,False,1.0870551678836036,0
default,1021,Monza,2024,PER,13,0,stay_out,-0.0412960245615707,1,2,False,0,0,stay_out,-0.0539611034519154,1,0,False,0,False,False,-0.012665078890344697,0
default,1021,Monza,2024,PER,14,0,stay_out,-0.0581854765277583,1,2,False,0,0,stay_out,-0.0702854610784811,1,0,False,0,False,False,-0.012099984550722802,0
default,1021,Monza,2024,PER,15,0,stay_out,-0.0461392550424449,1,2,False,0,0,stay_out,-0.0732392395931682,1,0,False,0,False,False,-0.027099984550723308,0
default,1021,Monza,2024,PER,16,0,stay_out,-0.0589832677081716,1,2,False,0,0,stay_out,-0.0933757050890832,1,0,False,0,False,False,-0.034392437380911606,0
default,1021,Monza,2024,PER,17,0,stay_out,-0.0611851030201975,1,2,False,0,0,stay_out,-0.1069737668162019,1,0,False,0,False,False,-0.045788663796004395,0
default,1021,Monza,2024,PER,18,0,stay_out,-0.0914406086744492,1,2,False,0,0,stay_out,-0.1123254988855478,1,0,False,0,False,False,-0.0208848902110986,0
default,1021,Monza,2024,PER,19,0,stay_out,-0.1343759588089454,1,2,False,0,2,pit_medium,-6.333854000828384,2,1,False,0,True,True,-6.199478042019439,1
default,1021,Monza,2024,PER,20,0,stay_out,-0.1127068151597981,1,2,False,0,0,stay_out,1.0649014464374404,1,1,False,0,False,False,1.1776082615972385,0
default,1021,Monza,2024,PER,21,0,stay_out,-0.130637837258034,1,2,False,0,0,stay_out,-0.1225727274691337,1,1,False,0,False,False,0.008065109788900293,0
default,1021,Monza,2024,PER,22,0,stay_out,-0.1172800134923861,1,2,False,0,0,stay_out,-0.1092149037034858,1,1,False,0,False,False,0.008065109788900307,0
default,1021,Monza,2024,PER,23,0,stay_out,-0.1391523584528471,1,2,False,0,0,stay_out,-0.1154683807394192,1,1,False,0,False,False,0.023683977713427895,0
default,1021,Monza,2024,PER,24,0,stay_out,-0.1338458457648258,1,2,False,0,0,stay_out,-0.1101618680513979,1,1,False,0,False,False,0.02368397771342791,0
default,1021,Monza,2024,PER,25,0,stay_out,-0.1319921692403454,1,2,False,0,0,stay_out,-0.1053006443571064,1,1,False,0,False,False,0.026691524883239004,0
default,1021,Monza,2024,PER,26,0,stay_out,-0.1409888906004795,1,2,False,0,0,stay_out,-0.1142973657172405,1,1,False,0,False,False,0.026691524883239004,0
default,1021,Monza,2024,PER,27,0,stay_out,-0.1373188487949832,1,2,False,0,0,stay_out,-0.1106273239117442,1,1,False,0,False,False,0.026691524883239018,0
default,1021,Monza,2024,PER,28,0,stay_out,-0.1728077049028584,1,2,False,0,0,stay_out,-0.1265048592649009,1,1,False,0,False,False,0.0463028456379575,0
default,1021,Monza,2024,PER,29,0,stay_out,-0.1547108108701735,1,2,False,0,0,stay_out,-0.1084079652322159,1,1,False,0,False,False,0.0463028456379576,0
default,1021,Monza,2024,PER,30,0,stay_out,-0.1640548057484224,1,2,False,0,0,stay_out,-0.1257859223746166,1,1,False,0,False,False,0.038268883373805795,0
default,1021,Monza,2024,PER,31,0,stay_out,-0.1533947951701265,1,2,False,0,0,stay_out,-0.1339721382114149,1,1,False,0,False,False,0.019422656958711593,0
default,1021,Monza,2024,PER,32,0,stay_out,-0.1338929574118466,1,2,False,0,0,stay_out,-1.177057217326963,2,1,False,0,False,False,-1.0431642599151163,1
default,1021,Monza,2024,PER,33,0,stay_out,-0.1453074625197132,1,2,False,0,0,stay_out,-0.3168698592947891,2,1,False,0,False,False,-0.17156239677507593,1
default,1021,Monza,2024,PER,34,0,stay_out,-0.2133689676713658,1,2,False,0,0,stay_out,-0.3489815488434019,2,1,False,0,False,False,-0.1356125811720361,1
default,1021,Monza,2024,PER,35,0,stay_out,-0.2063700437707211,1,2,False,0,0,stay_out,-0.3510987953817647,2,1,False,0,False,False,-0.1447287516110436,1
default,1021,Monza,2024,PER,36,0,stay_out,-0.2064275034766496,1,2,False,0,0,stay_out,-0.001321261963406,2,1,False,0,False,False,0.20510624151324358,1
default,1021,Monza,2024,PER,37,0,stay_out,-0.2155174176609435,1,2,False,0,0,stay_out,-0.4419990903320653,2,1,False,0,False,False,-0.2264816726711218,1
default,1021,Monza,2024,PER,38,2,pit_medium,-5.152219569525594,1,1,False,0,0,stay_out,-0.5656598937681793,2,1,False,0,True,True,4.586559675757415,1
default,1021,Monza,2024,PER,39,0,stay_out,-0.1483972991951773,1,1,False,0,0,stay_out,-0.465232830763749,2,1,False,0,False,False,-0.3168355315685717,1
default,1021,Monza,2024,PER,40,0,stay_out,-0.1432449629470866,1,1,False,0,0,stay_out,-0.4521456359239636,2,1,False,0,False,False,-0.308900672976877,1
default,1021,Monza,2024,PER,41,0,stay_out,-0.1897312257139049,1,1,False,0,0,stay_out,-0.49643563911401,2,1,False,0,False,False,-0.3067044134001051,1
default,1021,Monza,2024,PER,42,0,stay_out,-0.18765571690206,1,1,False,0,0,stay_out,-0.5391020991467613,2,1,False,0,False,False,-0.3514463822447013,1
default,1021,Monza,2024,PER,43,0,stay_out,-0.1686114727754443,1,1,False,0,0,stay_out,-1.4740310885498915,3,1,False,0,False,False,-1.305419615774447,2
default,1021,Monza,2024,PER,44,0,stay_out,-0.184998597321325,1,1,False,0,0,stay_out,-2.623322815298029,5,1,False,0,False,False,-2.438324217976704,4
default,1021,Monza,2024,PER,45,0,stay_out,-0.1932546533890686,1,1,False,0,0,stay_out,-0.6350524050899665,5,1,False,0,False,False,-0.4417977517008979,4
default,1021,Monza,2024,PER,46,0,stay_out,-0.1856363064801016,1,1,False,0,0,stay_out,-0.6187331889284067,5,1,False,0,False,False,-0.4330968824483051,4
default,1021,Monza,2024,PER,47,0,stay_out,-0.173678884117048,1,1,False,0,0,stay_out,-0.523035821858717,5,1,False,0,False,False,-0.349356937741669,4
default,1021,Monza,2024,PER,48,0,stay_out,-0.1962691019815778,1,1,False,0,0,stay_out,-0.5719337352441969,5,1,False,0,False,False,-0.3756646332626191,4
default,1021,Monza,2024,PER,49,0,stay_out,-0.2026459795311069,1,1,False,0,0,stay_out,-1.562337043471318,6,1,False,0,False,False,-1.359691063940211,5
default,1021,Monza,2024,PER,50,0,stay_out,-0.2131618946067845,1,1,False,0,0,stay_out,-0.6069712569394454,6,1,False,0,False,False,-0.39380936233266095,5
default,1021,Monza,2024,PER,51,0,stay_out,24.70926743609216,1,1,False,0,0,stay_out,7.275077473971841,6,1,False,0,False,False,-17.434189962120318,5
default,1022,Monza,2022,LEC,0,0,stay_out,-0.0379904889429568,1,0,False,0,0,stay_out,-0.0379904889429568,1,0,False,0,False,False,0.0,0
default,1022,Monza,2022,LEC,1,0,stay_out,-0.014428519653174,1,0,False,0,0,stay_out,-0.014428519653174,1,0,False,0,False,False,0.0,0
default,1022,Monza,2022,LEC,2,0,stay_out,-0.0112182246541777,1,0,False,0,0,stay_out,-0.0112182246541777,1,0,False,0,False,False,0.0,0
default,1022,Monza,2022,LEC,3,0,stay_out,-0.0275703350921475,1,0,False,0,0,stay_out,-0.0275703350921475,1,0,False,0,False,False,0.0,0
default,1022,Monza,2022,LEC,4,0,stay_out,-0.0065913358410625,1,0,False,0,0,stay_out,-0.0065913358410625,1,0,False,0,False,False,0.0,0
default,1022,Monza,2022,LEC,5,0,stay_out,-0.0185281984334153,1,0,False,0,0,stay_out,-0.0185281984334153,1,0,False,0,False,False,0.0,0
default,1022,Monza,2022,LEC,6,0,stay_out,-0.0147626932864142,1,0,False,0,0,stay_out,-0.0147626932864142,1,0,False,0,False,False,0.0,0
default,1022,Monza,2022,LEC,7,0,stay_out,-0.0185400372421838,1,0,False,0,0,stay_out,-0.0185400372421838,1,0,False,0,False,False,0.0,0
default,1022,Monza,2022,LEC,8,0,stay_out,-0.0164316457198893,1,0,False,0,0,stay_out,-0.0164316457198893,1,0,False,0,False,False,0.0,0
default,1022,Monza,2022,LEC,9,2,pit_medium,-18.304648472104148,10,1,False,0,0,stay_out,-1.5286833998359328,1,0,False,0,True,True,16.775965072268214,-9
default,1022,Monza,2022,LEC,10,0,stay_out,5.801553650739593,3,1,True,0,0,stay_out,-1.5768487621645777,1,0,True,0,False,False,-7.378402412904171,-2
default,1022,Monza,2022,LEC,11,0,stay_out,0.1804589098482765,3,1,True,0,0,stay_out,-0.0242911986479683,1,0,True,0,False,False,-0.2047501084962448,-2
default,1022,Monza,2022,LEC,12,0,stay_out,-0.1530842363167835,3,1,False,0,0,stay_out,-0.0358627717304955,1,0,False,0,False,False,0.117221464586288,-2
default,1022,Monza,2022,LEC,13,0,stay_out,-0.07708810862011,3,1,False,0,0,stay_out,-0.0185335758066941,1,0,False,0,False,False,0.0585545328134159,-2
default,1022,Monza,2022,LEC,14,0,stay_out,-0.1140198384790622,3,1,False,0,0,stay_out,-0.0599532143210737,1,0,False,0,False,False,0.054066624157988505,-2
default,1022,Monza,2022,LEC,15,0,stay_out,-0.1102873563981319,3,1,False,0,0,stay_out,-0.0564369732806142,1,0,False,0,False,False,0.053850383117517706,-2
default,1022,Monza,2022,LEC,16,0,stay_out,-0.0668771848428846,3,1,False,0,0,stay_out,-0.0536894346727919,1,0,False,0,False,False,0.013187750170092702,-2
default,1022,Monza,2022,LEC,17,0,stay_out,-0.1319749640701076,3,1,False,0,0,stay_out,-0.0896420978713138,1,0,False,0,False,False,0.042332866198793784,-2
default,1022,Monza,2022,LEC,18,0,stay_out,-0.1292339156414584,3,1,False,0,0,stay_out,-0.0942253472418968,1,0,False,0,False,False,0.035008568399561596,-2
default,1022,Monza,2022,LEC,19,0,stay_out,-0.237094295036006,3,1,False,0,0,stay_out,-0.107525348259918,1,0,False,0,False,False,0.129568946776088,-2
default,1022,Monza,2022,LEC,20,0,stay_out,-0.2469502568211084,3,1,False,0,0,stay_out,-0.1134033291524801,1,0,False,0,False,False,0.1335469276686283,-2
default,1022,Monza,2022,LEC,21,0,stay_out,-0.2691117026944042,3,1,False,0,0,stay_out,-0.1206019316937954,1,0,False,0,False,False,0.1485097710006088,-2
default,1022,Monza,2022,LEC,22,1,pit_soft,-12.884430200241066,7,0,False,0,0,stay_out,-0.1339548556121172,1,0,False,0,True,True,12.75047534462895,-6
default,1022,Monza,2022,LEC,23,0,stay_out,0.4846981301865682,7,0,False,0,0,stay_out,-0.1329121769783668,1,0,False,0,False,False,-0.617610307164935,-6
default,1022,Monza,2022,LEC,24,0,stay_out,1.9923924663568744,7,0,False,0,0,stay_out,-0.150582888497901,1,0,False,0,False,False,-2.142975354854775,-6
default,1022,Monza,2022,LEC,25,0,stay_out,0.0338649181483745,7,0,False,0,0,stay_out,-0.1337645422068163,1,0,False,0,False,False,-0.1676294603551908,-6
default,1022,Monza,2022,LEC,26,0,stay_out,0.9109476124790704,6,0,False,0,0,stay_out,-0.1693410746461325,1,0,False,0,False,False,-1.0802886871252029,-5
default,1022,Monza,2022,LEC,27,0,stay_out,-0.1109867813167653,6,0,False,0,0,stay_out,-0.167476151148746,1,0,False,0,False,False,-0.056489369831980704,-5
default,1022,Monza,2022,LEC,28,0,stay_out,0.8912257359826754,5,0,False,0,0,stay_out,-0.1600377721036594,1,0,False,0,False,False,-1.0512635080863348,-4
default,1022,Monza,2022,LEC,29,0,stay_out,0.9796260860308847,4,0,False,0,0,stay_out,-0.1847054766842447,1,0,False,0,False,False,-1.1643315627151294,-3
default,1022,Monza,2022,LEC,30,0,stay_out,-0.1001077912392219,4,0,False,0,0,stay_out,-0.1802138798296397,1,0,False,0,False,False,-0.08010608859041782,-3
default,1022,Monza,2022,LEC,31,0,stay_out,0.8975498449503903,3,0,False,0,0,stay_out,-0.1854529413394914,1,0,False,0,False,False,-1.0830027862898817,-2
default,1022,Monza,2022,LEC,32,0,stay_out,-0.0221452988985689,3,0,False,0,0,stay_out,-0.1818108456988412,1,0,False,0,False,False,-0.1596655468002723,-2
default,1022,Monza,2022,LEC,33,0,stay_out,-0.0424215694605081,3,0,False,0,0,stay_out,-0.1911706341693886,1,0,False,0,False,False,-0.1487490647088805,-2
default,1022,Monza,2022,LEC,34,0,stay_out,-0.1030631392756944,3,0,False,0,0,stay_out,-0.2311092986816348,1,0,False,0,False,False,-0.12804615940594039,-2
default,1022,Monza,2022,LEC,35,0,stay_out,-0.0484050572911598,3,0,False,0,0,stay_out,-0.2115660057345451,1,0,False,0,False,False,-0.1631609484433853,-2
default,1022,Monza,2022,LEC,36,0,stay_out,-0.1185967107357328,3,0,False,0,0,stay_out,-0.2446608441369534,1,0,False,0,False,False,-0.1260641334012206,-2
default,1022,Monza,2022,LEC,37,0,stay_out,-0.108364803368272,3,0,False,0,0,stay_out,-0.2307589964729956,1,0,False,0,False,False,-0.1223941931047236,-2
default,1022,Monza,2022,LEC,38,3,pit_hard,-13.174513332018629,7,2,False,0,0,stay_out,-0.2568420302827775,1,0,False,0,True,True,12.91767130173585,-6
default,1022,Monza,2022,LEC,39,0,stay_out,-0.2031385724985426,7,2,False,0,0,stay_out,-0.2297261371028114,1,0,False,0,False,False,-0.026587564604268782,-6
default,1022,Monza,2022,LEC,40,0,stay_out,-0.2913170226113536,7,2,False,0,0,stay_out,-0.2694332417638875,1,0,False,0,False,False,0.021883780847466117,-6
default,1022,Monza,2022,LEC,41,0,stay_out,-0.3101583763763685,7,2,False,0,0,stay_out,-0.2827642510812822,1,0,False,0,False,False,0.02739412529508628,-6
default,1022,Monza,2022,LEC,42,0,stay_out,-0.308951714021616,7,2,False,0,0,stay_out,-0.251575025923654,1,0,False,0,False,False,0.05737668809796198,-6
default,1022,Monza,2022,LEC,43,0,stay_out,-0.3215282635383616,7,2,False,0,0,stay_out,-0.2881811802866935,1,0,False,0,False,False,0.03334708325166813,-6
default,1022,Monza,2022,LEC,44,0,stay_out,-14.331000844689694,15,2,False,0,0,stay_out,-7.014064509242083,2,0,False,0,False,False,7.316936335447611,-13
default,1022,Monza,2022,LEC,45,0,stay_out,-5.548957227350221,14,2,True,0,0,stay_out,-8.671529525193822,4,0,True,0,False,False,-3.1225722978436012,-10
default,1022,Monza,2022,LEC,46,0,stay_out,-1.5665865568396469,12,2,True,0,0,stay_out,-1.83824712961592,2,0,True,0,False,False,-0.2716605727762731,-10
default,1022,Monza,2022,LEC,47,0,stay_out,-3.378304507490698,14,2,True,0,0,stay_out,-1.6640533551996228,2,0,True,0,False,False,1.714251152291075,-12
default,1022,Monza,2022,LEC,48,0,stay_out,-4.962545815866793,14,2,True,0,0,stay_out,-5.110597089451675,2,0,True,0,False,False,-0.14805127358488157,-12
default,1022,Monza,2022,LEC,49,0,stay_out,1.6746770028536957,11,2,True,0,0,stay_out,-1.594917451324234,2,0,True,0,False,False,-3.2695944541779296,-9
default,1022,Monza,2022,LEC,50,0,stay_out,-0.5335301541923712,11,2,True,0,0,stay_out,-8.806397600283965,10,0,True,0,False,False,-8.272867446091594,-1
default,1022,Monza,2022,LEC,51,0,stay_out,-1.73819025803996,11,2,True,0,0,stay_out,-146.085210790385,8,0,True,0,False,False,-144.34702053234503,-3
default,1023,Silverstone,2024,STR,0,0,stay_out,0.0,1,1,False,0,0,stay_out,0.0,1,1,False,0,False,False,0.0,0
default,1023,Silverstone,2024,STR,1,0,stay_out,0.0,1,1,False,0,0,stay_out,0.0,1,1,False,0,False,False,0.0,0
default,1023,Silverstone,2024,STR,2,0,stay_out,-0.0011855798979041,1,1,False,0,0,stay_out,-0.0011855798979041,1,1,False,0,False,False,0.0,0
default,1023,Silverstone,2024,STR,3,0,stay_out,-0.007813850213256,1,1,False,0,0,stay_out,-0.007813850213256,1,1,False,0,False,False,0.0,0
default,1023,Silverstone,2024,STR,4,0,stay_out,0.0,1,1,False,0,0,stay_out,0.0,1,1,False,0,False,False,0.0,0
default,1023,Silverstone,2024,STR,5,0,stay_out,-0.0208930494321251,1,1,False,0,0,stay_out,-0.0208930494321251,1,1,False,0,False,False,0.0,0
default,1023,Silverstone,2024,STR,6,0,stay_out,-0.0052643501674765,1,1,False,0,0,stay_out,-0.0052643501674765,1,1,False,0,False,False,0.0,0
default,1023,Silverstone,2024,STR,7,0,stay_out,-0.0311001883005644,1,1,False,0,0,stay_out,-0.0311001883005644,1,1,False,0,False,False,0.0,0
default,1023,Silverstone,2024,STR,8,0,stay_out,-0.0677272506137825,1,1,False,0,0,stay_out,-0.0677272506137825,1,1,False,0,False,False,0.0,0
default,1023,Silverstone,2024,STR,9,0,stay_out,-0.0478861207408968,1,1,False,0,0,stay_out,-0.0478861207408968,1,1,False,0,False,False,0.0,0
default,1023,Silverstone,2024,STR,10,0,stay_out,-0.0533120311202537,1,1,False,0,0,stay_out,-0.0533120311202537,1,1,False,0,False,False,0.0,0
default,1023,Silverstone,2024,STR,11,0,stay_out,-0.0474015884816267,1,1,False,0,0,stay_out,-0.0474015884816267,1,1,False,0,False,False,0.0,0
default,1023,Silverstone,2024,STR,12,0,stay_out,-0.0717734895670261,1,1,False,0,0,stay_out,-0.0717734895670261,1,1,False,0,False,False,0.0,0
default,1023,Silverstone,2024,STR,13,3,pit_hard,-12.190660689238662,7,2,False,0,0,stay_out,-0.0497486751946908,1,1,False,0,True,True,12.140912014043971,-6
default,1023,Silverstone,2024,STR,14,0,stay_out,1.1605652897962957,6,2,False,0,0,stay_out,-0.116071089681165,1,1,False,0,False,False,-1.2766363794774607,-5
default,1023,Silverstone,2024,STR,15,0,stay_out,2.5244326887483792,4,2,False,0,0,stay_out,-0.3168344599598456,1,1,False,0,False,False,-2.8412671487082246,-3
default,1023,Silverstone,2024,STR,16,0,stay_out,3.5364913414062134,1,2,False,0,1,pit_soft,-9.681573442760136,5,0,False,0,True,True,-13.21806478416635,4
default,1023,Silverstone,2024,STR,17,0,stay_out,-0.0047627679803014,1,2,False,0,0,stay_out,4.61218401803202,1,0,False,0,False,False,4.6169467860123214,0
default,1023,Silverstone,2024,STR,18,0,stay_out,-0.0249050419809705,1,2,False,0,0,stay_out,-0.0386168523681661,1,0,False,0,False,False,-0.013711810387195603,0
default,1023,Silverstone,2024,STR,19,0,stay_out,-0.0301740345303358,1,2,False,0,0,stay_out,-0.0438858449175313,1,0,False,0,False,False,-0.013711810387195503,0
default,1023,Silverstone,2024,STR,20,0,stay_out,-0.0166053978924281,1,2,False,0,0,stay_out,-0.0303172082796237,1,0,False,0,False,False,-0.0137118103871956,0
default,1023,Silverstone,2024,STR,21,0,stay_out,-0.004794858891735,1,2,False,0,0,stay_out,-0.0185066692789305,1,0,False,0,False,False,-0.0137118103871955,0
default,1023,Silverstone,2024,STR,22,0,stay_out,0.0,1,2,False,0,0,stay_out,-0.0104118304751054,1,0,False,0,False,False,-0.0104118304751054,0
default,1023,Silverstone,2024,STR,23,0,stay_out,-0.024378621116854,1,2,False,0,0,stay_out,-0.0215635285150369,1,0,False,0,False,False,0.002815092601817098,0
default,1023,Silverstone,2024,STR,24,0,stay_out,-0.0300593629007963,1,2,False,0,0,stay_out,-0.0272442702989792,1,0,False,0,False,False,0.0028150926018171013,0
default,1023,Silverstone,2024,STR,25,0,stay_out,-1.566478928739092,1,2,False,0,0,stay_out,-1.5420022976757353,1,0,False,0,False,False,0.024476631063356624,0
default,1023,Silverstone,2024,STR,26,0,stay_out,-1.5412107444168115,1,2,False,1,0,stay_out,-1.516734113353455,1,0,False,1,False,False,0.024476631063356402,0
default,1023,Silverstone,2024,STR,27,0,stay_out,-1.5373701751660294,1,2,False,1,0,stay_out,-1.5178612955819633,1,0,False,1,False,False,0.019508879584066108,0
default,1023,Silverstone,2024,STR,28,0,stay_out,-1.557652486175556,1,2,False,1,0,stay_out,-1.5614344349938565,1,0,False,1,False,False,-0.003781948818300407,0
default,1023,Silverstone,2024,STR,29,0,stay_out,-1.564379617189786,1,2,False,1,0,stay_out,-1.616448548256608,1,0,False,1,False,False,-0.05206893106682209,0
default,1023,Silverstone,2024,STR,30,0,stay_out,-1.527977732154642,1,2,False,1,0,stay_out,-1.6296374916238294,1,0,False,1,False,False,-0.10165975946918748,0
default,1023,Silverstone,2024,STR,31,0,stay_out,-1.5429929155818287,1,2,False,1,0,stay_out,-1.6532877342226144,1,0,False,1,False,False,-0.11029481864078572,0
default,1023,Silverstone,2024,STR,32,0,stay_out,-1.5555248069111969,1,2,False,1,0,stay_out,-1.6744546847235795,1,0,False,1,False,False,-0.11892987781238262,0
default,1023,Silverstone,2024,STR,33,0,stay_out,-1.5386377398373796,1,2,False,1,0,stay_out,-1.666202676821361,1,0,False,1,False,False,-0.1275649369839813,0
default,1023,Silverstone,2024,STR,34,0,stay_out,-1.548337058626181,1,2,False,1,0,stay_out,-1.6845370547817595,1,0,False,1,False,False,-0.13619999615557843,0
default,1023,Silverstone,2024,STR,35,0,stay_out,-1.5693410622704365,1,2,False,1,0,stay_out,-1.714176117597613,1,0,False,1,False,False,-0.14483505532717644,0
default,1023,Silverstone,2024,STR,36,0,stay_out,-1.5633580553614324,1,2,False,1,0,stay_out,-5.479621185541543,4,0,False,1,False,False,-3.9162631301801105,3
default,1023,Silverstone,2024,STR,37,0,stay_out,-0.056405095719289,1,2,False,1,0,stay_out,2.112023960356284,2,0,False,1,False,False,2.1684290560755732,1
default,1023,Silverstone,2024,STR,38,0,stay_out,-0.0724542752113834,1,2,False,0,0,stay_out,1.1048087770176251,1,0,False,0,False,False,1.1772630522290086,0
default,1023,Silverstone,2024,STR,39,0,stay_out,-0.0383930229767187,1,2,False,0,0,stay_out,-0.2859238158546986,1,0,False,0,False,False,-0.2475307928779799,0
default,1023,Silverstone,2024,STR,40,0,stay_out,-0.0462333798387064,1,2,False,0,0,stay_out,-0.3082319005487648,1,0,False,0,False,False,-0.2619985207100584,0
default,1023,Silverstone,2024,STR,41,0,stay_out,-0.0796900682973557,1,2,False,0,0,stay_out,-0.3503236481790111,1,0,False,0,False,False,-0.27063357988165543,0
default,1023,Silverstone,2024,STR,42,0,stay_out,-0.0852697729486266,1,2,False,0,0,stay_out,-0.3645384120018804,1,0,False,0,False,False,-0.27926863905325383,0
default,1023,Silverstone,2024,STR,43,0,stay_out,-0.0795809956224417,1,2,False,0,0,stay_out,-0.3674846938472925,1,0,False,0,False,False,-0.2879036982248508,0
default,1023,Silverstone,2024,STR,44,0,stay_out,-0.1009799836402422,1,2,False,0,0,stay_out,-1.6270497473580847,2,0,False,0,False,False,-1.5260697637178424,1
default,1023,Silverstone,2024,STR,45,0,stay_out,-0.0811121043190709,1,2,False,0,0,stay_out,-2.803671841774289,4,0,False,0,False,False,-2.722559737455218,3
default,1023,Silverstone,2024,STR,46,0,stay_out,-0.1359749989496194,1,2,False,0,0,stay_out,-0.9168677493785508,4,0,False,0,False,False,-0.7808927504289314,3
default,1023,Silverstone,2024,STR,47,0,stay_out,-0.1455555189832935,1,2,False,0,0,stay_out,-1.8644989077890004,5,0,False,0,False,False,-1.7189433888057069,4
default,1023,Silverstone,2024,STR,48,0,stay_out,-0.1135199816909136,1,2,False,0,0,stay_out,-0.916197951547511,5,0,False,0,False,False,-0.8026779698565975,4
default,1023,Silverstone,2024,STR,49,0,stay_out,-0.1359432291864621,1,2,False,0,0,stay_out,-0.8518145648817155,5,0,False,0,False,False,-0.7158713356952534,4
default,1023,Silverstone,2024,STR,50,0,stay_out,24.83180527454433,1,2,False,0,0,stay_out,9.152212324236574,5,0,False,0,False,False,-15.679592950307756,4
default,1024,Silverstone,2023,RUS,0,0,stay_out,0.0,1,0,False,0,0,stay_out,0.0,1,0,False,0,False,False,0.0,0
default,1024,Silverstone,2023,RUS,1,0,stay_out,0.0,1,0,False,0,0,stay_out,0.0,1,0,False,0,False,False,0.0,0
default,1024,Silverstone,2023,RUS,2,0,stay_out,-0.0210461343083821,1,0,False,0,0,stay_out,-0.0210461343083821,1,0,False,0,False,False,0.0,0
default,1024,Silverstone,2023,RUS,3,0,stay_out,-0.0056478846296826,1,0,False,0,0,stay_out,-0.0056478846296826,1,0,False,0,False,False,0.0,0
default,1024,Silverstone,2023,RUS,4,0,stay_out,0.0,1,0,False,0,0,stay_out,0.0,1,0,False,0,False,False,0.0,0
default,1024,Silverstone,2023,RUS,5,0,stay_out,0.0,1,0,False,0,0,stay_out,0.0,1,0,False,0,False,False,0.0,0
default,1024,Silverstone,2023,RUS,6,0,stay_out,-0.0043834301182457,1,0,False,0,0,stay_out,-0.0043834301182457,1,0,False,0,False,False,0.0,0
default,1024,Silverstone,2023,RUS,7,0,stay_out,-0.0165901624694186,1,0,False,0,0,stay_out,-0.0165901624694186,1,0,False,0,False,False,0.0,0
default,1024,Silverstone,2023,RUS,8,2,pit_medium,-24.847365444029425,18,1,False,0,0,stay_out,0.0,1,0,False,0,True,True,24.847365444029425,-17
default,1024,Silverstone,2023,RUS,9,0,stay_out,0.8474325050706155,17,1,False,0,0,stay_out,-0.066398226768436,1,0,False,0,False,False,-0.9138307318390515,-16
default,1024,Silverstone,2023,RUS,10,0,stay_out,0.7983852453793603,16,1,False,0,0,stay_out,-0.0954218566140639,1,0,False,0,False,False,-0.8938071019934242,-15
default,1024,Silverstone,2023,RUS,11,0,stay_out,0.8215013730173567,15,1,False,0,0,stay_out,-0.0834137927950735,1,0,False,0,False,False,-0.9049151658124301,-14
default,1024,Silverstone,2023,RUS,12,0,stay_out,0.893770492420755,14,1,False,0,0,stay_out,-0.081371540785669,1,0,False,0,False,False,-0.975142033206424,-13
default,1024,Silverstone,2023,RUS,13,0,stay_out,1.885776620112975,12,1,False,0,0,stay_out,-0.164099246170332,1,0,False,0,False,False,-2.049875866283307,-11
default,1024,Silverstone,2023,RUS,14,0,stay_out,-0.0158917203753716,12,1,False,0,0,stay_out,-0.1558334164145051,1,0,False,0,False,False,-0.1399416960391335,-11
default,1024,Silverstone,2023,RUS,15,0,stay_out,-0.1242622638482657,12,1,False,0,0,stay_out,-0.1997686881509565,1,0,False,0,False,False,-0.07550642430269079,-11
default,1024,Silverstone,2023,RUS,16,0,stay_out,-0.1704690450517645,12,1,False,0,0,stay_out,-0.1780720787527045,1,0,False,0,False,False,-0.0076030337009400095,-11
default,1024,Silverstone,2023,RUS,17,0,stay_out,0.8612861992367442,11,1,False,0,0,stay_out,-0.1537444566084417,1,0,False,0,False,False,-1.0150306558451858,-10
default,1024,Silverstone,2023,RUS,18,0,stay_out,0.8312025787409453,10,1,False,0,0,stay_out,-0.1566362668563499,1,0,False,0,False,False,-0.9878388455972952,-9
default,1024,Silverstone,2023,RUS,19,0,stay_out,-0.1384504334525047,10,1,False,0,0,stay_out,-0.1614127729530651,1,0,False,0,False,False,-0.022962339500560397,-9
default,1024,Silverstone,2023,RUS,20,0,stay_out,-0.171331034558797,10,1,False,0,0,stay_out,-0.1623530735062061,1,0,False,0,False,False,0.00897796105259091,-9
default,1024,Silverstone,2023,RUS,21,0,stay_out,-0.2141520674824051,10,1,False,0,0,stay_out,-0.1781635899680367,1,0,False,0,False,False,0.0359884775143684,-9
default,1024,Silverstone,2023,RUS,22,0,stay_out,-0.2487268929613634,10,1,False,0,0,stay_out,-0.1866163873228729,1,0,False,0,False,False,0.06211050563849052,-9
default,1024,Silverstone,2023,RUS,23,1,pit_soft,-18.505046216224752,19,0,False,0,0,stay_out,-0.1683446187138514,1,0,False,0,True,True,18.3367015975109,-18
default,1024,Silverstone,2023,RUS,24,0,stay_out,-0.038992023639625,19,0,False,0,0,stay_out,-0.1867989526620064,1,0,False,0,False,False,-0.1478069290223814,-18
default,1024,Silverstone,2023,RUS,25,0,stay_out,0.9972064017547524,18,0,False,0,0,stay_out,-0.1523574322725139,1,0,False,0,False,False,-1.1495638340272663,-17
default,1024,Silverstone,2023,RUS,26,0,stay_out,0.0521228390260489,18,0,False,0,0,stay_out,-0.1793069059445599,1,0,False,0,False,False,-0.2314297449706088,-17
default,1024,Silverstone,2023,RUS,27,0,stay_out,0.0515933459014661,18,0,False,0,0,stay_out,-0.1819293448145487,1,0,False,0,False,False,-0.2335226907160148,-17
default,1024,Silverstone,2023,RUS,28,0,stay_out,0.0474517487875871,18,0,False,0,0,stay_out,-0.1901578356791731,1,0,False,0,False,False,-0.2376095844667602,-17
default,1024,Silverstone,2023,RUS,29,0,stay_out,-0.024938562162481,18,0,False,0,0,stay_out,-0.1881606834618893,1,0,False,0,False,False,-0.1632221212994083,-17
default,1024,Silverstone,2023,RUS,30,0,stay_out,-6.506733390402125,18,0,False,0,0,stay_out,-7.647959692753826,3,0,False,0,False,False,-1.1412263023517006,-15
default,1024,Silverstone,2023,RUS,31,0,stay_out,-1.6128923119493226,16,0,True,0,0,stay_out,-4.036055468706825,3,0,True,0,False,False,-2.423163156757502,-13
default,1024,Silverstone,2023,RUS,32,0,stay_out,7.569246056964385,11,0,True,0,0,stay_out,1.43182378547128,1,0,True,0,False,False,-6.137422271493104,-10
default,1024,Silverstone,2023,RUS,33,0,stay_out,-3.78483830490012,14,0,True,0,0,stay_out,-3.396589593292271,1,0,True,0,False,False,0.388248711607849,-13
default,1024,Silverstone,2023,RUS,34,2,pit_medium,-11.044199029891018,15,1,True,0,0,stay_out,-3.424984009313869,1,0,True,0,True,True,7.619215020577149,-14
default,1024,Silverstone,2023,RUS,35,0,stay_out,2.801579662072988,11,1,True,0,0,stay_out,-3.391640225190331,1,0,True,0,False,False,-6.193219887263319,-10
default,1024,Silverstone,2023,RUS,36,0,stay_out,7.935657314877614,1,1,True,0,0,stay_out,-3.4493489934864443,1,0,True,0,False,False,-11.385006308364058,0
default,1024,Silverstone,2023,RUS,37,0,stay_out,-0.1881246428089142,1,1,True,0,0,stay_out,-0.2587900274242997,1,0,True,0,False,False,-0.07066538461538549,0
default,1024,Silverstone,2023,RUS,38,1,pit_soft,-43.615426389962025,15,0,False,0,0,stay_out,-0.2794055024835629,1,0,False,0,True,True,43.33602088747846,-14
default,1024,Silverstone,2023,RUS,39,0,stay_out,-0.1469669843157547,15,0,False,0,0,stay_out,-0.2552642613886419,1,0,False,0,False,False,-0.1082972770728872,-14
default,1024,Silverstone,2023,RUS,40,0,stay_out,-0.1386539672122978,15,0,False,0,0,stay_out,-0.2717154451446191,1,0,False,0,False,False,-0.1330614779323213,-14
default,1024,Silverstone,2023,RUS,41,0,stay_out,-0.1832003403635028,15,0,False,0,0,stay_out,-0.2861963240279408,1,0,False,0,False,False,-0.10299598366443802,-14
default,1024,Silverstone,2023,RUS,42,0,stay_out,-0.0859789915836842,15,0,False,0,0,stay_out,-0.2608433419456745,1,0,False,0,False,False,-0.17486435036199027,-14
default,1024,Silverstone,2023,RUS,43,0,stay_out,-0.0611649177032163,15,0,False,0,0,stay_out,-0.2460439973131386,1,0,False,0,False,False,-0.1848790796099223,-14
default,1024,Silverstone,2023,RUS,44,0,stay_out,0.8167425016071419,14,0,False,0,0,stay_out,-0.3121479799656768,1,0,False,0,False,False,-1.1288904815728187,-13
default,1024,Silverstone,2023,RUS,45,0,stay_out,-0.068521373094515,14,0,False,0,0,stay_out,-0.2518876096241811,1,0,False,0,False,False,-0.1833662365296661,-13
default,1024,Silverstone,2023,RUS,46,0,stay_out,-0.1553425366397363,14,0,False,0,0,stay_out,-0.2824558837044876,1,0,False,0,False,False,-0.1271133470647513,-13
default,1024,Silverstone,2023,RUS,47,0,stay_out,-0.1449376862792746,14,0,False,0,0,stay_out,-0.2909611508319017,1,0,False,0,False,False,-0.1460234645526271,-13
default,1024,Silverstone,2023,RUS,48,0,stay_out,-0.2012112729833177,14,0,False,0,0,stay_out,-0.286178713414759,1,0,False,0,False,False,-0.08496744043144128,-13
default,1024,Silverstone,2023,RUS,49,0,stay_out,-0.1764709018906856,14,0,False,0,0,stay_out,-0.252016220176111,1,0,False,0,False,False,-0.07554531828542543,-13
default,1024,Silverstone,2023,RUS,50,0,stay_out,-0.2857619881751944,14,0,False,0,0,stay_out,-125.28901945562605,1,0,False,0,False,False,-125.00325746745085,-13
default,1025,Monaco,2022,GAS,0,0,stay_out,-1.8634280598470483,1,3,True,2,0,stay_out,-1.8634280598470483,1,3,True,2,False,False,0.0,0
default,1025,Monaco,2022,GAS,1,0,stay_out,0.0,1,3,True,2,0,stay_out,0.0,1,3,True,2,False,False,0.0,0
default,1025,Monaco,2022,GAS,2,0,stay_out,-0.1288756327317514,1,3,False,2,0,stay_out,-0.1288756327317514,1,3,False,2,False,False,0.0,0
default,1025,Monaco,2022,GAS,3,0,stay_out,-0.3335316095559719,1,3,False,2,0,stay_out,-0.3335316095559719,1,3,False,2,False,False,0.0,0
default,1025,Monaco,2022,GAS,4,0,stay_out,-0.4712768410686792,1,3,False,2,0,stay_out,-0.4712768410686792,1,3,False,2,False,False,0.0,0
default,1025,Monaco,2022,GAS,5,0,stay_out,-0.5683697500853342,1,3,False,2,0,stay_out,-0.5683697500853342,1,3,False,2,False,False,0.0,0
default,1025,Monaco,2022,GAS,6,0,stay_out,-1.5670142820284,2,3,False,2,0,stay_out,-1.5670142820284,2,3,False,2,False,False,0.0,0
default,1025,Monaco,2022,GAS,7,0,stay_out,-4.382301868047891,5,3,False,2,0,stay_out,-4.382301868047891,5,3,False,2,False,False,0.0,0
default,1025,Monaco,2022,GAS,8,0,stay_out,-1.4260383649612125,5,3,False,2,0,stay_out,-1.4260383649612125,5,3,False,2,False,False,0.0,0
default,1025,Monaco,2022,GAS,9,0,stay_out,-3.609085788477343,7,3,False,2,0,stay_out,-3.609085788477343,7,3,False,2,False,False,0.0,0
default,1025,Monaco,2022,GAS,10,0,stay_out,-3.682921464616951,9,3,False,2,0,stay_out,-3.682921464616951,9,3,False,2,False,False,0.0,0
default,1025,Monaco,2022,GAS,11,0,stay_out,-1.8681978744104968,9,3,False,2,0,stay_out,-1.8681978744104968,9,3,False,2,False,False,0.0,0
default,1025,Monaco,2022,GAS,12,0,stay_out,-3.2507603571395567,10,3,False,2,0,stay_out,-3.2507603571395567,10,3,False,2,False,False,0.0,0
default,1025,Monaco,2022,GAS,13,0,stay_out,-4.336289014944953,12,3,False,2,0,stay_out,-4.336289014944953,12,3,False,2,False,False,0.0,0
default,1025,Monaco,2022,GAS,14,0,stay_out,-2.404701835719973,12,3,False,2,0,stay_out,-2.404701835719973,12,3,False,2,False,False,0.0,0
default,1025,Monaco,2022,GAS,15,0,stay_out,-8.52772359789087,18,3,False,2,0,stay_out,-8.52772359789087,18,3,False,2,False,False,0.0,0
default,1025,Monaco,2022,GAS,16,5,pit_wet,-13.81581694969426,20,4,False,2,0,stay_out,-2.513877128713523,18,3,False,2,True,True,11.301939820980738,-2
default,1025,Monaco,2022,GAS,17,0,stay_out,-3.135786804479497,20,4,False,2,0,stay_out,-4.08638680447949,19,3,False,2,False,False,-0.950599999999993,-1
default,1025,Monaco,2022,GAS,18,0,stay_out,-2.111235816780115,19,4,False,2,0,stay_out,-3.155835816780113,19,3,False,2,False,False,-1.0445999999999982,0
default,1025,Monaco,2022,GAS,19,0,stay_out,-3.810046773634284,19,4,False,2,0,stay_out,-1.9866467736343112,19,3,False,2,False,False,1.8233999999999728,0
default,1025,Monaco,2022,GAS,20,0,stay_out,-2.8587557125197183,19,4,False,1,0,stay_out,-0.0473557125197403,18,3,False,1,False,False,2.811399999999978,-1
default,1025,Monaco,2022,GAS,21,0,stay_out,-6.057794195037703,19,4,False,1,0,stay_out,-5.454394195037675,19,3,False,1,False,False,0.6034000000000281,0
default,1025,Monaco,2022,GAS,22,0,stay_out,-7.017941914788892,19,4,False,0,1,pit_soft,-7.556081735769612,19,0,False,0,True,True,-0.53813982098072,0
default,1025,Monaco,2022,GAS,23,0,stay_out,-15.000259804925673,18,4,False,0,0,stay_out,-3.20881980492569,18,0,False,0,False,False,11.791439999999982,0
default,1025,Monaco,2022,GAS,24,0,stay_out,-15.910873635048189,18,4,True,0,0,stay_out,-4.065433635048159,18,0,True,0,False,False,11.84544000000003,0
default,1025,Monaco,2022,GAS,25,0,stay_out,-12.681489044486938,18,4,True,0,0,stay_out,-0.7739490444869548,18,0,True,0,False,False,11.907539999999983,0
default,1025,Monaco,2022,GAS,26,0,stay_out,-11.61845532330679,18,4,True,0,0,stay_out,0.348484676693197,18,0,True,0,False,False,11.966939999999987,0
default,1025,Monaco,2022,GAS,27,3,pit_hard,-5.794797249140472,13,2,True,0,0,stay_out,4.371666598693121,13,0,True,0,True,True,10.166463847833594,0
default,1025,Monaco,2022,GAS,28,0,stay_out,58.51231565414536,1,2,True,0,0,stay_out,24.88142127498339,1,0,True,0,False,False,-33.63089437916197,0
default,1025,Monaco,2022,GAS,29,0,stay_out,-0.1218561958527487,1,2,True,0,0,stay_out,0.0,1,0,True,0,False,False,0.1218561958527487,0
default,1025,Monaco,2022,GAS,30,0,stay_out,-0.1041651931369969,1,2,False,0,0,stay_out,0.0,1,0,False,0,False,False,0.1041651931369969,0
default,1025,Monaco,2022,GAS,31,0,stay_out,-0.1379306445407579,1,2,False,0,0,stay_out,-0.034965451403761,1,0,False,0,False,False,0.1029651931369969,0
default,1025,Monaco,2022,GAS,32,0,stay_out,-0.1520363776117179,1,2,False,0,0,stay_out,-0.0192711844747194,1,0,False,0,False,False,0.1327651931369985,0
default,1025,Monaco,2022,GAS,33,0,stay_out,-0.3063271098813971,1,2,False,0,0,stay_out,-0.0446619167443984,1,0,False,0,False,False,0.2616651931369987,0
default,1025,Monaco,2022,GAS,34,0,stay_out,-0.3374234540380968,1,2,False,0,0,stay_out,-0.0590582609010994,1,0,False,0,False,False,0.2783651931369974,0
default,1025,Monaco,2022,GAS,35,0,stay_out,-0.4160704385967989,1,2,False,0,0,stay_out,-0.0792052454598021,1,0,False,0,False,False,0.33686519313699675,0
default,1025,Monaco,2022,GAS,36,0,stay_out,-0.5270010318261712,1,2,False,0,0,stay_out,-0.0922358386891744,1,0,False,0,False,False,0.4347651931369968,0
default,1025,Monaco,2022,GAS,37,0,stay_out,-0.5588305327892628,1,2,False,0,0,stay_out,-0.122965339652265,1,0,False,0,False,False,0.4358651931369978,0
default,1025,Monaco,2022,GAS,38,0,stay_out,-0.6019676618776032,1,2,False,0,0,stay_out,-0.1338176618776046,1,0,False,0,False,False,0.4681499999999986,0
default,1025,Monaco,2022,GAS,39,0,stay_out,-0.6464994470164229,1,2,False,0,0,stay_out,-0.1873494470164246,1,0,False,0,False,False,0.45914999999999834,0
default,1025,Monaco,2022,GAS,40,0,stay_out,-0.5965352265238665,1,2,False,0,0,stay_out,-0.1463852265238671,1,0,False,0,False,False,0.4501499999999994,0
default,1025,Monaco,2022,GAS,41,0,stay_out,-0.6431866541549653,1,2,False,0,0,stay_out,-0.2020366541549677,1,0,False,0,False,False,0.44114999999999766,0
default,1025,Monaco,2022,GAS,42,0,stay_out,-0.6632146992321183,1,2,False,0,0,stay_out,-0.2310646992321196,1,0,False,0,False,False,0.4321499999999987,0
default,1025,Monaco,2022,GAS,43,0,stay_out,-0.6676556174613438,1,2,False,0,0,stay_out,-0.2445056174613455,1,0,False,0,False,False,0.42314999999999836,0
default,1025,Monaco,2022,GAS,44,0,stay_out,-0.6843147738562991,1,2,False,0,0,stay_out,-0.2701647738563011,1,0,False,0,False,False,0.414149999999998,0
default,1025,Monaco,2022,GAS,45,0,stay_out,-0.707581722464002,1,2,False,0,0,stay_out,-0.3024317224640029,1,0,False,0,False,False,0.40514999999999907,0
default,1025,Monaco,2022,GAS,46,0,stay_out,-0.6937879315670585,1,2,False,0,0,stay_out,-0.2976379315670598,1,0,False,0,False,False,0.3961499999999987,0
default,1025,Monaco,2022,GAS,47,0,stay_out,-0.7020555273955538,1,2,False,0,0,stay_out,-0.3149055273955554,1,0,False,0,False,False,0.3871499999999984,0
default,1025,Monaco,2022,GAS,48,0,stay_out,-0.720872982471019,1,2,False,0,0,stay_out,-0.342722982471021,1,0,False,0,False,False,0.37814999999999804,0
default,1025,Monaco,2022,GAS,49,0,stay_out,-0.7378282391344101,1,2,False,0,0,stay_out,-0.3686782391344124,1,0,False,0,False,False,0.3691499999999977,0
default,1025,Monaco,2022,GAS,50,0,stay_out,-0.7492194631194821,1,2,False,0,0,stay_out,-0.3890694631194833,1,0,False,0,False,False,0.36014999999999875,0
default,1025,Monaco,2022,GAS,51,0,stay_out,-0.7178036695539831,1,2,False,0,0,stay_out,-0.3666536695539847,1,0,False,0,False,False,0.3511499999999984,0
default,1025,Monaco,2022,GAS,52,0,stay_out,-0.7464673157783267,1,2,False,0,0,stay_out,-0.4043173157783272,1,0,False,0,False,False,0.3421499999999995,0
default,1025,Monaco,2022,GAS,53,0,stay_out,-0.8688749819552513,1,2,False,0,0,stay_out,-0.5357249819552535,1,0,False,0,False,False,0.3331499999999977,0
default,1025,Monaco,2022,GAS,54,0,stay_out,-0.8601646846162581,1,2,False,0,0,stay_out,-0.5360146846162607,1,0,False,0,False,False,0.3241499999999974,0
default,1025,Monaco,2022,GAS,55,0,stay_out,-0.8838757230969677,1,2,False,0,0,stay_out,-0.5687257230969692,1,0,False,0,False,False,0.3151499999999985,0
default,1025,Monaco,2022,GAS,56,0,stay_out,-0.8717192567763917,1,2,False,0,0,stay_out,-0.5655692567763936,1,0,False,0,False,False,0.30614999999999815,0
default,1025,Monaco,2022,GAS,57,0,stay_out,-0.8942576181662774,1,2,False,0,0,stay_out,-0.5971076181662781,1,0,False,0,False,False,0.29714999999999925,0
default,1025,Monaco,2022,GAS,58,0,stay_out,-0.905864093074834,1,2,False,0,0,stay_out,-0.6177140930748352,1,0,False,0,False,False,0.2881499999999988,0
default,1025,Monaco,2022,GAS,59,0,stay_out,-0.8837317296591366,1,2,False,0,0,stay_out,-0.604581729659138,1,0,False,0,False,False,0.27914999999999857,0
default,1025,Monaco,2022,GAS,60,0,stay_out,-0.9018946058247238,1,2,False,0,0,stay_out,-0.6317446058247257,1,0,False,0,False,False,0.2701499999999981,0
default,1025,Monaco,2022,GAS,61,0,stay_out,-0.9158449414550076,1,2,False,0,0,stay_out,-0.65469494145501,1,0,False,0,False,False,0.26114999999999766,0
default,1025,Monaco,2022,GAS,62,0,stay_out,24.06547446149281,1,2,False,0,0,stay_out,24.31762446149281,1,0,False,0,False,False,0.2521500000000003,0
default,1026,Silverstone,2023,PIA,0,0,stay_out,0.0,1,1,False,0,0,stay_out,0.0,1,1,False,0,False,False,0.0,0
default,1026,Silverstone,2023,PIA,1,0,stay_out,0.0,1,1,False,0,0,stay_out,0.0,1,1,False,0,False,False,0.0,0
default,1026,Silverstone,2023,PIA,2,0,stay_out,-0.0045768980719458,1,1,False,0,0,stay_out,-0.0045768980719458,1,1,False,0,False,False,0.0,0
default,1026,Silverstone,2023,PIA,3,0,stay_out,0.0,1,1,False,0,0,stay_out,0.0,1,1,False,0,False,False,0.0,0
default,1026,Silverstone,2023,PIA,4,0,stay_out,0.0,1,1,False,0,0,stay_out,0.0,1,1,False,0,False,False,0.0,0
default,1026,Silverstone,2023,PIA,5,0,stay_out,-0.0102047851721181,1,1,False,0,0,stay_out,-0.0102047851721181,1,1,False,0,False,False,0.0,0
default,1026,Silverstone,2023,PIA,6,0,stay_out,-0.0246876737036998,1,1,False,0,0,stay_out,-0.0246876737036998,1,1,False,0,False,False,0.0,0
default,1026,Silverstone,2023,PIA,7,0,stay_out,-0.009376977568921,1,1,False,0,0,stay_out,-0.009376977568921,1,1,False,0,False,False,0.0,0
default,1026,Silverstone,2023,PIA,8,0,stay_out,-0.0168737292019429,1,1,False,0,0,stay_out,-0.0168737292019429,1,1,False,0,False,False,0.0,0
default,1026,Silverstone,2023,PIA,9,0,stay_out,-0.0049677239236174,1,1,False,0,0,stay_out,-0.0049677239236174,1,1,False,0,False,False,0.0,0
default,1026,Silverstone,2023,PIA,10,0,stay_out,-0.0394891616814419,1,1,False,0,0,stay_out,-0.0394891616814419,1,1,False,0,False,False,0.0,0
default,1026,Silverstone,2023,PIA,11,0,stay_out,-0.0318189659470945,1,1,False,0,0,stay_out,-0.0318189659470945,1,1,False,0,False,False,0.0,0
default,1026,Silverstone,2023,PIA,12,0,stay_out,-5.013050551951892e-05,1,1,False,0,0,stay_out,-5.013050551951892e-05,1,1,False,0,False,False,0.0,0
default,1026,Silverstone,2023,PIA,13,0,stay_out,-0.0315469414034026,1,1,False,0,0,stay_out,-0.0315469414034026,1,1,False,0,False,False,0.0,0
default,1026,Silverstone,2023,PIA,14,0,stay_out,-0.0342691864035572,1,1,False,0,1,pit_soft,-21.08363381533048,14,0,False,0,True,True,-21.049364628926924,13
default,1026,Silverstone,2023,PIA,15,0,stay_out,-0.0233381051299559,1,1,False,0,0,stay_out,1.0740854473723402,13,0,False,0,False,False,1.0974235525022962,12
default,1026,Silverstone,2023,PIA,16,0,stay_out,-0.0259202320392134,1,1,False,0,0,stay_out,1.0593211935538225,12,0,False,0,False,False,1.0852414255930358,11
default,1026,Silverstone,2023,PIA,17,0,stay_out,-0.0253969192346914,1,1,False,0,0,stay_out,1.095526633267582,11,0,False,0,False,False,1.1209235525022734,10
default,1026,Silverstone,2023,PIA,18,0,stay_out,-0.0317150722964086,1,1,False,0,0,stay_out,-0.0014096728558499,11,0,False,0,False,False,0.030305399440558704,10
default,1026,Silverstone,2023,PIA,19,0,stay_out,-0.0201077923133198,1,1,False,0,0,stay_out,1.0217048871103145,10,0,False,0,False,False,1.0418126794236342,9
default,1026,Silverstone,2023,PIA,20,0,stay_out,-0.0211328877351533,1,1,False,0,0,stay_out,1.0086546962666532,9,0,False,0,False,False,1.0297875840018065,8
default,1026,Silverstone,2023,PIA,21,0,stay_out,-0.0428342398463613,1,1,False,0,0,stay_out,-0.0259480079557349,9,0,False,0,False,False,0.016886231890626397,8
default,1026,Silverstone,2023,PIA,22,0,stay_out,-0.026731658872751,1,1,False,0,0,stay_out,0.99405715399148,8,0,False,0,False,False,1.020788812864231,7
default,1026,Silverstone,2023,PIA,23,0,stay_out,-0.0497319549889866,1,1,False,0,0,stay_out,-0.0374434382409916,8,0,False,0,False,False,0.012288516747995006,7
default,1026,Silverstone,2023,PIA,24,0,stay_out,-0.0285250746404074,1,1,False,0,0,stay_out,0.8837318609176819,7,0,False,0,False,False,0.9122569355580893,6
default,1026,Silverstone,2023,PIA,25,0,stay_out,-0.0259266335686433,1,1,False,0,0,stay_out,0.8751287430612222,6,0,False,0,False,False,0.9010553766298656,5
default,1026,Silverstone,2023,PIA,26,0,stay_out,-0.023903168242262,1,1,False,0,0,stay_out,0.8868756737140004,5,0,False,0,False,False,0.9107788419562625,4
default,1026,Silverstone,2023,PIA,27,0,stay_out,-0.0674634454266595,1,1,False,0,0,stay_out,0.9283849374175772,4,0,False,0,False,False,0.9958483828442367,3
default,1026,Silverstone,2023,PIA,28,0,stay_out,-0.1143788183142305,1,1,False,0,0,stay_out,-0.1992227314345129,4,0,False,0,False,False,-0.08484391312028242,3
default,1026,Silverstone,2023,PIA,29,0,stay_out,-0.1090840340331325,1,1,False,0,0,stay_out,-0.1803100859492417,4,0,False,0,False,False,-0.0712260519161092,3
default,1026,Silverstone,2023,PIA,30,0,stay_out,-7.740811738941655,3,1,False,0,0,stay_out,-12.7634107355705,10,0,False,0,False,False,-5.022598996628846,7
default,1026,Silverstone,2023,PIA,31,3,pit_hard,-15.569340888614075,6,2,True,0,0,stay_out,-3.051907167395507,9,0,True,0,True,True,12.517433721218568,3
default,1026,Silverstone,2023,PIA,32,0,stay_out,7.585479296960439,1,2,True,0,0,stay_out,5.350430266218098,6,0,True,0,False,False,-2.235049030742341,5
default,1026,Silverstone,2023,PIA,33,0,stay_out,-3.261800969340904,1,2,True,0,0,stay_out,2.50047945529192,1,0,True,0,False,False,5.762280424632824,0
default,1026,Silverstone,2023,PIA,34,0,stay_out,-3.2431431724731854,1,2,True,0,0,stay_out,-3.387082305740772,1,0,True,0,False,False,-0.14393913326758678,0
default,1026,Silverstone,2023,PIA,35,0,stay_out,-3.2416985162391043,1,2,True,0,0,stay_out,-3.3815876495066903,1,0,True,0,False,False,-0.139889133267586,0
default,1026,Silverstone,2023,PIA,36,0,stay_out,-3.2695570336155555,1,2,True,0,0,stay_out,-3.405396166883142,1,0,True,0,False,False,-0.13583913326758656,0
default,1026,Silverstone,2023,PIA,37,0,stay_out,-0.1697177424951661,1,2,True,0,0,stay_out,-0.2644677424951652,1,0,True,0,False,False,-0.09474999999999908,0
default,1026,Silverstone,2023,PIA,38,0,stay_out,-0.1735789428282601,1,2,False,0,0,stay_out,-0.2648866351359515,1,0,False,0,False,False,-0.0913076923076914,0
default,1026,Silverstone,2023,PIA,39,0,stay_out,-0.184154359418352,1,2,False,0,0,stay_out,-0.2710197440337367,1,0,False,0,False,False,-0.08686538461538468,0
default,1026,Silverstone,2023,PIA,40,0,stay_out,-0.1767179965766374,1,2,False,0,0,stay_out,-0.2581410734997135,1,0,False,0,False,False,-0.0814230769230761,0
default,1026,Silverstone,2023,PIA,41,0,stay_out,-0.1924160144992285,1,2,False,0,0,stay_out,-0.2683967837299974,1,0,False,0,False,False,-0.07598076923076894,0
default,1026,Silverstone,2023,PIA,42,0,stay_out,-0.2022538251679705,1,2,False,0,0,stay_out,-0.2727922867064308,1,0,False,0,False,False,-0.0705384615384603,0
default,1026,Silverstone,2023,PIA,43,0,stay_out,-0.2076085883651885,1,2,False,0,0,stay_out,-0.2727047422113415,1,0,False,0,False,False,-0.065096153846153,0
default,1026,Silverstone,2023,PIA,44,0,stay_out,-0.2336108442756981,1,2,False,0,0,stay_out,-0.2932646904295424,1,0,False,0,False,False,-0.05965384615384431,0
default,1026,Silverstone,2023,PIA,45,0,stay_out,-0.2291545880017864,1,2,False,0,0,stay_out,-0.283366126463325,1,0,False,0,False,False,-0.05421153846153859,0
default,1026,Silverstone,2023,PIA,46,0,stay_out,-0.2000255104534488,1,2,False,0,0,stay_out,-0.2487947412226788,1,0,False,0,False,False,-0.04876923076923001,0
default,1026,Silverstone,2023,PIA,47,0,stay_out,-0.2305101895936204,1,2,False,0,0,stay_out,-0.2738371126705431,1,0,False,0,False,False,-0.04332692307692271,0
default,1026,Silverstone,2023,PIA,48,0,stay_out,-0.2448012963676319,1,2,False,0,0,stay_out,-0.2826859117522474,1,0,False,0,False,False,-0.03788461538461549,0
default,1026,Silverstone,2023,PIA,49,0,stay_out,-0.2109306627382281,1,2,False,0,0,stay_out,-0.2433729704305349,1,0,False,0,False,False,-0.0324423076923068,0
default,1026,Silverstone,2023,PIA,50,0,stay_out,24.75297672600548,1,2,False,0,0,stay_out,24.725976726005484,1,0,False,0,False,False,-0.026999999999993918,0
default,1027,Silverstone,2023,VER,0,0,stay_out,0.0,1,1,False,0,0,stay_out,0.0,1,1,False,0,False,False,0.0,0
default,1027,Silverstone,2023,VER,1,0,stay_out,-0.0176318773920016,1,1,False,0,0,stay_out,-0.0176318773920016,1,1,False,0,False,False,0.0,0
default,1027,Silverstone,2023,VER,2,0,stay_out,-0.0224196045392446,1,1,False,0,0,stay_out,-0.0224196045392446,1,1,False,0,False,False,0.0,0
default,1027,Silverstone,2023,VER,3,0,stay_out,-0.0359206471775579,1,1,False,0,0,stay_out,-0.0359206471775579,1,1,False,0,False,False,0.0,0
default,1027,Silverstone,2023,VER,4,0,stay_out,-0.0358571090331139,1,1,False,0,0,stay_out,-0.0358571090331139,1,1,False,0,False,False,0.0,0
default,1027,Silverstone,2023,VER,5,0,stay_out,0.0,1,1,False,0,0,stay_out,0.0,1,1,False,0,False,False,0.0,0
default,1027,Silverstone,2023,VER,6,0,stay_out,-0.017423514907297,1,1,False,0,0,stay_out,-0.017423514907297,1,1,False,0,False,False,0.0,0
default,1027,Silverstone,2023,VER,7,0,stay_out,-0.0543417404445236,1,1,False,0,1,pit_soft,-26.312789972710064,19,0,False,0,True,True,-26.25844823226554,18
default,1027,Silverstone,2023,VER,8,0,stay_out,-0.0285541041613782,1,1,False,0,0,stay_out,1.1514141872572168,18,0,False,0,False,False,1.179968291418595,17
default,1027,Silverstone,2023,VER,9,0,stay_out,-0.0384810407454352,1,1,False,0,0,stay_out,0.1316603140890919,18,0,False,0,False,False,0.1701413548345271,17
default,1027,Silverstone,2023,VER,10,0,stay_out,-0.0225090101069199,1,1,False,0,0,stay_out,0.1713592813116747,18,0,False,0,False,False,0.19386829141859457,17
default,1027,Silverstone,2023,VER,11,0,stay_out,-0.0245570966198059,1,1,False,0,0,stay_out,2.054263108285923,16,0,False,0,False,False,2.078820204905729,15
default,1027,Silverstone,2023,VER,12,0,stay_out,-0.0035979259853775,1,1,False,0,0,stay_out,2.1845814495547717,14,0,False,0,False,False,2.188179375540149,13
default,1027,Silverstone,2023,VER,13,0,stay_out,-0.0239275630528709,1,1,False,0,0,stay_out,2.1244914061889943,12,0,False,0,False,False,2.1484189692418654,11
default,1027,Silverstone,2023,VER,14,0,stay_out,-0.0509252268048328,1,1,False,0,0,stay_out,0.1230883863773797,12,0,False,0,False,False,0.1740136131822125,11
default,1027,Silverstone,2023,VER,15,0,stay_out,0.0,1,1,False,0,0,stay_out,1.1541723103756354,11,0,False,0,False,False,1.1541723103756354,10
default,1027,Silverstone,2023,VER,16,0,stay_out,-0.0372318518111541,1,1,False,0,0,stay_out,0.0543086067533337,11,0,False,0,False,False,0.09154045856448781,10
default,1027,Silverstone,2023,VER,17,0,stay_out,-0.0452153067074604,1,1,False,0,0,stay_out,1.8952878508068691,9,0,False,0,False,False,1.9405031575143294,8
default,1027,Silverstone,2023,VER,18,0,stay_out,-0.054479221967172,1,1,False,0,0,stay_out,-0.0762399797125567,9,0,False,0,False,False,-0.021760757745384697,8
default,1027,Silverstone,2023,VER,19,0,stay_out,-0.0229954945532384,1,1,False,0,0,stay_out,0.950127475115326,8,0,False,0,False,False,0.9731229696685644,7
default,1027,Silverstone,2023,VER,20,0,stay_out,-0.0450880891005937,1,1,False,0,0,stay_out,-0.0821423293639924,8,0,False,0,False,False,-0.03705424026339871,7
default,1027,Silverstone,2023,VER,21,0,stay_out,-0.0595612986622043,1,1,False,0,0,stay_out,-0.2959502869487395,8,0,False,0,False,False,-0.23638898828653518,7
default,1027,Silverstone,2023,VER,22,0,stay_out,-0.0518872820189585,1,1,False,0,0,stay_out,-0.2704022536622574,8,0,False,0,False,False,-0.2185149716432989,7
default,1027,Silverstone,2023,VER,23,0,stay_out,-0.0405935163521263,1,1,False,0,0,stay_out,-1.225014722328595,9,0,False,0,False,False,-1.1844212059764687,8
default,1027,Silverstone,2023,VER,24,0,stay_out,-0.0254818520342027,1,1,False,0,0,stay_out,-0.2332760090774172,9,0,False,0,False,False,-0.2077941570432145,8
default,1027,Silverstone,2023,VER,25,0,stay_out,-0.0356947427285618,1,1,False,0,0,stay_out,0.7438982095338786,8,0,False,0,False,False,0.7795929522624404,7
default,1027,Silverstone,2023,VER,26,0,stay_out,-0.0429609654804068,1,1,False,0,0,stay_out,-0.2526342359698063,8,0,False,0,False,False,-0.2096732704893995,7
default,1027,Silverstone,2023,VER,27,0,stay_out,-0.0692409304473187,1,1,False,0,0,stay_out,1.719235780870629,6,0,False,0,False,False,1.7884767113179476,5
default,1027,Silverstone,2023,VER,28,0,stay_out,-0.1290126704222061,1,1,False,0,0,stay_out,-0.2819230836945763,6,0,False,0,False,False,-0.1529104132723702,5
default,1027,Silverstone,2023,VER,29,0,stay_out,-0.124802220257871,1,1,False,0,0,stay_out,-0.2477791064428103,6,0,False,0,False,False,-0.1229768861849393,5
default,1027,Silverstone,2023,VER,30,0,stay_out,-5.732658919936162,2,1,False,0,0,stay_out,-12.832846086420798,12,0,False,0,False,False,-7.100187166484636,10
default,1027,Silverstone,2023,VER,31,3,pit_hard,-16.20575198132554,6,2,True,0,0,stay_out,-1.822856677381809,10,0,True,0,True,True,14.382895303943732,4
default,1027,Silverstone,2023,VER,32,0,stay_out,5.177017638003509,2,2,True,0,0,stay_out,2.8798218182302904,8,0,True,0,False,False,-2.2971958197732185,6
default,1027,Silverstone,2023,VER,33,0,stay_out,-2.320828719242047,1,2,True,0,0,stay_out,5.511887044487411,1,0,True,0,False,False,7.832715763729458,0
default,1027,Silverstone,2023,VER,34,0,stay_out,-3.2784091055163715,1,2,True,0,0,stay_out,-3.4233924252895847,1,0,True,0,False,False,-0.1449833197732131,0
default,1027,Silverstone,2023,VER,35,0,stay_out,-3.24986630868882,1,2,True,0,0,stay_out,-3.3915525130774173,1,0,True,0,False,False,-0.14168620438859714,0
default,1027,Silverstone,2023,VER,36,0,stay_out,-3.274709437963203,1,2,True,0,0,stay_out,-3.4130985269671856,1,0,True,0,False,False,-0.1383890890039825,0
default,1027,Silverstone,2023,VER,37,0,stay_out,-0.1939766622537135,1,2,True,0,0,stay_out,-0.2926305084075579,1,0,True,0,False,False,-0.0986538461538444,0
default,1027,Silverstone,2023,VER,38,0,stay_out,-0.1580588236280604,1,2,False,0,0,stay_out,-0.2532703620895987,1,0,False,0,False,False,-0.09521153846153829,0
default,1027,Silverstone,2023,VER,39,0,stay_out,-0.1671186166742643,1,2,False,0,0,stay_out,-0.2578878474434944,1,0,False,0,False,False,-0.0907692307692301,0
default,1027,Silverstone,2023,VER,40,0,stay_out,-0.1801006268849292,1,2,False,0,0,stay_out,-0.2654275499618521,1,0,False,0,False,False,-0.08532692307692288,0
default,1027,Silverstone,2023,VER,41,0,stay_out,-0.1972241094428824,1,2,False,0,0,stay_out,-0.2771087248274981,1,0,False,0,False,False,-0.07988461538461569,0
default,1027,Silverstone,2023,VER,42,0,stay_out,-0.1970228400685698,1,2,False,0,0,stay_out,-0.2714651477608769,1,0,False,0,False,False,-0.07444230769230709,0
default,1027,Silverstone,2023,VER,43,0,stay_out,-0.2052191861456663,1,2,False,0,0,stay_out,-0.2742191861456661,1,0,False,0,False,False,-0.06899999999999978,0
default,1027,Silverstone,2023,VER,44,0,stay_out,-0.2263339647959569,1,2,False,0,0,stay_out,-0.289891657103648,1,0,False,0,False,False,-0.0635576923076911,0
default,1027,Silverstone,2023,VER,45,0,stay_out,-0.1810327555664713,1,2,False,0,0,stay_out,-0.2391481401818566,1,0,False,0,False,False,-0.05811538461538529,0
default,1027,Silverstone,2023,VER,46,0,stay_out,-0.222167073485663,1,2,False,0,0,stay_out,-0.2748401504087397,1,0,False,0,False,False,-0.05267307692307671,0
default,1027,Silverstone,2023,VER,47,0,stay_out,-0.224063799767103,1,2,False,0,0,stay_out,-0.2712945689978724,1,0,False,0,False,False,-0.04723076923076941,0
default,1027,Silverstone,2023,VER,48,0,stay_out,-0.2186380995670817,1,2,False,0,0,stay_out,-0.2604265611055424,1,0,False,0,False,False,-0.04178846153846072,0
default,1027,Silverstone,2023,VER,49,0,stay_out,-0.2367714942911291,1,2,False,0,0,stay_out,-0.2731176481372827,1,0,False,0,False,False,-0.036346153846153584,0
default,1027,Silverstone,2023,VER,50,0,stay_out,24.75856556041313,1,2,False,0,0,stay_out,24.727661714259284,1,0,False,0,False,False,-0.030903846153844228,0
default,1028,Silverstone,2023,TSU,0,0,stay_out,0.0,1,0,False,0,0,stay_out,0.0,1,0,False,0,False,False,0.0,0
default,1028,Silverstone,2023,TSU,1,0,stay_out,-0.0237711253904834,1,0,False,0,0,stay_out,-0.0237711253904834,1,0,False,0,False,False,0.0,0
default,1028,Silverstone,2023,TSU,2,0,stay_out,0.0,1,0,False,0,0,stay_out,0.0,1,0,False,0,False,False,0.0,0
default,1028,Silverstone,2023,TSU,3,0,stay_out,-0.0559230419231866,1,0,False,0,0,stay_out,-0.0559230419231866,1,0,False,0,False,False,0.0,0
default,1028,Silverstone,2023,TSU,4,0,stay_out,-0.0645511673518498,1,0,False,0,0,stay_out,-0.0645511673518498,1,0,False,0,False,False,0.0,0
default,1028,Silverstone,2023,TSU,5,0,stay_out,-0.0343478725701416,1,0,False,0,0,stay_out,-0.0343478725701416,1,0,False,0,False,False,0.0,0
default,1028,Silverstone,2023,TSU,6,0,stay_out,-0.0257701297080132,1,0,False,0,0,stay_out,-0.0257701297080132,1,0,False,0,False,False,0.0,0
default,1028,Silverstone,2023,TSU,7,0,stay_out,-0.0446818784263612,1,0,False,0,0,stay_out,-0.0446818784263612,1,0,False,0,False,False,0.0,0
default,1028,Silverstone,2023,TSU,8,2,pit_medium,-24.873793584264,18,1,False,0,0,stay_out,0.0,1,0,False,0,True,True,24.873793584264,-17
default,1028,Silverstone,2023,TSU,9,0,stay_out,0.8152283735069218,17,1,False,0,0,stay_out,-0.088172109847261,1,0,False,0,False,False,-0.9034004833541828,-16
default,1028,Silverstone,2023,TSU,10,0,stay_out,0.8233127901457991,16,1,False,0,0,stay_out,-0.0886299015278155,1,0,False,0,False,False,-0.9119426916736145,-15
default,1028,Silverstone,2023,TSU,11,0,stay_out,0.9078749511364832,15,1,False,0,0,stay_out,-0.0458988210324847,1,0,False,0,False,False,-0.9537737721689679,-14
default,1028,Silverstone,2023,TSU,12,0,stay_out,0.8963623146331372,14,1,False,0,0,stay_out,-0.0857474469764554,1,0,False,0,False,False,-0.9821097616095926,-13
default,1028,Silverstone,2023,TSU,13,0,stay_out,0.87065368670645,13,1,False,0,0,stay_out,-0.1773325301705711,1,0,False,0,False,False,-1.047986216877021,-12
default,1028,Silverstone,2023,TSU,14,0,stay_out,-0.062066850215281,13,1,False,0,0,stay_out,-0.1845927986314322,1,0,False,0,False,False,-0.12252594841615119,-12
default,1028,Silverstone,2023,TSU,15,0,stay_out,-0.2244516378702357,13,1,False,0,0,stay_out,-0.2155351924589169,1,0,False,0,False,False,0.008916445411318807,-12
default,1028,Silverstone,2023,TSU,16,0,stay_out,-0.1671385010097722,13,1,False,0,0,stay_out,-0.1820786240286864,1,0,False,0,False,False,-0.014940123018914203,-12
default,1028,Silverstone,2023,TSU,17,0,stay_out,0.8587257798978811,12,1,False,0,0,stay_out,-0.1606964835748527,1,0,False,0,False,False,-1.019422263472734,-11
default,1028,Silverstone,2023,TSU,18,0,stay_out,0.7974265757008197,11,1,False,0,0,stay_out,-0.1791960856733936,1,0,False,0,False,False,-0.9766226613742133,-10
default,1028,Silverstone,2023,TSU,19,0,stay_out,-0.1623912859564569,11,1,False,0,0,stay_out,-0.1790550165020221,1,0,False,0,False,False,-0.016663730545565192,-10
default,1028,Silverstone,2023,TSU,20,0,stay_out,-0.2708148233502669,11,1,False,0,0,stay_out,-0.2177667851989298,1,0,False,0,False,False,0.0530480381513371,-10
default,1028,Silverstone,2023,TSU,21,0,stay_out,-0.1873760643104646,11,1,False,0,0,stay_out,-0.1804474056790326,1,0,False,0,False,False,0.006928658631431994,-10
default,1028,Silverstone,2023,TSU,22,0,stay_out,-0.2416472466015179,11,1,False,0,0,stay_out,-0.1987483814399269,1,0,False,0,False,False,0.042898865161591,-10
default,1028,Silverstone,2023,TSU,23,1,pit_soft,-17.46605418979315,19,0,False,0,0,stay_out,-0.1545204227950265,1,0,False,0,True,True,17.311533766998124,-18
default,1028,Silverstone,2023,TSU,24,0,stay_out,-0.0451053969652079,19,0,False,0,0,stay_out,-0.1955274566217781,1,0,False,0,False,False,-0.15042205965657018,-18
default,1028,Silverstone,2023,TSU,25,0,stay_out,0.9332438353757424,18,0,False,0,0,stay_out,-0.1900105327589998,1,0,False,0,False,False,-1.1232543681347422,-17
default,1028,Silverstone,2023,TSU,26,0,stay_out,0.0722974404601757,18,0,False,0,0,stay_out,-0.1748914225244846,1,0,False,0,False,False,-0.2471888629846603,-17
default,1028,Silverstone,2023,TSU,27,0,stay_out,0.016624474682797,18,0,False,0,0,stay_out,-0.2050855977208698,1,0,False,0,False,False,-0.2217100724036668,-17
default,1028,Silverstone,2023,TSU,28,0,stay_out,0.0365998866370148,18,0,False,0,0,stay_out,-0.2012555840514224,1,0,False,0,False,False,-0.2378554706884372,-17
default,1028,Silverstone,2023,TSU,29,0,stay_out,-0.0058114741885162,18,0,False,0,0,stay_out,-0.1842689567718949,1,0,False,0,False,False,-0.17845748258337868,-17
default,1028,Silverstone,2023,TSU,30,0,stay_out,-6.477192332531381,18,0,False,0,0,stay_out,-7.597722807283574,3,0,False,0,False,False,-1.1205304747521936,-15
default,1028,Silverstone,2023,TSU,31,0,stay_out,-1.779484767107347,16,0,True,0,0,stay_out,-4.093430357337372,3,0,True,0,False,False,-2.3139455902300248,-13
default,1028,Silverstone,2023,TSU,32,0,stay_out,6.645739022875546,12,0,True,0,0,stay_out,1.3916671210525866,1,0,True,0,False,False,-5.254071901822959,-11
default,1028,Silverstone,2023,TSU,33,0,stay_out,-2.8772677428554827,14,0,True,0,0,stay_out,-3.448476129566936,1,0,True,0,False,False,-0.5712083867114535,-13
default,1028,Silverstone,2023,TSU,34,2,pit_medium,-11.058155878124468,15,1,True,0,0,stay_out,-3.4376342507275583,1,0,True,0,True,True,7.62052162739691,-14
default,1028,Silverstone,2023,TSU,35,0,stay_out,1.7123592735515771,12,1,True,0,0,stay_out,-3.441922236748004,1,0,True,0,False,False,-5.154281510299581,-11
default,1028,Silverstone,2023,TSU,36,0,stay_out,9.056020670252732,1,1,True,0,0,stay_out,-3.428536060608194,1,0,True,0,False,False,-12.484556730860925,0
default,1028,Silverstone,2023,TSU,37,0,stay_out,-1.2401329893267032,2,1,True,0,0,stay_out,-0.2656902416833873,1,0,True,0,False,False,0.974442747643316,-1
default,1028,Silverstone,2023,TSU,38,0,stay_out,-1.3324529887540535,3,1,False,0,0,stay_out,-0.2437995713001086,1,0,False,0,False,False,1.0886534174539448,-2
default,1028,Silverstone,2023,TSU,39,0,stay_out,-2.4355115646390333,5,1,False,0,0,stay_out,-0.2646365515502779,1,0,False,0,False,False,2.1708750130887555,-4
default,1028,Silverstone,2023,TSU,40,0,stay_out,-2.4158064926519063,7,1,False,0,0,stay_out,-0.2753917078643937,1,0,False,0,False,False,2.1404147847875126,-6
default,1028,Silverstone,2023,TSU,41,0,stay_out,-1.4020249080542326,8,1,False,0,0,stay_out,-0.2607086078733133,1,0,False,0,False,False,1.1413163001809195,-7
default,1028,Silverstone,2023,TSU,42,0,stay_out,1.657232001907198,6,1,False,0,0,stay_out,-0.2543378452002443,1,0,False,0,False,False,-1.9115698471074423,-5
default,1028,Silverstone,2023,TSU,43,0,stay_out,-1.299934306058154,7,1,False,0,0,stay_out,-0.2405286914906156,1,0,False,0,False,False,1.0594056145675386,-6
default,1028,Silverstone,2023,TSU,44,0,stay_out,-0.3683778565066646,7,1,False,0,0,stay_out,-0.2698081590225755,1,0,False,0,False,False,0.09856969748408911,-6
default,1028,Silverstone,2023,TSU,45,0,stay_out,-1.3745713129683257,8,1,False,0,0,stay_out,-0.2800125795610867,1,0,False,0,False,False,1.094558733407239,-7
default,1028,Silverstone,2023,TSU,46,0,stay_out,-1.4189161315423733,9,1,False,0,0,stay_out,-0.2793426811557936,1,0,False,0,False,False,1.1395734503865798,-8
default,1028,Silverstone,2023,TSU,47,0,stay_out,-1.3998976291249163,10,1,False,0,0,stay_out,-0.2835411222547634,1,0,False,0,False,False,1.1163565068701529,-9
default,1028,Silverstone,2023,TSU,48,0,stay_out,-0.3595396229010731,10,1,False,0,0,stay_out,-0.2676851960659278,1,0,False,0,False,False,0.09185442683514533,-9
default,1028,Silverstone,2023,TSU,49,0,stay_out,-0.4047992954421744,10,1,False,0,0,stay_out,-0.2763265707980437,1,0,False,0,False,False,0.12847272464413073,-9
default,1028,Silverstone,2023,TSU,50,0,stay_out,-2.484973693356018,12,1,False,0,0,stay_out,-125.2987714620626,1,0,False,0,False,False,-122.81379776870659,-11
default,1029,Silverstone,2023,ZHO,0,0,stay_out,0.0,1,1,False,0,0,stay_out,0.0,1,1,False,0,False,False,0.0,0
default,1029,Silverstone,2023,ZHO,1,0,stay_out,-0.0047323315743469,1,1,False,0,0,stay_out,-0.0047323315743469,1,1,False,0,False,False,0.0,0
default,1029,Silverstone,2023,ZHO,2,0,stay_out,0.0,1,1,False,0,0,stay_out,0.0,1,1,False,0,False,False,0.0,0
default,1029,Silverstone,2023,ZHO,3,0,stay_out,-0.0316859120038273,1,1,False,0,0,stay_out,-0.0316859120038273,1,1,False,0,False,False,0.0,0
default,1029,Silverstone,2023,ZHO,4,0,stay_out,-0.0218812466039636,1,1,False,0,0,stay_out,-0.0218812466039636,1,1,False,0,False,False,0.0,0
default,1029,Silverstone,2023,ZHO,5,0,stay_out,-0.0068383570976109,1,1,False,0,0,stay_out,-0.0068383570976109,1,1,False,0,False,False,0.0,0
default,1029,Silverstone,2023,ZHO,6,0,stay_out,-0.0301898284146972,1,1,False,0,0,stay_out,-0.0301898284146972,1,1,False,0,False,False,0.0,0
default,1029,Silverstone,2023,ZHO,7,0,stay_out,-0.028141897821402,1,1,False,0,0,stay_out,-0.028141897821402,1,1,False,0,False,False,0.0,0
default,1029,Silverstone,2023,ZHO,8,0,stay_out,-0.0226926488103686,1,1,False,0,0,stay_out,-0.0226926488103686,1,1,False,0,False,False,0.0,0
default,1029,Silverstone,2023,ZHO,9,0,stay_out,-0.0084318632215286,1,1,False,0,0,stay_out,-0.0084318632215286,1,1,False,0,False,False,0.0,0
default,1029,Silverstone,2023,ZHO,10,0,stay_out,-0.0433966184274069,1,1,False,0,0,stay_out,-0.0433966184274069,1,1,False,0,False,False,0.0,0
default,1029,Silverstone,2023,ZHO,11,0,stay_out,-0.0216501699687782,1,1,False,0,0,stay_out,-0.0216501699687782,1,1,False,0,False,False,0.0,0
default,1029,Silverstone,2023,ZHO,12,0,stay_out,-0.0221980249971721,1,1,False,0,0,stay_out,-0.0221980249971721,1,1,False,0,False,False,0.0,0
default,1029,Silverstone,2023,ZHO,13,0,stay_out,-0.0410460380909739,1,1,False,0,0,stay_out,-0.0410460380909739,1,1,False,0,False,False,0.0,0
default,1029,Silverstone,2023,ZHO,14,0,stay_out,-0.0158703247494457,1,1,False,0,1,pit_soft,-21.01952170702736,14,0,False,0,True,True,-21.003651382277912,13
default,1029,Silverstone,2023,ZHO,15,0,stay_out,-0.0400836929483233,1,1,False,0,0,stay_out,1.0759804314527628,13,0,False,0,False,False,1.116064124401086,12
default,1029,Silverstone,2023,ZHO,16,0,stay_out,-0.0520977723663378,1,1,False,0,0,stay_out,0.0943663520347399,13,0,False,0,False,False,0.1464641244010777,12
default,1029,Silverstone,2023,ZHO,17,0,stay_out,-0.0328532558342431,1,1,False,0,0,stay_out,1.0967108685668336,12,0,False,0,False,False,1.1295641244010768,11
default,1029,Silverstone,2023,ZHO,18,0,stay_out,-0.0209389288048839,1,1,False,0,0,stay_out,1.0362395226255474,11,0,False,0,False,False,1.0571784514304312,10
default,1029,Silverstone,2023,ZHO,19,0,stay_out,-0.0412978038559231,1,1,False,0,0,stay_out,0.0154217725234588,11,0,False,0,False,False,0.056719576379381895,10
default,1029,Silverstone,2023,ZHO,20,0,stay_out,-0.0508025727781046,1,1,False,0,0,stay_out,0.9454122346791224,10,0,False,0,False,False,0.996214807457227,9
default,1029,Silverstone,2023,ZHO,21,0,stay_out,-0.0458357247674982,1,1,False,0,0,stay_out,-0.0158540692996396,10,0,False,0,False,False,0.0299816554678586,9
default,1029,Silverstone,2023,ZHO,22,0,stay_out,-0.0117574643444882,1,1,False,0,0,stay_out,1.040102451546339,9,0,False,0,False,False,1.0518599158908273,8
default,1029,Silverstone,2023,ZHO,23,0,stay_out,-0.0174818067344702,1,1,False,0,0,stay_out,1.0231537667663972,8,0,False,0,False,False,1.0406355735008674,7
default,1029,Silverstone,2023,ZHO,24,0,stay_out,-0.0582640146089076,1,1,False,0,0,stay_out,0.8403508894790178,7,0,False,0,False,False,0.8986149040879254,6
default,1029,Silverstone,2023,ZHO,25,0,stay_out,-0.0403766001002111,1,1,False,0,0,stay_out,0.962325718496409,6,0,False,0,False,False,1.0027023185966202,5
default,1029,Silverstone,2023,ZHO,26,0,stay_out,-0.0368727888190207,1,1,False,0,0,stay_out,-0.0229666589411891,6,0,False,0,False,False,0.013906129877831602,5
default,1029,Silverstone,2023,ZHO,27,0,stay_out,-0.0455395427931677,1,1,False,0,0,stay_out,0.971048507385312,5,0,False,0,False,False,1.0165880501784796,4
default,1029,Silverstone,2023,ZHO,28,0,stay_out,-0.1532162223503945,1,1,False,0,0,stay_out,0.7219182251939102,4,0,False,0,False,False,0.8751344475443048,3
default,1029,Silverstone,2023,ZHO,29,0,stay_out,-0.1242085542559948,1,1,False,0,0,stay_out,-0.2117433616941937,4,0,False,0,False,False,-0.0875348074381989,3
default,1029,Silverstone,2023,ZHO,30,0,stay_out,-7.7004484000088755,3,1,False,0,0,stay_out,-13.738195032691811,11,0,False,0,False,False,-6.037746632682936,8
default,1029,Silverstone,2023,ZHO,31,3,pit_hard,-16.650752510028894,7,2,True,0,0,stay_out,-2.24250302410957,9,0,True,0,True,True,14.408249485919324,2
default,1029,Silverstone,2023,ZHO,32,0,stay_out,7.526003783503439,2,2,True,0,0,stay_out,5.093667914936603,6,0,True,0,False,False,-2.4323358685668364,4
default,1029,Silverstone,2023,ZHO,33,0,stay_out,-2.274856853186729,1,2,True,0,0,stay_out,2.6538419386721865,1,0,True,0,False,False,4.928698791858915,0
default,1029,Silverstone,2023,ZHO,34,0,stay_out,-3.2824366847978923,1,2,True,0,0,stay_out,-3.427560053364725,1,0,True,0,False,False,-0.1451233685668325,0
default,1029,Silverstone,2023,ZHO,35,0,stay_out,-3.265433501053097,1,2,True,0,0,stay_out,-3.4065068696199305,1,0,True,0,False,False,-0.1410733685668335,0
default,1029,Silverstone,2023,ZHO,36,0,stay_out,-3.2606883143800247,1,2,True,0,0,stay_out,-3.397711682946857,1,0,True,0,False,False,-0.13702336856683228,0
default,1029,Silverstone,2023,ZHO,37,0,stay_out,-0.1409270287649391,1,2,True,0,0,stay_out,-0.2356770287649382,1,0,True,0,False,False,-0.09474999999999911,0
default,1029,Silverstone,2023,ZHO,38,0,stay_out,-0.1783161147783616,1,2,False,0,0,stay_out,-0.2696238070860531,1,0,False,0,False,False,-0.09130769230769151,0
default,1029,Silverstone,2023,ZHO,39,0,stay_out,-0.1724420757254862,1,2,False,0,0,stay_out,-0.2593074603408709,1,0,False,0,False,False,-0.08686538461538468,0
default,1029,Silverstone,2023,ZHO,40,0,stay_out,-0.1859423048076124,1,2,False,0,0,stay_out,-0.2673653817306885,1,0,False,0,False,False,-0.08142307692307613,0
default,1029,Silverstone,2023,ZHO,41,0,stay_out,-0.2056248610564836,1,2,False,0,0,stay_out,-0.2816056302872525,1,0,False,0,False,False,-0.07598076923076891,0
default,1029,Silverstone,2023,ZHO,42,0,stay_out,-0.1766878424541431,1,2,False,0,0,stay_out,-0.2472263039926034,1,0,False,0,False,False,-0.0705384615384603,0
default,1029,Silverstone,2023,ZHO,43,0,stay_out,-0.1892574379388122,1,2,False,0,0,stay_out,-0.2543535917849652,1,0,False,0,False,False,-0.065096153846153,0
default,1029,Silverstone,2023,ZHO,44,0,stay_out,-0.2147556878523957,1,2,False,0,0,stay_out,-0.2744095340062401,1,0,False,0,False,False,-0.059653846153844364,0
default,1029,Silverstone,2023,ZHO,45,0,stay_out,-0.191445188906674,1,2,False,0,0,stay_out,-0.2456567273682125,1,0,False,0,False,False,-0.054211538461538505,0
default,1029,Silverstone,2023,ZHO,46,0,stay_out,-0.2012949144985711,1,2,False,0,0,stay_out,-0.2500641452678011,1,0,False,0,False,False,-0.04876923076922998,0
default,1029,Silverstone,2023,ZHO,47,0,stay_out,-0.2657458719385616,1,2,False,0,0,stay_out,-0.3090727950154843,1,0,False,0,False,False,-0.04332692307692271,0
default,1029,Silverstone,2023,ZHO,48,0,stay_out,-0.2291444842936329,1,2,False,0,0,stay_out,-0.2670290996782484,1,0,False,0,False,False,-0.03788461538461549,0
default,1029,Silverstone,2023,ZHO,49,0,stay_out,-0.2398871425985788,1,2,False,0,0,stay_out,-0.2723294502908857,1,0,False,0,False,False,-0.03244230769230688,0
default,1029,Silverstone,2023,ZHO,50,0,stay_out,24.75105347987705,1,2,False,0,0,stay_out,24.72405347987705,1,0,False,0,False,False,-0.027000000000001023,0
