seed,track,year,race_name,lap_index,action_a,action_name_a,reward_a,position_after_a,action_b,action_name_b,reward_b,position_after_b,actions_disagree,reward_b_minus_a
1001,Silverstone,2022,RIC,0,0,stay_out,0.0,1,0,stay_out,0.0,1,False,0.0
1001,Silverstone,2022,RIC,1,0,stay_out,-0.0376062711684639,1,0,stay_out,-0.0376062711684639,1,False,0.0
1001,Silverstone,2022,RIC,2,0,stay_out,-0.0062240853386114,1,0,stay_out,-0.0062240853386114,1,False,0.0
1001,Silverstone,2022,RIC,3,0,stay_out,-0.0235364163237207,1,0,stay_out,-0.0235364163237207,1,False,0.0
1001,Silverstone,2022,RIC,4,0,stay_out,-0.030338048432695,1,0,stay_out,-0.030338048432695,1,False,0.0
1001,Silverstone,2022,RIC,5,0,stay_out,-0.0189221151449913,1,0,stay_out,-0.0189221151449913,1,False,0.0
1001,Silverstone,2022,RIC,6,0,stay_out,-0.0245419904676964,1,0,stay_out,-0.0245419904676964,1,False,0.0
1001,Silverstone,2022,RIC,7,0,stay_out,-0.0508704992451441,1,0,stay_out,-0.0508704992451441,1,False,0.0
1001,Silverstone,2022,RIC,8,0,stay_out,-0.1258686350753066,1,0,stay_out,-0.1258686350753066,1,False,0.0
1001,Silverstone,2022,RIC,9,0,stay_out,-0.1564153056181965,1,1,pit_soft,-4.938874921002814,1,True,-4.782459615384617
1001,Silverstone,2022,RIC,10,0,stay_out,-0.1220197272520479,1,0,stay_out,0.0,1,False,0.1220197272520479
1001,Silverstone,2022,RIC,11,0,stay_out,-0.1369450539239082,1,0,stay_out,-0.0058253266718594,1,False,0.13111972725204882
1001,Silverstone,2022,RIC,12,0,stay_out,-0.1554052157661658,1,0,stay_out,-0.0292854885141181,1,False,0.1261197272520477
1001,Silverstone,2022,RIC,13,0,stay_out,-0.1694514296453491,1,0,stay_out,-0.0331317023933024,1,False,0.1363197272520467
1001,Silverstone,2022,RIC,14,0,stay_out,-0.1811963466983329,1,0,stay_out,-0.0449766194462853,1,False,0.1362197272520476
1001,Silverstone,2022,RIC,15,0,stay_out,-0.1568884894384396,1,0,stay_out,-0.0296687621863924,1,False,0.12721972725204722
1001,Silverstone,2022,RIC,16,0,stay_out,-0.1759856856287754,1,0,stay_out,-0.0544659583767284,1,False,0.12151972725204699
1001,Silverstone,2022,RIC,17,0,stay_out,-0.1831748430564886,1,0,stay_out,-0.0418551158044408,1,False,0.1413197272520478
1001,Silverstone,2022,RIC,18,0,stay_out,-0.1945130298046976,1,0,stay_out,-0.0681933025526504,1,False,0.1263197272520472
1001,Silverstone,2022,RIC,19,0,stay_out,-0.189886166485104,1,0,stay_out,-0.0785664392330559,1,False,0.11131972725204811
1001,Silverstone,2022,RIC,20,0,stay_out,-0.2210539756729403,1,0,stay_out,-0.1090342484208932,1,False,0.1120197272520471
1001,Silverstone,2022,RIC,21,0,stay_out,-0.232101752202233,1,0,stay_out,-0.1350820249501865,1,False,0.0970197272520465
1001,Silverstone,2022,RIC,22,0,stay_out,-0.2118879825774712,1,0,stay_out,-0.1298682553254238,1,False,0.08201972725204743
1001,Silverstone,2022,RIC,23,0,stay_out,-0.2135977761933944,1,0,stay_out,-0.1465780489413475,1,False,0.06701972725204691
1001,Silverstone,2022,RIC,24,0,stay_out,-0.2291387883172433,1,0,stay_out,-0.1771190610651956,1,False,0.052019727252047704
1001,Silverstone,2022,RIC,25,0,stay_out,-0.2428715829342465,1,0,stay_out,-0.2033311983188625,1,False,0.03954038461538398
1001,Silverstone,2022,RIC,26,0,stay_out,-0.2756471595812726,1,0,stay_out,-0.2511067749658892,1,False,0.024540384615383437
1001,Silverstone,2022,RIC,27,0,stay_out,-0.2289016304567027,1,0,stay_out,-0.2193612458413184,1,False,0.009540384615384312
1001,Silverstone,2022,RIC,28,0,stay_out,-0.2523489570017048,1,0,stay_out,-0.2578085723863211,1,False,-0.005459615384616312
1001,Silverstone,2022,RIC,29,0,stay_out,-0.2567519466037211,1,0,stay_out,-0.2772115619883366,1,False,-0.020459615384615493
1001,Silverstone,2022,RIC,30,0,stay_out,-0.2718510446631854,1,0,stay_out,-0.3073106600478013,1,False,-0.035459615384615895
1001,Silverstone,2022,RIC,31,0,stay_out,-0.2680423337102638,1,0,stay_out,-0.3185019490948804,1,False,-0.050459615384616574
1001,Silverstone,2022,RIC,32,0,stay_out,-0.263382163491309,1,0,stay_out,-0.32697951926054,1,False,-0.06359735576923098
1001,Silverstone,2022,RIC,33,0,stay_out,-0.2561969520052614,1,0,stay_out,-0.3329320481591082,1,False,-0.07673509615384683
1001,Silverstone,2022,RIC,34,0,stay_out,-0.2818889138842323,1,0,stay_out,-0.3717617504226936,1,False,-0.08987283653846129
1001,Silverstone,2022,RIC,35,0,stay_out,-0.3209095262959267,1,0,stay_out,-0.4239201032190053,1,False,-0.10301057692307863
1001,Silverstone,2022,RIC,36,0,stay_out,-3.659902825004049,1,0,stay_out,-3.816703053369436,1,False,-0.1568002283653871
1001,Silverstone,2022,RIC,37,0,stay_out,-3.6909690245094553,1,0,stay_out,-3.865505202394072,1,False,-0.17453617788461662
1001,Silverstone,2022,RIC,38,0,stay_out,-3.670926483218905,1,0,stay_out,-3.863198610622753,1,False,-0.19227212740384791
1001,Silverstone,2022,RIC,39,0,stay_out,-3.692069721261909,1,0,stay_out,-3.902077798184989,1,False,-0.2100080769230801
1001,Silverstone,2022,RIC,40,0,stay_out,-3.645839332140756,1,0,stay_out,-3.8735833585830655,1,False,-0.22774402644230962
1001,Silverstone,2022,RIC,41,0,stay_out,-0.3750391278040297,1,0,stay_out,-0.5568761470348008,1,False,-0.1818370192307711
1001,Silverstone,2022,RIC,42,0,stay_out,-0.395214924300204,1,0,stay_out,-0.5901896839155896,1,False,-0.19497475961538557
1001,Silverstone,2022,RIC,43,0,stay_out,-0.4065692438699344,1,0,stay_out,-0.6146817438699359,1,False,-0.20811250000000148
1001,Silverstone,2022,RIC,44,0,stay_out,-0.3975192069320187,1,0,stay_out,-0.6187694473166346,1,False,-0.22125024038461594
1001,Silverstone,2022,RIC,45,0,stay_out,-0.3994171266130237,1,0,stay_out,-0.6338051073822556,1,False,-0.2343879807692319
1001,Silverstone,2022,RIC,46,0,stay_out,-0.4200796570740082,1,0,stay_out,-0.6676053782278558,1,False,-0.24752572115384763
1001,Silverstone,2022,RIC,47,0,stay_out,-0.4007100957888141,1,0,stay_out,-0.6613735573272763,1,False,-0.2606634615384622
1001,Silverstone,2022,RIC,48,0,stay_out,-0.43229934047514,1,0,stay_out,-0.7061005423982181,1,False,-0.27380120192307805
1001,Silverstone,2022,RIC,49,0,stay_out,-0.4220469176353319,1,0,stay_out,-0.7089858599430244,1,False,-0.2869389423076925
1001,Silverstone,2022,RIC,50,0,stay_out,-125.45164986856692,1,0,stay_out,24.24827344874077,1,False,149.69992331730768
1002,Silverstone,2023,HAM,0,0,stay_out,0.0,1,0,stay_out,0.0,1,False,0.0
1002,Silverstone,2023,HAM,1,0,stay_out,0.0,1,0,stay_out,0.0,1,False,0.0
1002,Silverstone,2023,HAM,2,0,stay_out,0.0,1,0,stay_out,0.0,1,False,0.0
1002,Silverstone,2023,HAM,3,0,stay_out,-0.0349970784083595,1,0,stay_out,-0.0349970784083595,1,False,0.0
1002,Silverstone,2023,HAM,4,0,stay_out,-0.0323698879739282,1,0,stay_out,-0.0323698879739282,1,False,0.0
1002,Silverstone,2023,HAM,5,0,stay_out,0.0,1,0,stay_out,0.0,1,False,0.0
1002,Silverstone,2023,HAM,6,0,stay_out,-0.0383996412900657,1,0,stay_out,-0.0383996412900657,1,False,0.0
1002,Silverstone,2023,HAM,7,0,stay_out,-0.0125760925365824,1,0,stay_out,-0.0125760925365824,1,False,0.0
1002,Silverstone,2023,HAM,8,0,stay_out,-0.0070707249898447,1,0,stay_out,-0.0070707249898447,1,False,0.0
1002,Silverstone,2023,HAM,9,0,stay_out,-0.0327561448346983,1,0,stay_out,-0.0327561448346983,1,False,0.0
1002,Silverstone,2023,HAM,10,0,stay_out,-0.0107141963506265,1,0,stay_out,-0.0107141963506265,1,False,0.0
1002,Silverstone,2023,HAM,11,0,stay_out,0.0,1,0,stay_out,0.0,1,False,0.0
1002,Silverstone,2023,HAM,12,0,stay_out,-0.0130158230726195,1,0,stay_out,-0.0130158230726195,1,False,0.0
1002,Silverstone,2023,HAM,13,0,stay_out,-0.0281826509113841,1,0,stay_out,-0.0281826509113841,1,False,0.0
1002,Silverstone,2023,HAM,14,0,stay_out,-0.0363921399985002,1,1,pit_soft,-20.00643514980481,13,True,-19.970043009806307
1002,Silverstone,2023,HAM,15,0,stay_out,-0.0248143953255336,1,0,stay_out,1.088700999205912,12,False,1.1135153945314455
1002,Silverstone,2023,HAM,16,0,stay_out,-0.040013722025894,1,0,stay_out,0.1039016725055489,12,False,0.1439153945314429
1002,Silverstone,2023,HAM,17,0,stay_out,-0.0416031798853055,1,0,stay_out,1.003822756786714,11,False,1.0454259366720196
1002,Silverstone,2023,HAM,18,0,stay_out,-0.036386033039983,1,0,stay_out,1.0099570504773725,10,False,1.0463430835173555
1002,Silverstone,2023,HAM,19,0,stay_out,-0.0363524241279165,1,0,stay_out,0.0299242683014767,10,False,0.0662766924293932
1002,Silverstone,2023,HAM,20,0,stay_out,0.0,1,0,stay_out,1.0552301185156252,9,False,1.0552301185156252
1002,Silverstone,2023,HAM,21,0,stay_out,-0.0417464641660956,1,0,stay_out,1.000537190183472,8,False,1.0422836543495677
1002,Silverstone,2023,HAM,22,0,stay_out,-0.0234354631204055,1,0,stay_out,0.0449591922748226,8,False,0.0683946553952281
1002,Silverstone,2023,HAM,23,0,stay_out,-0.0140090669662797,1,0,stay_out,2.038311984583069,6,False,2.052321051549349
1002,Silverstone,2023,HAM,24,0,stay_out,-0.0363095886289599,1,0,stay_out,-0.0075275202807361,6,False,0.0287820683482238
1002,Silverstone,2023,HAM,25,0,stay_out,-0.0133265536631441,1,0,stay_out,1.0246385496508608,5,False,1.037965103314005
1002,Silverstone,2023,HAM,26,0,stay_out,-0.0409466977160107,1,0,stay_out,-0.0229017384548271,5,False,0.0180449592611836
1002,Silverstone,2023,HAM,27,0,stay_out,-0.075704837047111,1,0,stay_out,0.9204271149387196,4,False,0.9961319519858307
1002,Silverstone,2023,HAM,28,0,stay_out,-0.1358519984394391,1,0,stay_out,0.7603575415826526,3,False,0.8962095400220916
1002,Silverstone,2023,HAM,29,0,stay_out,-0.1156754252033493,1,2,pit_medium,-23.55211371088819,17,True,-23.43643828568484
1002,Silverstone,2023,HAM,30,0,stay_out,-7.523035761390282,3,0,stay_out,-7.607939542402839,18,False,-0.08490378101255747
1002,Silverstone,2023,HAM,31,3,pit_hard,-15.609441508760847,6,0,stay_out,-2.029271154274689,16,True,13.580170354486159
1002,Silverstone,2023,HAM,32,0,stay_out,7.445225792315503,1,0,stay_out,5.450073665251709,13,False,-1.9951521270637933
1002,Silverstone,2023,HAM,33,0,stay_out,-3.274492787550912,1,0,stay_out,-4.078900575101804,16,False,-0.8044077875508924
1002,Silverstone,2023,HAM,34,0,stay_out,-3.2432000519848674,1,0,stay_out,6.690184896030255,8,False,9.933384948015123
1002,Silverstone,2023,HAM,35,0,stay_out,-3.249514240877758,1,1,pit_soft,-16.953598836241685,15,True,-13.704084595363927
1002,Silverstone,2023,HAM,36,0,stay_out,-3.2561178386828065,1,0,stay_out,9.29297932263437,4,False,12.549097161317176
1002,Silverstone,2023,HAM,37,0,stay_out,-0.1783802249306546,1,0,stay_out,0.7779395501387156,3,False,0.9563197750693703
1002,Silverstone,2023,HAM,38,0,stay_out,-0.181257567373423,1,2,pit_medium,-42.89246261061293,16,True,-42.71120504323951
1002,Silverstone,2023,HAM,39,0,stay_out,-0.1666419302568442,1,0,stay_out,-0.3299838605137069,16,False,-0.16334193025686267
1002,Silverstone,2023,HAM,40,0,stay_out,-0.1947077540958403,1,0,stay_out,-0.3340155081917302,16,False,-0.1393077540958899
1002,Silverstone,2023,HAM,41,0,stay_out,-0.1813803551143081,1,0,stay_out,-0.312060710228576,16,False,-0.1306803551142679
1002,Silverstone,2023,HAM,42,0,stay_out,-0.1994130249317976,1,0,stay_out,-0.2907260498635651,16,False,-0.09131302493176749
1002,Silverstone,2023,HAM,43,0,stay_out,-0.1861630780169036,1,0,stay_out,-0.2581261560337936,16,False,-0.07196307801688998
1002,Silverstone,2023,HAM,44,0,stay_out,-0.210231425299824,1,0,stay_out,0.7147371494003494,15,False,0.9249685747001734
1002,Silverstone,2023,HAM,45,0,stay_out,-0.2091263061288472,1,0,stay_out,-0.2779526122577607,15,False,-0.0688263061289135
1002,Silverstone,2023,HAM,46,0,stay_out,-0.2238897605399572,1,0,stay_out,-0.322279521079983,15,False,-0.09838976054002577
1002,Silverstone,2023,HAM,47,0,stay_out,-0.223570230313328,1,0,stay_out,-0.2833404606266967,15,False,-0.0597702303133687
1002,Silverstone,2023,HAM,48,0,stay_out,-0.2260254663312707,1,0,stay_out,-0.2432509326624924,15,False,-0.017225466331221684
1002,Silverstone,2023,HAM,49,0,stay_out,-0.2557160893726077,1,0,stay_out,-0.3353321787451705,15,False,-0.07961608937256281
1002,Silverstone,2023,HAM,50,0,stay_out,24.76622372210048,1,0,stay_out,-0.3158525557990714,15,False,-25.082076277899553
1003,Silverstone,2024,PIA,0,0,stay_out,0.0,1,0,stay_out,0.0,1,False,0.0
1003,Silverstone,2024,PIA,1,0,stay_out,-0.0154112718759876,1,0,stay_out,-0.0154112718759876,1,False,0.0
1003,Silverstone,2024,PIA,2,0,stay_out,-0.0206038392766672,1,0,stay_out,-0.0206038392766672,1,False,0.0
1003,Silverstone,2024,PIA,3,0,stay_out,-0.0436737858605582,1,0,stay_out,-0.0436737858605582,1,False,0.0
1003,Silverstone,2024,PIA,4,0,stay_out,-0.0436636598265735,1,0,stay_out,-0.0436636598265735,1,False,0.0
1003,Silverstone,2024,PIA,5,0,stay_out,-0.0298627807894305,1,0,stay_out,-0.0298627807894305,1,False,0.0
1003,Silverstone,2024,PIA,6,0,stay_out,-0.0296918532602049,1,0,stay_out,-0.0296918532602049,1,False,0.0
1003,Silverstone,2024,PIA,7,0,stay_out,-0.0298326135812473,1,0,stay_out,-0.0298326135812473,1,False,0.0
1003,Silverstone,2024,PIA,8,0,stay_out,-0.0454742873447017,1,0,stay_out,-0.0454742873447017,1,False,0.0
1003,Silverstone,2024,PIA,9,0,stay_out,-0.034783543413323,1,0,stay_out,-0.034783543413323,1,False,0.0
1003,Silverstone,2024,PIA,10,0,stay_out,-0.0247416606597354,1,0,stay_out,-0.0247416606597354,1,False,0.0
1003,Silverstone,2024,PIA,11,0,stay_out,-0.0780753698657022,1,0,stay_out,-0.0780753698657022,1,False,0.0
1003,Silverstone,2024,PIA,12,1,pit_soft,-11.504387618610796,6,0,stay_out,-0.0582508976138967,1,True,11.446136720996899
1003,Silverstone,2024,PIA,13,0,stay_out,0.1428086718437725,6,0,stay_out,-0.0218320864939244,1,False,-0.1646407583376969
1003,Silverstone,2024,PIA,14,0,stay_out,1.0220909822813966,5,0,stay_out,-0.1150024697366419,1,False,-1.1370934520180385
1003,Silverstone,2024,PIA,15,0,stay_out,0.3879929255137824,5,0,stay_out,-0.3283322673512188,1,False,-0.7163251928650012
1003,Silverstone,2024,PIA,16,0,stay_out,1.4538744405921604,4,1,pit_soft,-8.71816028298877,4,True,-10.17203472358093
1003,Silverstone,2024,PIA,17,0,stay_out,3.249413502250364,1,0,stay_out,3.712036971312004,1,False,0.46262346906164
1003,Silverstone,2024,PIA,18,0,stay_out,-0.0063579847444657,1,0,stay_out,0.0,1,False,0.0063579847444657
1003,Silverstone,2024,PIA,19,0,stay_out,-0.0424900948227644,1,0,stay_out,-0.0361321100782987,1,False,0.0063579847444656945
1003,Silverstone,2024,PIA,20,0,stay_out,-0.0020822178221862,1,0,stay_out,0.0,1,False,0.0020822178221862
1003,Silverstone,2024,PIA,21,0,stay_out,-0.0436747909627698,1,0,stay_out,-0.0415925731405835,1,False,0.0020822178221863025
1003,Silverstone,2024,PIA,22,0,stay_out,-0.000436767823858,1,0,stay_out,0.0,1,False,0.000436767823858
1003,Silverstone,2024,PIA,23,0,stay_out,-0.0182265252409067,1,0,stay_out,-0.0119974497247412,1,False,0.0062290755161655015
1003,Silverstone,2024,PIA,24,0,stay_out,-0.0633172827379326,1,0,stay_out,-0.0329728226063821,1,False,0.030344460131550503
1003,Silverstone,2024,PIA,25,0,stay_out,-1.612156204970835,1,0,stay_out,-1.5327002063777455,1,False,0.07945599859308938
1003,Silverstone,2024,PIA,26,0,stay_out,-1.6574279497376825,1,0,stay_out,-1.5275565665292092,1,False,0.12987138320847325
1003,Silverstone,2024,PIA,27,0,stay_out,-1.677122064404496,1,0,stay_out,-1.543583373503715,1,False,0.13353869090078097
1003,Silverstone,2024,PIA,28,0,stay_out,-1.686468470704314,1,0,stay_out,-1.5675855490343027,1,False,0.11888292167001135
1003,Silverstone,2024,PIA,29,0,stay_out,-1.6893360402295785,1,0,stay_out,-1.61010504163649,1,False,0.07923099859308858
1003,Silverstone,2024,PIA,30,0,stay_out,-1.7084355757121372,1,0,stay_out,-1.6701603463498174,1,False,0.03827522936231986
1003,Silverstone,2024,PIA,31,0,stay_out,-1.7205193688026823,1,0,stay_out,-1.6822441394403629,1,False,0.03827522936231942
1003,Silverstone,2024,PIA,32,0,stay_out,-1.7126345442059518,1,0,stay_out,-1.674359314843632,1,False,0.03827522936231986
1003,Silverstone,2024,PIA,33,0,stay_out,-1.7091731395490584,1,0,stay_out,-1.6708979101867385,1,False,0.03827522936231986
1003,Silverstone,2024,PIA,34,0,stay_out,-1.728927087684474,1,0,stay_out,-1.690651858322154,1,False,0.038275229362320085
1003,Silverstone,2024,PIA,35,0,stay_out,-2.8014220259091047,2,0,stay_out,-1.683316653080961,1,False,1.1181053728281438
1003,Silverstone,2024,PIA,36,0,stay_out,-4.8304508425818895,4,0,stay_out,-4.281715585745178,3,False,0.5487352568367116
1003,Silverstone,2024,PIA,37,0,stay_out,2.1355302180340474,2,0,stay_out,1.2116439089348343,2,False,-0.9238863090992131
1003,Silverstone,2024,PIA,38,0,stay_out,1.3980883045940176,1,2,pit_medium,-8.208720781505388,4,True,-9.606809086099405
1003,Silverstone,2024,PIA,39,0,stay_out,-0.3241942495907324,1,0,stay_out,-0.0949914906344801,4,False,0.2292027589562523
1003,Silverstone,2024,PIA,40,0,stay_out,-0.3744837900095746,1,0,stay_out,-0.216551340702874,4,False,0.1579324493067006
1003,Silverstone,2024,PIA,41,0,stay_out,-0.3937559996282858,1,0,stay_out,-0.1818765291711116,4,False,0.21187947045717417
1003,Silverstone,2024,PIA,42,0,stay_out,-1.488863520344213,2,0,stay_out,-0.1891985170631542,4,False,1.2996650032810588
1003,Silverstone,2024,PIA,43,0,stay_out,-2.893304778006998,4,0,stay_out,-0.2186308463830954,4,False,2.6746739316239028
1003,Silverstone,2024,PIA,44,0,stay_out,-0.8942408310361374,4,0,stay_out,-0.2006476686428883,4,False,0.6935931623932491
1003,Silverstone,2024,PIA,45,0,stay_out,-0.8497961589511391,4,0,stay_out,-0.2372837657887259,4,False,0.6125123931624132
1003,Silverstone,2024,PIA,46,0,stay_out,-0.8982024101763543,4,0,stay_out,-0.2746015554755189,4,False,0.6236008547008354
1003,Silverstone,2024,PIA,47,0,stay_out,-0.8995453391495403,4,0,stay_out,-0.2844867921409517,4,False,0.6150585470085885
1003,Silverstone,2024,PIA,48,0,stay_out,-0.9012788160170984,4,0,stay_out,-0.2673010382392548,4,False,0.6339777777778436
1003,Silverstone,2024,PIA,49,0,stay_out,-0.9941766525871232,4,0,stay_out,-0.3466027209631619,4,False,0.6475739316239613
1003,Silverstone,2024,PIA,50,0,stay_out,11.025900634177336,4,0,stay_out,11.670932258108932,4,False,0.6450316239315956
1004,Monaco,2022,LEC,0,0,stay_out,-2.0552904389890485,1,0,stay_out,-2.0552904389890485,1,False,0.0
1004,Monaco,2022,LEC,1,0,stay_out,-0.0846437702043147,1,0,stay_out,-0.0846437702043147,1,False,0.0
1004,Monaco,2022,LEC,2,0,stay_out,-0.2828399861351343,1,0,stay_out,-0.2828399861351343,1,False,0.0
1004,Monaco,2022,LEC,3,0,stay_out,-0.4876740154350572,1,0,stay_out,-0.4876740154350572,1,False,0.0
1004,Monaco,2022,LEC,4,0,stay_out,-0.6129768265092338,1,0,stay_out,-0.6129768265092338,1,False,0.0
1004,Monaco,2022,LEC,5,0,stay_out,-1.871414499027705,2,0,stay_out,-1.871414499027705,2,False,0.0
1004,Monaco,2022,LEC,6,0,stay_out,-3.4919272355585065,4,0,stay_out,-3.4919272355585065,4,False,0.0
1004,Monaco,2022,LEC,7,0,stay_out,-3.446764737795449,6,0,stay_out,-3.446764737795449,6,False,0.0
1004,Monaco,2022,LEC,8,0,stay_out,-3.559506178576015,8,0,stay_out,-3.559506178576015,8,False,0.0
1004,Monaco,2022,LEC,9,0,stay_out,-1.7323782447370475,8,0,stay_out,-1.7323782447370475,8,False,0.0
1004,Monaco,2022,LEC,10,0,stay_out,-2.8673238991333947,9,0,stay_out,-2.8673238991333947,9,False,0.0
1004,Monaco,2022,LEC,11,0,stay_out,-4.1665073868116025,11,0,stay_out,-4.1665073868116025,11,False,0.0
1004,Monaco,2022,LEC,12,0,stay_out,-5.515701993142587,14,0,stay_out,-5.515701993142587,14,False,0.0
1004,Monaco,2022,LEC,13,0,stay_out,-6.619616790802696,18,0,stay_out,-6.619616790802696,18,False,0.0
1004,Monaco,2022,LEC,14,0,stay_out,-3.595423112392369,19,0,stay_out,-3.595423112392369,19,False,0.0
1004,Monaco,2022,LEC,15,0,stay_out,-1.746374752095092,18,0,stay_out,-1.746374752095092,18,False,0.0
1004,Monaco,2022,LEC,16,0,stay_out,-4.2701316875121655,19,0,stay_out,-4.2701316875121655,19,False,0.0
1004,Monaco,2022,LEC,17,0,stay_out,-3.374080740178266,19,0,stay_out,-3.374080740178266,19,False,0.0
1004,Monaco,2022,LEC,18,0,stay_out,-2.3623123569651243,18,0,stay_out,-2.3623123569651243,18,False,0.0
1004,Monaco,2022,LEC,19,0,stay_out,-4.009244670358219,18,0,stay_out,-4.009244670358219,18,False,0.0
1004,Monaco,2022,LEC,20,0,stay_out,-2.9521284113778,18,0,stay_out,-2.9521284113778,18,False,0.0
1004,Monaco,2022,LEC,21,0,stay_out,-7.017317624542217,18,0,stay_out,-7.017317624542217,18,False,0.0
1004,Monaco,2022,LEC,22,2,pit_medium,-8.34631044281254,18,0,stay_out,-8.01623728849849,18,True,0.33007315431405004
1004,Monaco,2022,LEC,23,0,stay_out,-4.227597732677831,17,0,stay_out,-16.324227732677834,17,False,-12.096630000000003
1004,Monaco,2022,LEC,24,0,stay_out,-5.053404729631593,17,0,stay_out,-17.217534729631605,17,False,-12.164130000000013
1004,Monaco,2022,LEC,25,0,stay_out,-1.6264202248578017,17,0,stay_out,-13.855350224857771,17,False,-12.22892999999997
1004,Monaco,2022,LEC,26,0,stay_out,-0.6671857468825704,17,0,stay_out,-12.958215746882594,17,False,-12.291030000000024
1004,Monaco,2022,LEC,27,0,stay_out,3.4335801656238942,12,0,stay_out,-8.91684983437613,12,False,-12.350430000000024
1004,Monaco,2022,LEC,28,0,stay_out,32.00232075243246,1,1,pit_soft,57.56424979611347,1,True,25.561929043681012
1004,Monaco,2022,LEC,29,0,stay_out,0.0,1,0,stay_out,0.0,1,False,0.0
1004,Monaco,2022,LEC,30,0,stay_out,-0.0197125606170317,1,0,stay_out,-0.0147125606170305,1,False,0.005000000000001201
1004,Monaco,2022,LEC,31,0,stay_out,-0.0213159831094074,1,0,stay_out,-0.0113159831094066,1,False,0.0100000000000008
1004,Monaco,2022,LEC,32,0,stay_out,-0.0279787100704396,1,0,stay_out,-0.0139787100704396,1,False,0.013999999999999999
1004,Monaco,2022,LEC,33,0,stay_out,-0.1373009354096794,1,0,stay_out,-0.022612023564173,1,False,0.11468891184550639
1004,Monaco,2022,LEC,34,0,stay_out,-0.1595133261034846,1,0,stay_out,-0.0161244142579775,1,False,0.1433889118455071
1004,Monaco,2022,LEC,35,0,stay_out,-0.2594593845497485,1,0,stay_out,-0.0485704727042431,1,False,0.2108889118455054
1004,Monaco,2022,LEC,36,0,stay_out,-0.3752478094299434,1,0,stay_out,-0.0604588975844365,1,False,0.3147889118455069
1004,Monaco,2022,LEC,37,1,pit_soft,-4.896732445914408,1,0,stay_out,-0.0508102007355688,1,True,4.845922245178839
1004,Monaco,2022,LEC,38,0,stay_out,0.0,1,0,stay_out,-0.0649448891899908,1,False,-0.0649448891899908
1004,Monaco,2022,LEC,39,0,stay_out,-0.0138992016953309,1,0,stay_out,-0.0898440908853231,1,False,-0.07594488918999219
1004,Monaco,2022,LEC,40,0,stay_out,0.0,1,0,stay_out,-0.0819512914175121,1,False,-0.0819512914175121
1004,Monaco,2022,LEC,41,0,stay_out,-0.0551149238649813,1,0,stay_out,-0.1460662152824923,1,False,-0.09095129141751102
1004,Monaco,2022,LEC,42,0,stay_out,-0.0343265483832894,1,2,pit_medium,-5.345244506467467,1,True,-5.310917958084178
1004,Monaco,2022,LEC,43,0,stay_out,-0.0311735781823543,1,0,stay_out,-0.3350915362665319,1,False,-0.3039179580841776
1004,Monaco,2022,LEC,44,0,stay_out,-0.047934620549384,1,0,stay_out,-0.3579748238124012,1,False,-0.3100402032630172
1004,Monaco,2022,LEC,45,0,stay_out,-0.0602384689775675,1,0,stay_out,-0.3612786722405858,1,False,-0.3010402032630183
1004,Monaco,2022,LEC,46,0,stay_out,-0.0879562448444772,1,0,stay_out,-0.3789964481074946,1,False,-0.2910402032630174
1004,Monaco,2022,LEC,47,0,stay_out,-0.095669263852136,1,0,stay_out,-0.3777094671151545,1,False,-0.2820402032630185
1004,Monaco,2022,LEC,48,0,stay_out,-0.1103005395208029,1,0,stay_out,-0.3942672061874688,1,False,-0.2839666666666659
1004,Monaco,2022,LEC,49,0,stay_out,-0.1566014403953659,1,0,stay_out,-0.4335681070620311,1,False,-0.2769666666666652
1004,Monaco,2022,LEC,50,0,stay_out,-0.1285583388976803,1,0,stay_out,-0.3995250055643467,1,False,-0.2709666666666664
1004,Monaco,2022,LEC,51,0,stay_out,-0.1829341711274267,1,0,stay_out,-0.4489008377940934,1,False,-0.2659666666666667
1004,Monaco,2022,LEC,52,0,stay_out,-0.2080251814581345,1,0,stay_out,-0.4689918481248014,1,False,-0.2609666666666669
1004,Monaco,2022,LEC,53,0,stay_out,-0.3410436755454853,1,0,stay_out,-0.5970103422121511,1,False,-0.2559666666666658
1004,Monaco,2022,LEC,54,0,stay_out,-0.3035875289532498,1,0,stay_out,-0.5545541956199159,1,False,-0.2509666666666661
1004,Monaco,2022,LEC,55,0,stay_out,-0.3250306360610651,1,0,stay_out,-0.5709973027277314,1,False,-0.24596666666666633
1004,Monaco,2022,LEC,56,0,stay_out,-0.3582265318313787,1,0,stay_out,-0.5991931984980454,1,False,-0.24096666666666672
1004,Monaco,2022,LEC,57,0,stay_out,-0.3838866720301453,1,0,stay_out,-0.6198533386968124,1,False,-0.23596666666666705
1004,Monaco,2022,LEC,58,0,stay_out,-0.3737364153142352,1,0,stay_out,-0.604703081980901,1,False,-0.23096666666666577
1004,Monaco,2022,LEC,59,0,stay_out,-0.4180130264510595,1,0,stay_out,-0.6439796931177256,1,False,-0.22596666666666615
1004,Monaco,2022,LEC,60,0,stay_out,-0.4145874406229097,1,0,stay_out,-0.6355541072895762,1,False,-0.22096666666666648
1004,Monaco,2022,LEC,61,0,stay_out,-0.4481458659330158,1,0,stay_out,-0.6641125325996825,1,False,-0.2159666666666667
1004,Monaco,2022,LEC,62,0,stay_out,24.55202074386317,1,0,stay_out,24.34105407719651,1,False,-0.21096666666666053
1005,Monaco,2023,ALO,0,0,stay_out,0.0,1,0,stay_out,0.0,1,False,0.0
1005,Monaco,2023,ALO,1,0,stay_out,-0.0177943330378383,1,0,stay_out,-0.0177943330378383,1,False,0.0
1005,Monaco,2023,ALO,2,0,stay_out,-0.0354971602139471,1,0,stay_out,-0.0354971602139471,1,False,0.0
1005,Monaco,2023,ALO,3,0,stay_out,-0.0225306919193371,1,0,stay_out,-0.0225306919193371,1,False,0.0
1005,Monaco,2023,ALO,4,0,stay_out,-0.0241129497559839,1,0,stay_out,-0.0241129497559839,1,False,0.0
1005,Monaco,2023,ALO,5,0,stay_out,-0.0614233217957277,1,0,stay_out,-0.0614233217957277,1,False,0.0
1005,Monaco,2023,ALO,6,0,stay_out,-0.0018378399141923,1,0,stay_out,-0.0018378399141923,1,False,0.0
1005,Monaco,2023,ALO,7,0,stay_out,-0.0224172891059566,1,0,stay_out,-0.0224172891059566,1,False,0.0
1005,Monaco,2023,ALO,8,2,pit_medium,-15.152615487543793,9,0,stay_out,-0.0443772752854627,1,True,15.10823821225833
1005,Monaco,2023,ALO,9,0,stay_out,1.0483256274991122,8,0,stay_out,-0.0242121862504447,1,False,-1.072537813749557
1005,Monaco,2023,ALO,10,0,stay_out,1.0350814318456032,7,0,stay_out,-0.1681560789489921,1,False,-1.2032375107945952
1005,Monaco,2023,ALO,11,0,stay_out,1.1090070984337188,6,0,stay_out,-0.1492432456549352,1,False,-1.258250344088654
1005,Monaco,2023,ALO,12,0,stay_out,2.0669738204734887,4,0,stay_out,-0.375384243609409,1,False,-2.4423580640828977
1005,Monaco,2023,ALO,13,0,stay_out,0.9646196397424404,3,1,pit_soft,-14.898014326979688,8,True,-15.862633966722129
1005,Monaco,2023,ALO,14,0,stay_out,0.9099120599014668,2,0,stay_out,-0.4050379400985349,8,False,-1.3149500000000018
1005,Monaco,2023,ALO,15,0,stay_out,0.0383073247602126,2,0,stay_out,-0.3686426752397921,8,False,-0.4069500000000047
1005,Monaco,2023,ALO,16,0,stay_out,0.0358703570788932,2,0,stay_out,-0.3630796429211159,8,False,-0.3989500000000091
1005,Monaco,2023,ALO,17,0,stay_out,0.0515807350504104,2,0,stay_out,-0.339369264949579,8,False,-0.39094999999998936
1005,Monaco,2023,ALO,18,0,stay_out,0.0301025490085791,2,0,stay_out,-0.3548474509914129,8,False,-0.384949999999992
1005,Monaco,2023,ALO,19,0,stay_out,-0.0443519680612524,2,0,stay_out,-0.4273019680612464,8,False,-0.38294999999999396
1005,Monaco,2023,ALO,20,0,stay_out,-0.0140737384636153,2,0,stay_out,-0.3990237384636075,8,False,-0.3849499999999922
1005,Monaco,2023,ALO,21,0,stay_out,-0.1102942160669471,2,0,stay_out,-0.4212442160669497,8,False,-0.31095000000000256
1005,Monaco,2023,ALO,22,0,stay_out,-0.0832929581576621,2,0,stay_out,-0.4042429581576826,8,False,-0.3209500000000205
1005,Monaco,2023,ALO,23,0,stay_out,-0.120810904976706,2,0,stay_out,-0.4517609049767216,8,False,-0.3309500000000156
1005,Monaco,2023,ALO,24,0,stay_out,-0.1114552645964224,2,0,stay_out,-0.4524052645964346,8,False,-0.3409500000000122
1005,Monaco,2023,ALO,25,0,stay_out,-0.1326061664025218,2,0,stay_out,-0.4835561664025065,8,False,-0.35094999999998466
1005,Monaco,2023,ALO,26,0,stay_out,-0.0734577413726242,2,0,stay_out,-0.4344077413726041,8,False,-0.3609499999999799
1005,Monaco,2023,ALO,27,0,stay_out,-0.0595331758422915,2,0,stay_out,-0.4304831758422892,8,False,-0.37094999999999767
1005,Monaco,2023,ALO,28,0,stay_out,-0.0550562857682379,2,0,stay_out,-0.4360062857682536,8,False,-0.3809500000000157
1005,Monaco,2023,ALO,29,0,stay_out,-0.0829044723203324,2,0,stay_out,-0.4738544723203673,8,False,-0.3909500000000349
1005,Monaco,2023,ALO,30,0,stay_out,-0.072836897064225,2,0,stay_out,-0.4737868970642325,8,False,-0.40095000000000747
1005,Monaco,2023,ALO,31,0,stay_out,-0.1250941772276164,2,0,stay_out,-1.536044177227596,9,False,-1.4109499999999795
1005,Monaco,2023,ALO,32,0,stay_out,-0.2302306703886103,2,0,stay_out,-0.751180670388608,9,False,-0.5209499999999977
1005,Monaco,2023,ALO,33,0,stay_out,-0.2515459554805716,2,0,stay_out,-1.6824959554805872,10,False,-1.4309500000000155
1005,Monaco,2023,ALO,34,0,stay_out,-0.3118801389723345,2,0,stay_out,-0.8328301389723336,10,False,-0.5209499999999991
1005,Monaco,2023,ALO,35,0,stay_out,-0.4112116608495256,2,0,stay_out,-1.8621616608494875,11,False,-1.450949999999962
1005,Monaco,2023,ALO,36,0,stay_out,-0.4522789763913565,2,0,stay_out,-1.0132289763913818,11,False,-0.5609500000000253
1005,Monaco,2023,ALO,37,0,stay_out,-0.3900376631411049,2,2,pit_medium,-17.04922112962483,19,True,-16.659183466483725
1005,Monaco,2023,ALO,38,0,stay_out,-0.4494645937347144,2,0,stay_out,-0.0254645937346793,19,False,0.4240000000000351
1005,Monaco,2023,ALO,39,0,stay_out,-0.4316369416966381,2,0,stay_out,1.0063630583033671,18,False,1.4380000000000053
1005,Monaco,2023,ALO,40,0,stay_out,-0.5140031173954853,2,0,stay_out,0.0359968826045147,18,False,0.55
1005,Monaco,2023,ALO,41,0,stay_out,-0.5389083795880893,2,0,stay_out,0.0210916204118831,18,False,0.5599999999999724
1005,Monaco,2023,ALO,42,0,stay_out,-0.5582861888611035,2,0,stay_out,0.0097138111388659,18,False,0.5679999999999694
1005,Monaco,2023,ALO,43,0,stay_out,-0.5843633148086526,2,0,stay_out,-0.0103633148086174,18,False,0.5740000000000351
1005,Monaco,2023,ALO,44,0,stay_out,-0.5846367332245436,2,0,stay_out,1.893363266775444,16,False,2.4779999999999878
1005,Monaco,2023,ALO,45,1,pit_soft,-17.50417783501527,10,0,stay_out,0.8579556314684411,15,True,18.362133466483712
1005,Monaco,2023,ALO,46,0,stay_out,-0.382302687735762,10,0,stay_out,0.8786473122642633,14,False,1.2609500000000253
1005,Monaco,2023,ALO,47,0,stay_out,-0.3876143044904339,10,0,stay_out,0.8613356955095965,13,False,1.2489500000000304
1005,Monaco,2023,ALO,48,0,stay_out,0.7265843413039619,9,0,stay_out,-0.0144656586960337,13,False,-0.7410499999999955
1005,Monaco,2023,ALO,49,0,stay_out,-0.2871404807008915,9,0,stay_out,0.8638095192991158,12,False,1.1509500000000072
1005,Monaco,2023,ALO,50,0,stay_out,1.2328663710525931,8,0,stay_out,2.4778163710526258,10,False,1.2449500000000326
1005,Monaco,2023,ALO,51,0,stay_out,0.889041727028848,8,0,stay_out,3.131991727028858,8,False,2.24295000000001
1005,Monaco,2023,ALO,52,0,stay_out,2.8041976931334665,4,0,stay_out,-0.9508523068665014,8,False,-3.755049999999968
1005,Monaco,2023,ALO,53,0,stay_out,3.904369094994342,2,0,stay_out,6.15531909499435,4,False,2.2509500000000076
1005,Monaco,2023,ALO,54,0,stay_out,-0.5247208175566753,2,0,stay_out,0.736229182443259,3,False,1.2609499999999343
1005,Monaco,2023,ALO,55,0,stay_out,-0.2857656554451269,1,0,stay_out,0.3487402430642834,2,False,0.6345058985094103
1005,Monaco,2023,ALO,56,0,stay_out,-1.844243814548584,1,0,stay_out,-0.691737629097132,2,False,1.152506185451452
1005,Monaco,2023,ALO,57,0,stay_out,-1.830291542831094,1,0,stay_out,-0.0503138832022584,1,False,1.7799776596288355
1005,Monaco,2023,ALO,58,0,stay_out,-1.8476421814459216,1,0,stay_out,-1.69716718144592,1,False,0.1504750000000017
1005,Monaco,2023,ALO,59,0,stay_out,-1.8677114090524327,1,0,stay_out,-1.7122364090524316,1,False,0.15547500000000114
1005,Monaco,2023,ALO,60,0,stay_out,-1.8937825820594696,1,0,stay_out,-1.7333075820594688,1,False,0.1604750000000008
1005,Monaco,2023,ALO,61,0,stay_out,-1.9053312074401465,1,0,stay_out,-1.7398562074401456,1,False,0.16547500000000093
1005,Monaco,2023,ALO,62,0,stay_out,-1.9273766201806724,1,0,stay_out,-1.7569016201806704,1,False,0.17047500000000193
1005,Monaco,2023,ALO,63,0,stay_out,-1.939951249989201,1,0,stay_out,-1.7644762499891995,1,False,0.1754750000000016
1005,Monaco,2023,ALO,64,0,stay_out,-1.9641707473777303,1,0,stay_out,-1.783695747377729,1,False,0.18047500000000127
1005,Monaco,2023,ALO,65,0,stay_out,-1.952154440783049,1,0,stay_out,-1.7666794407830482,1,False,0.18547500000000072
1005,Monaco,2023,ALO,66,0,stay_out,-1.974122779073052,1,0,stay_out,-1.7836477790730514,1,False,0.19047500000000062
1005,Monaco,2023,ALO,67,0,stay_out,-1.9858557145929467,1,0,stay_out,-1.790380714592945,1,False,0.19547500000000184
1005,Monaco,2023,ALO,68,0,stay_out,-2.015213627202108,1,0,stay_out,-1.8147386272021069,1,False,0.2004750000000013
1005,Monaco,2023,ALO,69,0,stay_out,-2.0076796340564216,1,0,stay_out,-1.8022046340564204,1,False,0.20547500000000118
1005,Monaco,2023,ALO,70,0,stay_out,-2.040216117755324,1,0,stay_out,-1.829741117755323,1,False,0.21047500000000108
1005,Monaco,2023,ALO,71,0,stay_out,-2.055736212543539,1,0,stay_out,-1.8402612125435385,1,False,0.21547500000000075
1005,Monaco,2023,ALO,72,0,stay_out,-2.0626397533095697,1,0,stay_out,-1.842164753309568,1,False,0.22047500000000175
1005,Monaco,2023,ALO,73,0,stay_out,-3.0533857175989936,2,0,stay_out,-1.80798599093347,1,False,1.2453997266655237
1005,Monaco,2023,ALO,74,0,stay_out,-3.3033019595990667,2,0,stay_out,-1.8544759797995043,1,False,1.4488259797995624
1005,Monaco,2023,ALO,75,0,stay_out,-3.2945112646116046,2,0,stay_out,-3.5479017146663128,2,False,-0.25339045005470817
1005,Monaco,2023,ALO,76,0,stay_out,14.689730502113845,2,0,stay_out,15.170680502113814,2,False,0.4809499999999698
1006,Monza,2023,PIA,0,0,stay_out,0.0,1,0,stay_out,0.0,1,False,0.0
1006,Monza,2023,PIA,1,0,stay_out,-0.0415921588551697,1,0,stay_out,-0.0415921588551697,1,False,0.0
1006,Monza,2023,PIA,2,0,stay_out,-0.0242612659668992,1,0,stay_out,-0.0242612659668992,1,False,0.0
1006,Monza,2023,PIA,3,0,stay_out,-0.0364914764677422,1,0,stay_out,-0.0364914764677422,1,False,0.0
1006,Monza,2023,PIA,4,0,stay_out,-0.017206559123943,1,0,stay_out,-0.017206559123943,1,False,0.0
1006,Monza,2023,PIA,5,0,stay_out,0.0,1,0,stay_out,0.0,1,False,0.0
1006,Monza,2023,PIA,6,0,stay_out,-0.0213944445779148,1,0,stay_out,-0.0213944445779148,1,False,0.0
1006,Monza,2023,PIA,7,0,stay_out,-0.0554504072586013,1,0,stay_out,-0.0554504072586013,1,False,0.0
1006,Monza,2023,PIA,8,3,pit_hard,-22.161331922076776,16,0,stay_out,-0.0675424560324899,1,True,22.093789466044285
1006,Monza,2023,PIA,9,0,stay_out,2.052496487617674,14,0,stay_out,-0.0959392759041833,1,False,-2.1484357635218574
1006,Monza,2023,PIA,10,0,stay_out,2.021675314983628,12,0,stay_out,-0.0773371171231602,1,False,-2.0990124321067882
1006,Monza,2023,PIA,11,0,stay_out,1.9158017384190884,10,0,stay_out,-0.1243866505034702,1,False,-2.0401883889225587
1006,Monza,2023,PIA,12,0,stay_out,0.0815539036996682,10,0,stay_out,-0.1215233129612229,1,False,-0.2030772166608911
1006,Monza,2023,PIA,13,0,stay_out,-0.0004613116989489,10,0,stay_out,-0.1353814206605363,1,False,-0.1349201089615874
1006,Monza,2023,PIA,14,0,stay_out,0.94636185296345,9,0,stay_out,-0.1264193383293388,1,False,-1.0727811912927887
1006,Monza,2023,PIA,15,1,pit_soft,-11.401440673164135,13,0,stay_out,-0.1351916464544146,1,True,11.26624902670972
1006,Monza,2023,PIA,16,0,stay_out,0.13148758427958,13,0,stay_out,-0.1436992198523228,1,False,-0.2751868041319028
1006,Monza,2023,PIA,17,0,stay_out,0.0967354874839458,13,0,stay_out,-0.1253252682501596,1,False,-0.2220607557341054
1006,Monza,2023,PIA,18,0,stay_out,2.4951414553692968,11,0,stay_out,-0.1533605196015827,1,False,-2.6485019749708796
1006,Monza,2023,PIA,19,0,stay_out,1.815661202949036,10,0,stay_out,-0.1492168364770421,1,False,-1.964878039426078
1006,Monza,2023,PIA,20,0,stay_out,2.065631041890285,9,1,pit_soft,-7.228078844616354,3,True,-9.293709886506639
1006,Monza,2023,PIA,21,0,stay_out,2.175371127226947,7,0,stay_out,1.2247146650879812,2,False,-0.9506564621389657
1006,Monza,2023,PIA,22,0,stay_out,0.0900932242646021,7,0,stay_out,1.018418350466851,1,False,0.9283251262022488
1006,Monza,2023,PIA,23,0,stay_out,-0.0653770583102712,7,0,stay_out,0.0,1,False,0.0653770583102712
1006,Monza,2023,PIA,24,0,stay_out,-0.1315414460521381,7,0,stay_out,-0.0035851938709299,1,False,0.1279562521812082
1006,Monza,2023,PIA,25,0,stay_out,-0.2142143017243896,7,0,stay_out,-0.0226716217070574,1,False,0.1915426800173322
1006,Monza,2023,PIA,26,0,stay_out,0.7866152564762217,6,0,stay_out,-0.0129068426067561,1,False,-0.7995220990829778
1006,Monza,2023,PIA,27,0,stay_out,-0.2446888329408082,6,0,stay_out,-0.0264088873152672,1,False,0.218279945625541
1006,Monza,2023,PIA,28,0,stay_out,-0.2749422185520402,6,0,stay_out,-0.0358855801208861,1,False,0.2390566384311541
1006,Monza,2023,PIA,29,0,stay_out,-0.2693314842995036,6,0,stay_out,-0.0482802129946193,1,False,0.2210512713048843
1006,Monza,2023,PIA,30,0,stay_out,-0.3246182582422904,6,0,stay_out,-0.0713235999659929,1,False,0.2532946582762975
1006,Monza,2023,PIA,31,0,stay_out,-0.3777714932253886,6,0,stay_out,-0.0894002174575504,1,False,0.2883712757678382
1006,Monza,2023,PIA,32,0,stay_out,-0.3146556922926564,6,0,stay_out,-0.1199923169911798,1,False,0.1946633753014766
1006,Monza,2023,PIA,33,0,stay_out,-0.2785952698675586,6,0,stay_out,-0.1085621057786525,1,False,0.17003316408890612
1006,Monza,2023,PIA,34,0,stay_out,-0.3502381425559221,6,0,stay_out,-0.1335335421228208,1,False,0.21670460043310133
1006,Monza,2023,PIA,35,0,stay_out,-0.379166823398387,6,2,pit_medium,-12.457002395067212,6,True,-12.077835571668825
1006,Monza,2023,PIA,36,0,stay_out,-0.389446009779374,6,0,stay_out,-0.0882813791497156,6,False,0.30116463062965837
1006,Monza,2023,PIA,37,0,stay_out,-0.4562460967171461,6,0,stay_out,-0.1250814660875249,6,False,0.3311646306296212
1006,Monza,2023,PIA,38,0,stay_out,-0.4452969069373438,6,0,stay_out,-0.084132276307713,6,False,0.3611646306296308
1006,Monza,2023,PIA,39,0,stay_out,-0.4962516888105128,6,0,stay_out,-0.1050870581808723,6,False,0.39116463062964046
1006,Monza,2023,PIA,40,0,stay_out,-0.5077564307224378,6,0,stay_out,-0.1050937608770993,6,False,0.4026626698453385
1006,Monza,2023,PIA,41,0,stay_out,-0.5456815745460916,6,0,stay_out,-0.1130189047007434,6,False,0.4326626698453482
1006,Monza,2023,PIA,42,0,stay_out,-0.5755503301776912,6,0,stay_out,-0.1128876603323348,6,False,0.4626626698453564
1006,Monza,2023,PIA,43,0,stay_out,-0.6043102075720711,6,0,stay_out,-0.2058240083149997,6,False,0.3984861992570714
1006,Monza,2023,PIA,44,0,stay_out,-0.6260721988279969,6,0,stay_out,-0.2227114897670134,6,False,0.40336070906098354
1006,Monza,2023,PIA,45,0,stay_out,-1.6249634973961733,7,0,stay_out,-0.2201282785312145,6,False,1.4048352188649589
1006,Monza,2023,PIA,46,0,stay_out,-3.654486188417733,10,0,stay_out,-0.1396509695527996,6,False,3.5148352188649334
1006,Monza,2023,PIA,47,0,stay_out,-0.5809235275471153,10,0,stay_out,-0.0273392890743153,6,False,0.5535842384728
1006,Monza,2023,PIA,48,0,stay_out,-0.573666115590092,10,0,stay_out,-0.0616073673134209,6,False,0.5120587482766711
1006,Monza,2023,PIA,49,0,stay_out,0.4001153960071179,10,0,stay_out,7.862174144283879,6,False,7.46205874827676
1007,Monaco,2024,PIA,0,0,stay_out,0.0,1,0,stay_out,0.0,1,False,0.0
1007,Monaco,2024,PIA,1,0,stay_out,0.0,1,0,stay_out,0.0,1,False,0.0
1007,Monaco,2024,PIA,2,0,stay_out,0.0,1,0,stay_out,0.0,1,False,0.0
1007,Monaco,2024,PIA,3,0,stay_out,-0.0008130666684266,1,0,stay_out,-0.0008130666684266,1,False,0.0
1007,Monaco,2024,PIA,4,0,stay_out,0.0,1,0,stay_out,0.0,1,False,0.0
1007,Monaco,2024,PIA,5,0,stay_out,-0.0470371218405006,1,0,stay_out,-0.0470371218405006,1,False,0.0
1007,Monaco,2024,PIA,6,0,stay_out,-0.0048088205589309,1,0,stay_out,-0.0048088205589309,1,False,0.0
1007,Monaco,2024,PIA,7,0,stay_out,-0.0329261685121323,1,0,stay_out,-0.0329261685121323,1,False,0.0
1007,Monaco,2024,PIA,8,0,stay_out,-0.0445007560274973,1,0,stay_out,-0.0445007560274973,1,False,0.0
1007,Monaco,2024,PIA,9,0,stay_out,-0.0930491024295051,1,0,stay_out,-0.0930491024295051,1,False,0.0
1007,Monaco,2024,PIA,10,0,stay_out,-0.0823307247112012,1,0,stay_out,-0.0823307247112012,1,False,0.0
1007,Monaco,2024,PIA,11,0,stay_out,-0.090306279678775,1,0,stay_out,-0.090306279678775,1,False,0.0
1007,Monaco,2024,PIA,12,0,stay_out,-0.1222172871581762,1,0,stay_out,-0.1222172871581762,1,False,0.0
1007,Monaco,2024,PIA,13,0,stay_out,-0.1253572249442228,1,0,stay_out,-0.1253572249442228,1,False,0.0
1007,Monaco,2024,PIA,14,0,stay_out,-0.1237466949985204,1,0,stay_out,-0.1237466949985204,1,False,0.0
1007,Monaco,2024,PIA,15,0,stay_out,-0.1108576133288536,1,0,stay_out,-0.1108576133288536,1,False,0.0
1007,Monaco,2024,PIA,16,0,stay_out,-0.1422720615928838,1,0,stay_out,-0.1422720615928838,1,False,0.0
1007,Monaco,2024,PIA,17,0,stay_out,-0.1178268756543431,1,0,stay_out,-0.1178268756543431,1,False,0.0
1007,Monaco,2024,PIA,18,0,stay_out,-0.1521430106345931,1,0,stay_out,-0.1521430106345931,1,False,0.0
1007,Monaco,2024,PIA,19,0,stay_out,-0.1620438227238907,1,0,stay_out,-0.1620438227238907,1,False,0.0
1007,Monaco,2024,PIA,20,0,stay_out,-0.1485906281583084,1,0,stay_out,-0.1485906281583084,1,False,0.0
1007,Monaco,2024,PIA,21,0,stay_out,-0.1797937514201635,1,0,stay_out,-0.1797937514201635,1,False,0.0
1007,Monaco,2024,PIA,22,0,stay_out,-0.1772060604027942,1,1,pit_soft,-4.947806060402769,1,True,-4.770599999999975
1007,Monaco,2024,PIA,23,0,stay_out,-0.2013703496022771,1,0,stay_out,0.0,1,False,0.2013703496022771
1007,Monaco,2024,PIA,24,0,stay_out,-0.2137058892942974,1,0,stay_out,-0.0063355396920201,1,False,0.2073703496022773
1007,Monaco,2024,PIA,25,0,stay_out,-0.2106861500575476,1,0,stay_out,0.0,1,False,0.2106861500575476
1007,Monaco,2024,PIA,26,0,stay_out,-0.2200021380853471,1,0,stay_out,-0.0053159880277988,1,False,0.2146861500575483
1007,Monaco,2024,PIA,27,0,stay_out,-0.2522006729809931,1,0,stay_out,-0.0345145229234447,1,False,0.21768615005754838
1007,Monaco,2024,PIA,28,0,stay_out,-0.2463659771918642,1,0,stay_out,-0.0276798271343153,1,False,0.2186861500575489
1007,Monaco,2024,PIA,29,0,stay_out,-0.2738826253872105,1,0,stay_out,-0.0561964753296621,1,False,0.21768615005754838
1007,Monaco,2024,PIA,30,0,stay_out,-0.2748503472407321,1,0,stay_out,-0.0601641971831838,1,False,0.2146861500575483
1007,Monaco,2024,PIA,31,0,stay_out,-0.319779063546855,1,0,stay_out,-0.1100929134893064,1,False,0.2096861500575486
1007,Monaco,2024,PIA,32,0,stay_out,-0.2625512699098422,1,0,stay_out,-0.0578651198522933,1,False,0.20468615005754887
1007,Monaco,2024,PIA,33,0,stay_out,-0.2923947122631773,1,0,stay_out,-0.0927085622056282,1,False,0.1996861500575491
1007,Monaco,2024,PIA,34,0,stay_out,-0.3144214201810215,1,0,stay_out,-0.1197352701234734,1,False,0.19468615005754808
1007,Monaco,2024,PIA,35,0,stay_out,-0.296684901720485,1,0,stay_out,-0.1069987516629368,1,False,0.1896861500575482
1007,Monaco,2024,PIA,36,0,stay_out,-0.3325611924603095,1,0,stay_out,-0.1478750424027609,1,False,0.18468615005754863
1007,Monaco,2024,PIA,37,0,stay_out,-0.3694791564750546,1,0,stay_out,-0.1897930064175057,1,False,0.17968615005754887
1007,Monaco,2024,PIA,38,0,stay_out,-0.392186957573314,1,0,stay_out,-0.2175008075157649,1,False,0.17468615005754912
1007,Monaco,2024,PIA,39,0,stay_out,-0.3555079014018005,1,0,stay_out,-0.1858217513442525,1,False,0.169686150057548
1007,Monaco,2024,PIA,40,0,stay_out,-0.3743683129215597,1,0,stay_out,-0.2096821628640114,1,False,0.1646861500575483
1007,Monaco,2024,PIA,41,0,stay_out,-0.3870253900492244,1,0,stay_out,-0.2273392399916758,1,False,0.15968615005754863
1007,Monaco,2024,PIA,42,0,stay_out,-0.4081406770231041,1,0,stay_out,-0.2534545269655552,1,False,0.15468615005754888
1007,Monaco,2024,PIA,43,0,stay_out,-0.3999391782491784,1,0,stay_out,-0.2502530281916293,1,False,0.1496861500575491
1007,Monaco,2024,PIA,44,0,stay_out,-0.3906034329375032,1,0,stay_out,-0.2459172828799552,1,False,0.144686150057548
1007,Monaco,2024,PIA,45,0,stay_out,-0.4345931257865829,1,0,stay_out,-0.2949069757290345,1,False,0.13968615005754836
1007,Monaco,2024,PIA,46,0,stay_out,-0.4435621676673151,1,0,stay_out,-0.3088760176097665,1,False,0.13468615005754858
1007,Monaco,2024,PIA,47,0,stay_out,-0.4432073826316056,1,0,stay_out,-0.3135212325740568,1,False,0.1296861500575488
1007,Monaco,2024,PIA,48,0,stay_out,-0.4410796885144535,1,0,stay_out,-0.3163935384569044,1,False,0.12468615005754913
1007,Monaco,2024,PIA,49,0,stay_out,-0.4851419098578461,1,0,stay_out,-0.3654557598002981,1,False,0.11968615005754801
1007,Monaco,2024,PIA,50,1,pit_soft,-4.939749188808804,1,0,stay_out,-0.334463038751278,1,True,4.605286150057526
1007,Monaco,2024,PIA,51,0,stay_out,0.0,1,0,stay_out,-0.3979197671876577,1,False,-0.3979197671876577
1007,Monaco,2024,PIA,52,0,stay_out,0.0,1,0,stay_out,-0.3908624645011813,1,False,-0.3908624645011813
1007,Monaco,2024,PIA,53,0,stay_out,-0.0099397852119679,1,0,stay_out,-0.4108022497131486,1,False,-0.4008624645011807
1007,Monaco,2024,PIA,54,0,stay_out,-0.103380004840325,1,0,stay_out,-0.5033800048403251,1,False,-0.4000000000000001
1007,Monaco,2024,PIA,55,0,stay_out,-0.097949180490454,1,0,stay_out,-0.5059491804904539,1,False,-0.4079999999999999
1007,Monaco,2024,PIA,56,0,stay_out,-0.1280422947552992,1,0,stay_out,-0.5420422947552993,1,False,-0.4140000000000001
1007,Monaco,2024,PIA,57,0,stay_out,-0.1386646387106736,1,0,stay_out,-0.556664638710673,1,False,-0.41799999999999937
1007,Monaco,2024,PIA,58,0,stay_out,-0.161563302418719,1,0,stay_out,-0.5815633024187193,1,False,-0.4200000000000004
1007,Monaco,2024,PIA,59,0,stay_out,-0.1930633489774535,1,0,stay_out,-0.613063348977454,1,False,-0.4200000000000005
1007,Monaco,2024,PIA,60,0,stay_out,-0.1957437965728175,1,0,stay_out,-0.6157437965728179,1,False,-0.4200000000000004
1007,Monaco,2024,PIA,61,0,stay_out,-0.2356185936084685,1,0,stay_out,-0.6556185936084689,1,False,-0.4200000000000004
1007,Monaco,2024,PIA,62,0,stay_out,-0.2448039745374629,1,0,stay_out,-0.6648039745374619,1,False,-0.419999999999999
1007,Monaco,2024,PIA,63,0,stay_out,-0.2325473615443044,1,0,stay_out,-0.6525473615443048,1,False,-0.42000000000000043
1007,Monaco,2024,PIA,64,0,stay_out,-0.2571742177211831,1,0,stay_out,-0.6771742177211835,1,False,-0.4200000000000004
1007,Monaco,2024,PIA,65,0,stay_out,-0.2766201519451045,1,0,stay_out,-0.6966201519451047,1,False,-0.42000000000000026
1007,Monaco,2024,PIA,66,0,stay_out,-0.2876460205613824,1,0,stay_out,-0.7076460205613828,1,False,-0.42000000000000043
1007,Monaco,2024,PIA,67,0,stay_out,-0.2844736043039532,1,0,stay_out,-0.7044736043039521,1,False,-0.41999999999999893
1007,Monaco,2024,PIA,68,0,stay_out,-0.3050008808793407,1,0,stay_out,-0.7250008808793411,1,False,-0.42000000000000043
1007,Monaco,2024,PIA,69,0,stay_out,-0.3089663325530467,1,0,stay_out,-0.728966332553047,1,False,-0.4200000000000003
1007,Monaco,2024,PIA,70,0,stay_out,-0.3371421818604005,1,0,stay_out,-0.7571421818604009,1,False,-0.42000000000000043
1007,Monaco,2024,PIA,71,0,stay_out,-0.3645684600202173,1,0,stay_out,-0.7845684600202176,1,False,-0.4200000000000003
1007,Monaco,2024,PIA,72,0,stay_out,-0.3642954301244601,1,0,stay_out,-0.7842954301244589,1,False,-0.4199999999999988
1007,Monaco,2024,PIA,73,0,stay_out,-0.3863357819193155,1,0,stay_out,-0.8063357819193158,1,False,-0.42000000000000026
1007,Monaco,2024,PIA,74,0,stay_out,-0.4092937868323147,1,0,stay_out,-0.8292937868323151,1,False,-0.42000000000000043
1007,Monaco,2024,PIA,75,0,stay_out,-0.4553727627686286,1,0,stay_out,-0.8753727627686289,1,False,-0.42000000000000026
1007,Monaco,2024,PIA,76,0,stay_out,24.561958729977054,1,0,stay_out,24.141958729977052,1,False,-0.4200000000000017
1008,Monaco,2023,SAI,0,0,stay_out,0.0,1,0,stay_out,0.0,1,False,0.0
1008,Monaco,2023,SAI,1,0,stay_out,-0.0447711646139183,1,0,stay_out,-0.0447711646139183,1,False,0.0
1008,Monaco,2023,SAI,2,0,stay_out,0.0,1,0,stay_out,0.0,1,False,0.0
1008,Monaco,2023,SAI,3,0,stay_out,-0.0499580693376486,1,0,stay_out,-0.0499580693376486,1,False,0.0
1008,Monaco,2023,SAI,4,0,stay_out,-0.0289317699867893,1,0,stay_out,-0.0289317699867893,1,False,0.0
1008,Monaco,2023,SAI,5,0,stay_out,-0.0309681945848396,1,0,stay_out,-0.0309681945848396,1,False,0.0
1008,Monaco,2023,SAI,6,0,stay_out,-0.0395114262805947,1,0,stay_out,-0.0395114262805947,1,False,0.0
1008,Monaco,2023,SAI,7,0,stay_out,-0.0124760623799417,1,0,stay_out,-0.0124760623799417,1,False,0.0
1008,Monaco,2023,SAI,8,2,pit_medium,-15.107813314419529,9,0,stay_out,-0.0142830962914871,1,True,15.093530218128041
1008,Monaco,2023,SAI,9,0,stay_out,1.033115878989888,8,0,stay_out,-0.023580731271339,1,False,-1.056696610261227
1008,Monaco,2023,SAI,10,0,stay_out,1.0444899051380006,7,0,stay_out,-0.1652155130690744,1,False,-1.209705418207075
1008,Monaco,2023,SAI,11,0,stay_out,1.1082986370208658,6,0,stay_out,-0.1513611471276419,1,False,-1.2596597841485078
1008,Monaco,2023,SAI,12,0,stay_out,1.9766606416406236,4,0,stay_out,-0.4223045037921267,1,False,-2.3989651454327503
1008,Monaco,2023,SAI,13,0,stay_out,0.0192620122150913,4,1,pit_soft,-14.880020735042894,8,True,-14.899282747257985
1008,Monaco,2023,SAI,14,0,stay_out,0.9461120216199788,3,0,stay_out,-0.3688379783800229,8,False,-1.3149500000000016
1008,Monaco,2023,SAI,15,0,stay_out,0.0092137291972576,3,0,stay_out,-0.3977362708027471,8,False,-0.4069500000000047
1008,Monaco,2023,SAI,16,0,stay_out,0.0040900171410925,3,0,stay_out,-0.3948599828589167,8,False,-0.39895000000000924
1008,Monaco,2023,SAI,17,0,stay_out,0.0426552354660557,3,0,stay_out,-0.3482947645339564,8,False,-0.3909500000000121
1008,Monaco,2023,SAI,18,0,stay_out,0.0396793613350766,3,0,stay_out,-0.3452706386649155,8,False,-0.3849499999999921
1008,Monaco,2023,SAI,19,0,stay_out,-0.0771691831792409,3,0,stay_out,-0.4601191831792576,8,False,-0.38295000000001667
1008,Monaco,2023,SAI,20,0,stay_out,-0.072776724820153,3,0,stay_out,-0.3777267248201582,8,False,-0.30495000000000516
1008,Monaco,2023,SAI,21,0,stay_out,-0.050781696202047,3,0,stay_out,-0.3617316962020496,8,False,-0.3109500000000026
1008,Monaco,2023,SAI,22,0,stay_out,-0.0652050140064446,3,0,stay_out,-0.3861550140064423,8,False,-0.32094999999999774
1008,Monaco,2023,SAI,23,1,pit_soft,-16.358798563591446,10,0,stay_out,-0.3676150971077362,8,True,15.99118346648371
1008,Monaco,2023,SAI,24,0,stay_out,-0.2524699079804464,10,0,stay_out,-0.4524699079804463,8,False,-0.1999999999999999
1008,Monaco,2023,SAI,25,0,stay_out,-0.2135775254983841,10,0,stay_out,-0.4355775254983527,8,False,-0.2219999999999686
1008,Monaco,2023,SAI,26,0,stay_out,-0.2776816906135082,10,0,stay_out,-0.4396816906135015,8,False,-0.16199999999999326
1008,Monaco,2023,SAI,27,0,stay_out,-0.2431850284690029,10,0,stay_out,-0.4231850284690111,8,False,-0.18000000000000824
1008,Monaco,2023,SAI,28,0,stay_out,-0.2859560238638707,10,0,stay_out,-0.4819560238638715,8,False,-0.19600000000000078
1008,Monaco,2023,SAI,29,0,stay_out,-0.1898898496001635,10,0,stay_out,-0.3978898496001591,8,False,-0.2079999999999956
1008,Monaco,2023,SAI,30,0,stay_out,-0.2666377153049324,10,0,stay_out,-0.4826377153049251,8,False,-0.2159999999999927
1008,Monaco,2023,SAI,31,0,stay_out,-0.2724930524100714,10,0,stay_out,-0.4924930524100617,8,False,-0.21999999999999031
1008,Monaco,2023,SAI,32,0,stay_out,-0.4101550923157945,10,0,stay_out,-1.7101550923157944,9,False,-1.2999999999999998
1008,Monaco,2023,SAI,33,3,pit_hard,-17.0900309210593,18,0,stay_out,-0.7419474545756146,9,True,16.348083466483683
1008,Monaco,2023,SAI,34,0,stay_out,0.0401783453739341,18,0,stay_out,-1.7269216546260793,10,False,-1.7671000000000134
1008,Monaco,2023,SAI,35,0,stay_out,0.0215327089118702,18,0,stay_out,-0.8555672910881627,10,False,-0.8771000000000329
1008,Monaco,2023,SAI,36,0,stay_out,-0.0138835459444607,18,0,stay_out,-1.8409835459444464,11,False,-1.8270999999999857
1008,Monaco,2023,SAI,37,0,stay_out,-0.0275467021952778,18,0,stay_out,-0.9646467021952831,11,False,-0.9371000000000054
1008,Monaco,2023,SAI,38,0,stay_out,-0.048027396047334,18,3,pit_hard,-17.21321086253103,19,True,-17.165183466483697
1008,Monaco,2023,SAI,39,0,stay_out,-0.1577936611952381,18,0,stay_out,-0.1577936611952381,19,False,0.0
1008,Monaco,2023,SAI,40,0,stay_out,2.854918743252394,15,0,stay_out,-0.125081256747616,19,False,-2.9800000000000098
1008,Monaco,2023,SAI,41,0,stay_out,0.8802722186309295,14,0,stay_out,-0.1197277813690704,19,False,-0.9999999999999999
1008,Monaco,2023,SAI,42,0,stay_out,0.8251017489698669,13,0,stay_out,0.8251017489698669,18,False,0.0
1008,Monaco,2023,SAI,43,0,stay_out,-0.1698313411824898,13,0,stay_out,-0.0898313411824801,18,False,0.0800000000000097
1008,Monaco,2023,SAI,44,0,stay_out,-0.4386980104267138,13,0,stay_out,-0.0515544206831336,18,False,0.3871435897435802
1008,Monaco,2023,SAI,45,0,stay_out,-0.3903501574310624,13,0,stay_out,-0.0032065676874822,18,False,0.3871435897435802
1008,Monaco,2023,SAI,46,0,stay_out,-0.8572185312305309,13,0,stay_out,-0.0929262235382452,18,False,0.7642923076922857
1008,Monaco,2023,SAI,47,1,pit_soft,-15.396108649151316,19,0,stay_out,1.9321748173323985,16,True,17.328283466483715
1008,Monaco,2023,SAI,48,0,stay_out,-0.2516057828324776,19,0,stay_out,1.915494217167536,14,False,2.167100000000014
1008,Monaco,2023,SAI,49,0,stay_out,-0.2661675412273141,19,0,stay_out,1.621788869029115,12,False,1.887956410256429
1008,Monaco,2023,SAI,50,0,stay_out,5.383111422991748,14,1,pit_soft,-13.760072043491892,17,True,-19.14318346648364
1008,Monaco,2023,SAI,51,0,stay_out,3.904316844440908,11,0,stay_out,5.834316844440871,12,False,1.9299999999999633
1008,Monaco,2023,SAI,52,0,stay_out,0.8475762592610439,9,0,stay_out,1.8035762592610185,9,False,0.9559999999999746
1008,Monaco,2023,SAI,53,0,stay_out,3.00996594685322,8,0,stay_out,3.053965946853154,8,False,0.04399999999993387
1008,Monaco,2023,SAI,54,0,stay_out,-0.4474371081622421,8,0,stay_out,-0.393437108162199,8,False,0.05400000000004307
1008,Monaco,2023,SAI,55,0,stay_out,-0.8041775512632797,8,4,pit_intermediate,-32.215027684413705,11,True,-31.410850133150426
1008,Monaco,2023,SAI,56,0,stay_out,-0.8585873249180054,8,0,stay_out,1.8457460084153143,9,False,2.7043333333333197
1008,Monaco,2023,SAI,57,0,stay_out,-0.7843628706136643,8,0,stay_out,0.945970462719666,8,False,1.7303333333333302
1008,Monaco,2023,SAI,58,0,stay_out,1.8562409339071575,5,0,stay_out,-0.2074257327595363,8,False,-2.063666666666694
1008,Monaco,2023,SAI,59,0,stay_out,0.8558181072140827,3,0,stay_out,-0.2838485594526219,8,False,-1.1396666666667046
1008,Monaco,2023,SAI,60,0,stay_out,-1.3514661204397953,3,0,stay_out,0.5308672128935568,7,False,1.882333333333352
1008,Monaco,2023,SAI,61,0,stay_out,-1.3411388574865055,3,0,stay_out,1.4811944758468287,5,False,2.8223333333333342
1008,Monaco,2023,SAI,62,0,stay_out,-0.6113491242523423,2,0,stay_out,1.3289842090810051,3,False,1.9403333333333475
1008,Monaco,2023,SAI,63,0,stay_out,-1.5896801252961694,2,0,stay_out,-0.6533467919628636,3,False,0.9363333333333058
1008,Monaco,2023,SAI,64,0,stay_out,-2.013884078836883,2,0,stay_out,-0.0635507455035138,2,False,1.950333333333369
1008,Monaco,2023,SAI,65,0,stay_out,-2.0950678073676814,2,0,stay_out,-1.1307344740343426,2,False,0.9643333333333388
1008,Monaco,2023,SAI,66,0,stay_out,-2.1037087709845963,2,0,stay_out,-1.1253754376511966,2,False,0.9783333333333997
1008,Monaco,2023,SAI,67,0,stay_out,-2.361078687491436,2,0,stay_out,-1.3687453541580652,2,False,0.9923333333333706
1008,Monaco,2023,SAI,68,0,stay_out,-3.371280789106321,3,0,stay_out,-1.3649474557729788,2,False,2.006333333333342
1008,Monaco,2023,SAI,69,0,stay_out,-2.580361975207857,3,0,stay_out,-1.4800286418745798,2,False,1.1003333333332772
1008,Monaco,2023,SAI,70,0,stay_out,-2.502135698601996,3,0,stay_out,-1.4678023652686207,2,False,1.034333333333375
1008,Monaco,2023,SAI,71,0,stay_out,-4.76024979483407,5,0,stay_out,-1.7119164615007236,2,False,3.048333333333346
1008,Monaco,2023,SAI,72,0,stay_out,-3.949531733730472,6,0,stay_out,-1.887198400397155,2,False,2.062333333333317
1008,Monaco,2023,SAI,73,0,stay_out,-5.084784129524611,8,0,stay_out,-2.0084507961913216,2,False,3.076333333333289
1008,Monaco,2023,SAI,74,0,stay_out,-3.193615942585244,8,0,stay_out,-2.103282609251895,2,False,1.0903333333333491
1008,Monaco,2023,SAI,75,0,stay_out,-3.2118139386052533,8,0,stay_out,-3.1074806052719337,3,False,0.10433333333331962
1008,Monaco,2023,SAI,76,0,stay_out,0.7335153064382647,8,0,stay_out,5.851848639771648,5,False,5.118333333333383
1009,Monaco,2022,LEC,0,0,stay_out,-2.0647141794757617,1,0,stay_out,-2.0647141794757617,1,False,0.0
1009,Monaco,2022,LEC,1,0,stay_out,-0.0828242209993433,1,0,stay_out,-0.0828242209993433,1,False,0.0
1009,Monaco,2022,LEC,2,0,stay_out,-0.2753448398969155,1,0,stay_out,-0.2753448398969155,1,False,0.0
1009,Monaco,2022,LEC,3,0,stay_out,-0.4839583943970211,1,0,stay_out,-0.4839583943970211,1,False,0.0
1009,Monaco,2022,LEC,4,0,stay_out,-0.6245861256770866,1,0,stay_out,-0.6245861256770866,1,False,0.0
1009,Monaco,2022,LEC,5,0,stay_out,-2.9843122605343866,3,0,stay_out,-2.9843122605343866,3,False,0.0
1009,Monaco,2022,LEC,6,0,stay_out,-2.4868444109542667,4,0,stay_out,-2.4868444109542667,4,False,0.0
1009,Monaco,2022,LEC,7,0,stay_out,-4.474368746004533,7,0,stay_out,-4.474368746004533,7,False,0.0
1009,Monaco,2022,LEC,8,0,stay_out,-2.6797469663318525,8,0,stay_out,-2.6797469663318525,8,False,0.0
1009,Monaco,2022,LEC,9,0,stay_out,-1.7825119089561383,8,0,stay_out,-1.7825119089561383,8,False,0.0
1009,Monaco,2022,LEC,10,0,stay_out,-3.8492213182427024,10,0,stay_out,-3.8492213182427024,10,False,0.0
1009,Monaco,2022,LEC,11,0,stay_out,-3.2649494635338625,11,0,stay_out,-3.2649494635338625,11,False,0.0
1009,Monaco,2022,LEC,12,0,stay_out,-8.503947575967432,17,0,stay_out,-8.503947575967432,17,False,0.0
1009,Monaco,2022,LEC,13,0,stay_out,-4.651402094905023,19,0,stay_out,-4.651402094905023,19,False,0.0
1009,Monaco,2022,LEC,14,0,stay_out,-2.6854280847657748,19,0,stay_out,-2.6854280847657748,19,False,0.0
1009,Monaco,2022,LEC,15,0,stay_out,-1.6571864030494312,18,0,stay_out,-1.6571864030494312,18,False,0.0
1009,Monaco,2022,LEC,16,0,stay_out,-4.267399241957135,19,0,stay_out,-4.267399241957135,19,False,0.0
1009,Monaco,2022,LEC,17,0,stay_out,-3.256389102253843,19,0,stay_out,-3.256389102253843,19,False,0.0
1009,Monaco,2022,LEC,18,0,stay_out,-2.3577628069276417,18,0,stay_out,-2.3577628069276417,18,False,0.0
1009,Monaco,2022,LEC,19,0,stay_out,-4.013715929038793,18,0,stay_out,-4.013715929038793,18,False,0.0
1009,Monaco,2022,LEC,20,0,stay_out,-2.9871537298535147,18,0,stay_out,-2.9871537298535147,18,False,0.0
1009,Monaco,2022,LEC,21,0,stay_out,-6.989460514834493,18,0,stay_out,-6.989460514834493,18,False,0.0
1009,Monaco,2022,LEC,22,2,pit_medium,-8.304905394316693,18,0,stay_out,-7.974832240002643,18,True,0.33007315431405004
1009,Monaco,2022,LEC,23,0,stay_out,-4.22064827437884,17,0,stay_out,-16.317278274378843,17,False,-12.096630000000003
1009,Monaco,2022,LEC,24,0,stay_out,-4.972710488653204,17,0,stay_out,-17.136840488653213,17,False,-12.164130000000009
1009,Monaco,2022,LEC,25,0,stay_out,-1.754708785114623,17,0,stay_out,-13.983638785114591,17,False,-12.228929999999968
1009,Monaco,2022,LEC,26,0,stay_out,-0.6376699335931235,17,0,stay_out,-12.928699933593144,17,False,-12.29103000000002
1009,Monaco,2022,LEC,27,0,stay_out,3.382169201628404,12,0,stay_out,-8.96826079837162,12,False,-12.350430000000024
1009,Monaco,2022,LEC,28,0,stay_out,32.19048922652643,1,1,pit_soft,57.75241827020746,1,True,25.561929043681026
1009,Monaco,2022,LEC,29,0,stay_out,0.0,1,0,stay_out,0.0,1,False,0.0
1009,Monaco,2022,LEC,30,0,stay_out,0.0,1,0,stay_out,0.0,1,False,0.0
1009,Monaco,2022,LEC,31,0,stay_out,-0.0020086977739552,1,0,stay_out,0.0,1,False,0.0020086977739552
1009,Monaco,2022,LEC,32,0,stay_out,-0.0413800544882406,1,0,stay_out,-0.0353713567142861,1,False,0.006008697773954498
1009,Monaco,2022,LEC,33,0,stay_out,-0.1297782926036163,1,0,stay_out,-0.0278785363027793,1,False,0.10189975630083702
1009,Monaco,2022,LEC,34,0,stay_out,-0.1463497570541591,1,0,stay_out,-0.0157500007533215,1,False,0.1305997563008376
1009,Monaco,2022,LEC,35,0,stay_out,-0.2527210177196295,1,0,stay_out,-0.0546212614187936,1,False,0.19809975630083593
1009,Monaco,2022,LEC,36,0,stay_out,-0.3696159485538161,1,0,stay_out,-0.0676161922529786,1,False,0.3019997563008375
1009,Monaco,2022,LEC,37,1,pit_soft,-4.885107437849919,1,0,stay_out,-0.0519743482157494,1,True,4.8331330896341695
1009,Monaco,2022,LEC,38,0,stay_out,0.0,1,0,stay_out,-0.1003170023424701,1,False,-0.1003170023424701
1009,Monaco,2022,LEC,39,0,stay_out,-0.0091214411182789,1,0,stay_out,-0.1204384434607504,1,False,-0.11131700234247151
1009,Monaco,2022,LEC,40,0,stay_out,0.0,1,0,stay_out,-0.0984987934803527,1,False,-0.0984987934803527
1009,Monaco,2022,LEC,41,0,stay_out,0.0,1,0,stay_out,-0.1056144011092101,1,False,-0.1056144011092101
1009,Monaco,2022,LEC,42,0,stay_out,-0.0385882949719913,1,2,pit_medium,-5.364169362747869,1,True,-5.325581067775877
1009,Monaco,2022,LEC,43,0,stay_out,-0.0329722575583844,1,0,stay_out,-0.3515533253342611,1,False,-0.3185810677758767
1009,Monaco,2022,LEC,44,0,stay_out,-0.060267802327975,1,0,stay_out,-0.3721819597380218,1,False,-0.3119141574100468
1009,Monaco,2022,LEC,45,0,stay_out,-0.050618695557064,1,0,stay_out,-0.3535328529671119,1,False,-0.3029141574100479
1009,Monaco,2022,LEC,46,0,stay_out,-0.0603195172534484,1,0,stay_out,-0.3532336746634954,1,False,-0.292914157410047
1009,Monaco,2022,LEC,47,0,stay_out,-0.1026265493873296,1,0,stay_out,-0.3865407067973777,1,False,-0.2839141574100481
1009,Monaco,2022,LEC,48,0,stay_out,-0.1023018109215499,1,0,stay_out,-0.3862684775882158,1,False,-0.2839666666666659
1009,Monaco,2022,LEC,49,0,stay_out,-0.112288232653303,1,0,stay_out,-0.3892548993199682,1,False,-0.2769666666666652
1009,Monaco,2022,LEC,50,0,stay_out,-0.1469486333180583,1,0,stay_out,-0.4179152999847247,1,False,-0.2709666666666664
1009,Monaco,2022,LEC,51,0,stay_out,-0.1661400338667803,1,0,stay_out,-0.432106700533447,1,False,-0.2659666666666667
1009,Monaco,2022,LEC,52,0,stay_out,-0.1589587713042945,1,0,stay_out,-0.4199254379709615,1,False,-0.260966666666667
1009,Monaco,2022,LEC,53,0,stay_out,-0.2969819408853823,1,0,stay_out,-0.5529486075520481,1,False,-0.2559666666666658
1009,Monaco,2022,LEC,54,0,stay_out,-0.3429957712278337,1,0,stay_out,-0.5939624378944999,1,False,-0.25096666666666617
1009,Monaco,2022,LEC,55,0,stay_out,-0.3477923327281673,1,0,stay_out,-0.5937589993948337,1,False,-0.2459666666666664
1009,Monaco,2022,LEC,56,0,stay_out,-0.3650091585189046,1,0,stay_out,-0.6059758251855712,1,False,-0.24096666666666666
1009,Monaco,2022,LEC,57,0,stay_out,-0.3532270353068498,1,0,stay_out,-0.5891937019735167,1,False,-0.23596666666666694
1009,Monaco,2022,LEC,58,0,stay_out,-0.3963874313449835,1,0,stay_out,-0.6273540980116494,1,False,-0.23096666666666593
1009,Monaco,2022,LEC,59,0,stay_out,-0.4001536815617172,1,0,stay_out,-0.6261203482283832,1,False,-0.22596666666666604
1009,Monaco,2022,LEC,60,0,stay_out,-0.4530528377561496,1,0,stay_out,-0.6740195044228159,1,False,-0.2209666666666663
1009,Monaco,2022,LEC,61,0,stay_out,-0.4195753689859501,1,0,stay_out,-0.6355420356526168,1,False,-0.2159666666666667
1009,Monaco,2022,LEC,62,0,stay_out,24.5641928861164,1,0,stay_out,24.35322621944973,1,False,-0.21096666666666763
1010,Monaco,2022,SAI,0,0,stay_out,-2.045676316720908,1,0,stay_out,-2.045676316720908,1,False,0.0
1010,Monaco,2022,SAI,1,0,stay_out,-0.0675468658513637,1,0,stay_out,-0.0675468658513637,1,False,0.0
1010,Monaco,2022,SAI,2,0,stay_out,-0.2734086896282179,1,0,stay_out,-0.2734086896282179,1,False,0.0
1010,Monaco,2022,SAI,3,0,stay_out,-0.4440826832348421,1,0,stay_out,-0.4440826832348421,1,False,0.0
1010,Monaco,2022,SAI,4,0,stay_out,-0.61958188990738,1,0,stay_out,-0.61958188990738,1,False,0.0
1010,Monaco,2022,SAI,5,0,stay_out,-3.2410314005623677,3,0,stay_out,-3.2410314005623677,3,False,0.0
1010,Monaco,2022,SAI,6,0,stay_out,-2.4489907020338597,4,0,stay_out,-2.4489907020338597,4,False,0.0
1010,Monaco,2022,SAI,7,0,stay_out,-4.544164804428236,7,0,stay_out,-4.544164804428236,7,False,0.0
1010,Monaco,2022,SAI,8,0,stay_out,-2.702052441177884,8,0,stay_out,-2.702052441177884,8,False,0.0
1010,Monaco,2022,SAI,9,0,stay_out,-1.7708397845392638,8,0,stay_out,-1.7708397845392638,8,False,0.0
1010,Monaco,2022,SAI,10,0,stay_out,-2.887632842301449,9,0,stay_out,-2.887632842301449,9,False,0.0
1010,Monaco,2022,SAI,11,0,stay_out,-4.127410228357425,11,0,stay_out,-4.127410228357425,11,False,0.0
1010,Monaco,2022,SAI,12,0,stay_out,-5.47503447085888,14,0,stay_out,-5.47503447085888,14,False,0.0
1010,Monaco,2022,SAI,13,0,stay_out,-6.734622946323342,18,0,stay_out,-6.734622946323342,18,False,0.0
1010,Monaco,2022,SAI,14,0,stay_out,-3.638052519256728,19,0,stay_out,-3.638052519256728,19,False,0.0
1010,Monaco,2022,SAI,15,0,stay_out,-1.8212325481105724,18,0,stay_out,-1.8212325481105724,18,False,0.0
1010,Monaco,2022,SAI,16,0,stay_out,-2.518379288941452,19,0,stay_out,-2.518379288941452,19,False,0.0
1010,Monaco,2022,SAI,17,0,stay_out,-3.766102868649977,19,0,stay_out,-3.766102868649977,19,False,0.0
1010,Monaco,2022,SAI,18,0,stay_out,-2.700834537507399,18,0,stay_out,-2.700834537507399,18,False,0.0
1010,Monaco,2022,SAI,19,0,stay_out,-4.418849018975415,18,0,stay_out,-4.418849018975415,18,False,0.0
1010,Monaco,2022,SAI,20,0,stay_out,-2.940175053006248,18,0,stay_out,-2.940175053006248,18,False,0.0
1010,Monaco,2022,SAI,21,0,stay_out,-6.995266628909521,18,0,stay_out,-6.995266628909521,18,False,0.0
1010,Monaco,2022,SAI,22,2,pit_medium,-8.302789999063965,18,0,stay_out,-7.97271684474987,18,True,0.33007315431409445
1010,Monaco,2022,SAI,23,0,stay_out,-4.165111387911968,17,0,stay_out,-16.261741387911968,17,False,-12.096630000000001
1010,Monaco,2022,SAI,24,0,stay_out,-5.016469819388382,17,0,stay_out,-17.18059981938839,17,False,-12.164130000000009
1010,Monaco,2022,SAI,25,0,stay_out,-1.6723528408535686,17,0,stay_out,-13.901282840853586,17,False,-12.228930000000018
1010,Monaco,2022,SAI,26,0,stay_out,-0.5961857810107034,17,0,stay_out,-12.887215781010724,17,False,-12.29103000000002
1010,Monaco,2022,SAI,27,0,stay_out,3.442031626992794,12,0,stay_out,-8.908398373007186,12,False,-12.35042999999998
1010,Monaco,2022,SAI,28,0,stay_out,31.964557908011216,1,1,pit_soft,57.526486951692185,1,True,25.56192904368097
1010,Monaco,2022,SAI,29,0,stay_out,0.0,1,0,stay_out,0.0,1,False,0.0
1010,Monaco,2022,SAI,30,0,stay_out,-0.0444401607068286,1,0,stay_out,-0.0394401607068275,1,False,0.005000000000001101
1010,Monaco,2022,SAI,31,0,stay_out,-0.0612928585651914,1,0,stay_out,-0.0512928585651906,1,False,0.0100000000000008
1010,Monaco,2022,SAI,32,0,stay_out,-0.0459709116091531,1,0,stay_out,-0.031970911609153,1,False,0.014000000000000103
1010,Monaco,2022,SAI,33,0,stay_out,-0.1410138050366001,1,0,stay_out,-0.0636813385677655,1,False,0.0773324664688346
1010,Monaco,2022,SAI,34,0,stay_out,-0.1914585944775154,1,0,stay_out,-0.0854261280086802,1,False,0.1060324664688352
1010,Monaco,2022,SAI,35,0,stay_out,-0.2440941763202161,1,0,stay_out,-0.0705617098513826,1,False,0.1735324664688335
1010,Monaco,2022,SAI,36,0,stay_out,-0.3614197814197297,1,0,stay_out,-0.0839873149508946,1,False,0.27743246646883507
1010,Monaco,2022,SAI,37,1,pit_soft,-4.897406772991865,1,0,stay_out,-0.0888409731896985,1,True,4.8085657998021665
1010,Monaco,2022,SAI,38,0,stay_out,0.0,1,0,stay_out,-0.105680544259448,1,False,-0.105680544259448
1010,Monaco,2022,SAI,39,0,stay_out,-0.0191836612012153,1,0,stay_out,-0.1358642054606647,1,False,-0.11668054425944939
1010,Monaco,2022,SAI,40,0,stay_out,0.0,1,0,stay_out,-0.1254243913871235,1,False,-0.1254243913871235
1010,Monaco,2022,SAI,41,0,stay_out,-0.029738057517116,1,0,stay_out,-0.1641624489042385,1,False,-0.1344243913871225
1010,Monaco,2022,SAI,42,0,stay_out,-0.0435189149056341,1,2,pit_medium,-5.397909972959424,1,True,-5.35439105805379
1010,Monaco,2022,SAI,43,0,stay_out,-0.0545993648412959,1,0,stay_out,-0.401990422895085,1,False,-0.3473910580537891
1010,Monaco,2022,SAI,44,0,stay_out,-0.0367167036247337,1,0,stay_out,-0.3761077616785229,1,False,-0.3393910580537892
1010,Monaco,2022,SAI,45,0,stay_out,-0.0427747928141855,1,0,stay_out,-0.3731658508679757,1,False,-0.3303910580537902
1010,Monaco,2022,SAI,46,0,stay_out,-0.1027754921738108,1,0,stay_out,-0.4231665502276002,1,False,-0.3203910580537894
1010,Monaco,2022,SAI,47,0,stay_out,-0.0699718371234297,1,0,stay_out,-0.3813628951772202,1,False,-0.3113910580537905
1010,Monaco,2022,SAI,48,0,stay_out,-0.1117729516216741,1,0,stay_out,-0.4043738184861724,1,False,-0.29260086686449827
1010,Monaco,2022,SAI,49,0,stay_out,-0.1307616262809219,1,0,stay_out,-0.4163624931454194,1,False,-0.2856008668644975
1010,Monaco,2022,SAI,50,0,stay_out,-0.1521972618952361,1,0,stay_out,-0.4317981287597348,1,False,-0.2796008668644987
1010,Monaco,2022,SAI,51,0,stay_out,-0.165066374364936,1,0,stay_out,-0.439667241229435,1,False,-0.274600866864499
1010,Monaco,2022,SAI,52,0,stay_out,-0.164003494316249,1,0,stay_out,-0.4336043611807483,1,False,-0.2696008668644993
1010,Monaco,2022,SAI,53,0,stay_out,-0.3146985407269369,1,0,stay_out,-0.5706652073936027,1,False,-0.2559666666666658
1010,Monaco,2022,SAI,54,0,stay_out,-0.3081311939019827,1,0,stay_out,-0.5590978605686487,1,False,-0.25096666666666606
1010,Monaco,2022,SAI,55,0,stay_out,-0.3338999750029089,1,0,stay_out,-0.5798666416695752,1,False,-0.24596666666666633
1010,Monaco,2022,SAI,56,0,stay_out,-0.3331681971726127,1,0,stay_out,-0.5741348638392794,1,False,-0.24096666666666666
1010,Monaco,2022,SAI,57,0,stay_out,-0.3613645986537776,1,0,stay_out,-0.5973312653204446,1,False,-0.23596666666666694
1010,Monaco,2022,SAI,58,0,stay_out,-0.3830069436313181,1,0,stay_out,-0.6139736102979839,1,False,-0.23096666666666582
1010,Monaco,2022,SAI,59,0,stay_out,-0.3999782818273147,1,0,stay_out,-0.6259449484939807,1,False,-0.22596666666666604
1010,Monaco,2022,SAI,60,0,stay_out,-0.4214403509439037,1,0,stay_out,-0.6424070176105702,1,False,-0.22096666666666648
1010,Monaco,2022,SAI,61,0,stay_out,-0.4338306075708573,1,0,stay_out,-0.649797274237524,1,False,-0.2159666666666667
1010,Monaco,2022,SAI,62,0,stay_out,24.566544175452854,1,0,stay_out,24.35557750878619,1,False,-0.21096666666666408
1011,Silverstone,2024,SAI,0,0,stay_out,0.0,1,0,stay_out,0.0,1,False,0.0
1011,Silverstone,2024,SAI,1,0,stay_out,-0.031361788744266,1,0,stay_out,-0.031361788744266,1,False,0.0
1011,Silverstone,2024,SAI,2,0,stay_out,-0.0496704165657732,1,0,stay_out,-0.0496704165657732,1,False,0.0
1011,Silverstone,2024,SAI,3,0,stay_out,-0.0336783150548384,1,0,stay_out,-0.0336783150548384,1,False,0.0
1011,Silverstone,2024,SAI,4,0,stay_out,-0.0199898343438462,1,0,stay_out,-0.0199898343438462,1,False,0.0
1011,Silverstone,2024,SAI,5,0,stay_out,-0.060737739377437,1,0,stay_out,-0.060737739377437,1,False,0.0
1011,Silverstone,2024,SAI,6,0,stay_out,-0.0550129158107211,1,0,stay_out,-0.0550129158107211,1,False,0.0
1011,Silverstone,2024,SAI,7,0,stay_out,-0.0342739803071282,1,0,stay_out,-0.0342739803071282,1,False,0.0
1011,Silverstone,2024,SAI,8,0,stay_out,-0.0351062011592304,1,0,stay_out,-0.0351062011592304,1,False,0.0
1011,Silverstone,2024,SAI,9,0,stay_out,-0.0742704530293679,1,0,stay_out,-0.0742704530293679,1,False,0.0
1011,Silverstone,2024,SAI,10,0,stay_out,-0.0096316983586689,1,0,stay_out,-0.0096316983586689,1,False,0.0
1011,Silverstone,2024,SAI,11,0,stay_out,-0.069226182833124,1,0,stay_out,-0.069226182833124,1,False,0.0
1011,Silverstone,2024,SAI,12,1,pit_soft,-11.519729988921172,6,0,stay_out,-0.0585803115791563,1,True,11.461149677342016
1011,Silverstone,2024,SAI,13,0,stay_out,0.1263865299155838,6,0,stay_out,-0.0395302504312724,1,False,-0.1659167803468562
1011,Silverstone,2024,SAI,14,0,stay_out,0.1193716375807852,6,0,stay_out,-0.1158492350602117,1,False,-0.2352208726409969
1011,Silverstone,2024,SAI,15,0,stay_out,0.3961928030408075,6,0,stay_out,-0.3337194215609671,1,False,-0.7299122246017746
1011,Silverstone,2024,SAI,16,0,stay_out,2.4421322553229188,4,1,pit_soft,-10.76611797177989,6,True,-13.208250227102809
1011,Silverstone,2024,SAI,17,0,stay_out,3.210995317463973,1,0,stay_out,5.650070531139182,1,False,2.439075213675209
1011,Silverstone,2024,SAI,18,0,stay_out,-0.0208168873042367,1,0,stay_out,-0.0208168873042367,1,False,0.0
1011,Silverstone,2024,SAI,19,0,stay_out,-0.0478450548088304,1,0,stay_out,-0.0478450548088304,1,False,0.0
1011,Silverstone,2024,SAI,20,0,stay_out,-0.0221366514967371,1,0,stay_out,-0.0221366514967371,1,False,0.0
1011,Silverstone,2024,SAI,21,0,stay_out,-0.0110656779659024,1,0,stay_out,-0.0110656779659024,1,False,0.0
1011,Silverstone,2024,SAI,22,0,stay_out,-0.0246828903196515,1,0,stay_out,-0.0246828903196515,1,False,0.0
1011,Silverstone,2024,SAI,23,0,stay_out,-0.0238747044637037,1,0,stay_out,-0.0180823967713962,1,False,0.0057923076923074995
1011,Silverstone,2024,SAI,24,0,stay_out,-0.0573451123236168,1,0,stay_out,-0.0274374200159243,1,False,0.029907692307692496
1011,Silverstone,2024,SAI,25,0,stay_out,-1.598412849366622,1,0,stay_out,-1.519393618597391,1,False,0.07901923076923101
1011,Silverstone,2024,SAI,26,0,stay_out,-1.643218722300989,1,0,stay_out,-1.5137841069163742,1,False,0.12943461538461487
1011,Silverstone,2024,SAI,27,0,stay_out,-1.6613008224734471,1,0,stay_out,-1.5281988993965243,1,False,0.1331019230769228
1011,Silverstone,2024,SAI,28,0,stay_out,-1.6979267004900267,1,0,stay_out,-1.5794805466438733,1,False,0.11844615384615342
1011,Silverstone,2024,SAI,29,0,stay_out,-1.6992951590308865,1,0,stay_out,-1.6205009282616558,1,False,0.07879423076923064
1011,Silverstone,2024,SAI,30,0,stay_out,-1.6840683176768607,1,0,stay_out,-1.646229856138399,1,False,0.03783846153846171
1011,Silverstone,2024,SAI,31,0,stay_out,-1.6788089224470726,1,0,stay_out,-1.6409704609086109,1,False,0.03783846153846171
1011,Silverstone,2024,SAI,32,0,stay_out,-1.6635139100989846,1,0,stay_out,-1.625675448560523,1,False,0.03783846153846171
1011,Silverstone,2024,SAI,33,0,stay_out,-1.721045759467137,1,0,stay_out,-1.683207297928675,1,False,0.03783846153846193
1011,Silverstone,2024,SAI,34,0,stay_out,-1.719168553341099,1,0,stay_out,-1.6813300918026373,1,False,0.03783846153846171
1011,Silverstone,2024,SAI,35,0,stay_out,-2.93106348723085,2,0,stay_out,-1.7117331775293196,1,False,1.2193303097015302
1011,Silverstone,2024,SAI,36,0,stay_out,-4.758663753234346,4,0,stay_out,-5.422026968918827,4,False,-0.6633632156844804
1011,Silverstone,2024,SAI,37,0,stay_out,2.091998891603976,2,4,pit_intermediate,-14.3702309398446,7,True,-16.462229831448575
1011,Silverstone,2024,SAI,38,0,stay_out,1.4985566981294496,1,0,stay_out,-0.5110634676626389,6,False,-2.0096201657920885
1011,Silverstone,2024,SAI,39,0,stay_out,-0.3510881321358767,1,0,stay_out,-7.874457033502514,10,False,-7.523368901366638
1011,Silverstone,2024,SAI,40,0,stay_out,-0.3627537075514752,1,0,stay_out,-6.834768953564486,13,False,-6.472015246013012
1011,Silverstone,2024,SAI,41,0,stay_out,-0.4385285237532642,1,0,stay_out,-3.937099355198825,13,False,-3.498570831445561
1011,Silverstone,2024,SAI,42,0,stay_out,-2.656130376282799,3,0,stay_out,-5.90336292397325,15,False,-3.2472325476904516
1011,Silverstone,2024,SAI,43,0,stay_out,-1.933676866446798,4,0,stay_out,-4.096680712600571,15,False,-2.1630038461537726
1011,Silverstone,2024,SAI,44,0,stay_out,-0.8879302131391995,4,0,stay_out,-5.00001482852382,16,False,-4.112084615384621
1011,Silverstone,2024,SAI,45,0,stay_out,-1.848725499489441,5,0,stay_out,-5.077890884104837,17,False,-3.2291653846153965
1011,Silverstone,2024,SAI,46,0,stay_out,-1.028552744162302,5,0,stay_out,-4.2027988980085045,17,False,-3.1742461538462026
1011,Silverstone,2024,SAI,47,0,stay_out,-0.8914962816146683,5,0,stay_out,-4.210823204691588,17,False,-3.319326923076919
1011,Silverstone,2024,SAI,48,0,stay_out,-0.8548118637358286,5,0,stay_out,-5.219219556043553,18,False,-4.364407692307725
1011,Silverstone,2024,SAI,49,0,stay_out,-0.9224025694572888,5,0,stay_out,-1.3318910309957306,15,False,-0.40948846153844176
1011,Silverstone,2024,SAI,50,0,stay_out,9.006395200432733,5,0,stay_out,-1.4481740303365145,12,False,-10.454569230769248
1012,Monaco,2022,RUS,0,0,stay_out,-2.0826143875976544,1,0,stay_out,-2.0826143875976544,1,False,0.0
1012,Monaco,2022,RUS,1,0,stay_out,-0.0483883237688488,1,0,stay_out,-0.0483883237688488,1,False,0.0
1012,Monaco,2022,RUS,2,0,stay_out,-0.2269102532240126,1,0,stay_out,-0.2269102532240126,1,False,0.0
1012,Monaco,2022,RUS,3,0,stay_out,-0.4746382963498149,1,0,stay_out,-0.4746382963498149,1,False,0.0
1012,Monaco,2022,RUS,4,0,stay_out,-0.5893123833883592,1,0,stay_out,-0.5893123833883592,1,False,0.0
1012,Monaco,2022,RUS,5,0,stay_out,-3.1598966666121897,3,0,stay_out,-3.1598966666121897,3,False,0.0
1012,Monaco,2022,RUS,6,0,stay_out,-3.5219640938377896,5,0,stay_out,-3.5219640938377896,5,False,0.0
1012,Monaco,2022,RUS,7,0,stay_out,-2.507965495248317,6,0,stay_out,-2.507965495248317,6,False,0.0
1012,Monaco,2022,RUS,8,0,stay_out,-3.685381071739615,8,0,stay_out,-3.685381071739615,8,False,0.0
1012,Monaco,2022,RUS,9,0,stay_out,-1.7783299129136796,8,0,stay_out,-1.7783299129136796,8,False,0.0
1012,Monaco,2022,RUS,10,0,stay_out,-2.901420669704929,9,0,stay_out,-2.901420669704929,9,False,0.0
1012,Monaco,2022,RUS,11,0,stay_out,-4.170906354347746,11,0,stay_out,-4.170906354347746,11,False,0.0
1012,Monaco,2022,RUS,12,0,stay_out,-5.472753193858939,14,0,stay_out,-5.472753193858939,14,False,0.0
1012,Monaco,2022,RUS,13,0,stay_out,-6.65017405968659,18,0,stay_out,-6.65017405968659,18,False,0.0
1012,Monaco,2022,RUS,14,0,stay_out,-3.648566867677937,19,0,stay_out,-3.648566867677937,19,False,0.0
1012,Monaco,2022,RUS,15,0,stay_out,-1.7470151504306872,18,0,stay_out,-1.7470151504306872,18,False,0.0
1012,Monaco,2022,RUS,16,0,stay_out,-3.628768244993917,19,0,stay_out,-3.628768244993917,19,False,0.0
1012,Monaco,2022,RUS,17,0,stay_out,-3.351860640413972,19,0,stay_out,-3.351860640413972,19,False,0.0
1012,Monaco,2022,RUS,18,0,stay_out,-2.396303366211483,18,0,stay_out,-2.396303366211483,18,False,0.0
1012,Monaco,2022,RUS,19,0,stay_out,-3.972252589647894,18,0,stay_out,-3.972252589647894,18,False,0.0
1012,Monaco,2022,RUS,20,0,stay_out,-3.021647161731264,18,0,stay_out,-3.021647161731264,18,False,0.0
1012,Monaco,2022,RUS,21,0,stay_out,-6.979432640367317,18,0,stay_out,-6.979432640367317,18,False,0.0
1012,Monaco,2022,RUS,22,2,pit_medium,-8.356928479589822,18,0,stay_out,-8.026855325275728,18,True,0.33007315431409445
1012,Monaco,2022,RUS,23,0,stay_out,-4.167307652692804,17,0,stay_out,-16.263937652692803,17,False,-12.09663
1012,Monaco,2022,RUS,24,0,stay_out,-5.085229410157693,17,0,stay_out,-17.2493594101577,17,False,-12.164130000000009
1012,Monaco,2022,RUS,25,0,stay_out,-1.688114319403128,17,0,stay_out,-13.917044319403098,17,False,-12.22892999999997
1012,Monaco,2022,RUS,26,0,stay_out,-0.6161840713389113,17,0,stay_out,-12.907214071338936,17,False,-12.291030000000024
1012,Monaco,2022,RUS,27,0,stay_out,3.339259839109701,12,0,stay_out,-9.01117016089028,12,False,-12.350429999999982
1012,Monaco,2022,RUS,28,0,stay_out,31.99967238324094,1,1,pit_soft,57.56160142692188,1,True,25.56192904368094
1012,Monaco,2022,RUS,29,0,stay_out,0.0,1,0,stay_out,0.0,1,False,0.0
1012,Monaco,2022,RUS,30,0,stay_out,-0.0018298518788441,1,0,stay_out,0.0,1,False,0.0018298518788441
1012,Monaco,2022,RUS,31,0,stay_out,-0.0174803232541606,1,0,stay_out,-0.0106504713753167,1,False,0.006829851878843902
1012,Monaco,2022,RUS,32,0,stay_out,-0.0197979292517359,1,0,stay_out,-0.0089680773728929,1,False,0.010829851878842998
1012,Monaco,2022,RUS,33,0,stay_out,-0.1151662645422604,1,0,stay_out,-0.0101062596598112,1,False,0.1050600048824492
1012,Monaco,2022,RUS,34,0,stay_out,-0.1597802735081075,1,0,stay_out,-0.0260202686256576,1,False,0.1337600048824499
1012,Monaco,2022,RUS,35,0,stay_out,-0.2256473485806651,1,0,stay_out,-0.024387343698217,1,False,0.2012600048824481
1012,Monaco,2022,RUS,36,0,stay_out,-0.3607489318495055,1,0,stay_out,-0.0555889269670558,1,False,0.3051600048824497
1012,Monaco,2022,RUS,37,1,pit_soft,-4.899520419074836,1,0,stay_out,-0.0632270808590547,1,True,4.836293338215781
1012,Monaco,2022,RUS,38,0,stay_out,0.0,1,0,stay_out,-0.0866006313263497,1,False,-0.0866006313263497
1012,Monaco,2022,RUS,39,0,stay_out,-0.0019231491459066,1,0,stay_out,-0.0995237804722578,1,False,-0.09760063132635119
1012,Monaco,2022,RUS,40,0,stay_out,-0.0159706356298499,1,0,stay_out,-0.1235712669562005,1,False,-0.10760063132635062
1012,Monaco,2022,RUS,41,0,stay_out,-0.0246944174619912,1,0,stay_out,-0.1412950487883407,1,False,-0.11660063132634951
1012,Monaco,2022,RUS,42,0,stay_out,-0.016623674255652,1,2,pit_medium,-5.353190972248669,1,True,-5.3365672979930165
1012,Monaco,2022,RUS,43,0,stay_out,-0.0362857358706008,1,0,stay_out,-0.3658530338636169,1,False,-0.3295672979930161
1012,Monaco,2022,RUS,44,0,stay_out,-0.0285564964736494,1,0,stay_out,-0.3485231631403153,1,False,-0.3199666666666659
1012,Monaco,2022,RUS,45,0,stay_out,-0.0231630938534721,1,0,stay_out,-0.334129760520139,1,False,-0.3109666666666669
1012,Monaco,2022,RUS,46,0,stay_out,-0.0657794814129332,1,0,stay_out,-0.3667461480795992,1,False,-0.300966666666666
1012,Monaco,2022,RUS,47,0,stay_out,-0.076617641348821,1,0,stay_out,-0.3685843080154882,1,False,-0.2919666666666672
1012,Monaco,2022,RUS,48,0,stay_out,-0.1146203722026442,1,0,stay_out,-0.3985870388693101,1,False,-0.28396666666666587
1012,Monaco,2022,RUS,49,0,stay_out,-0.1279117191557418,1,0,stay_out,-0.404878385822407,1,False,-0.2769666666666652
1012,Monaco,2022,RUS,50,0,stay_out,-0.1256404306146606,1,0,stay_out,-0.396607097281327,1,False,-0.27096666666666636
1012,Monaco,2022,RUS,51,0,stay_out,-0.158582654480108,1,0,stay_out,-0.4245493211467746,1,False,-0.26596666666666663
1012,Monaco,2022,RUS,52,0,stay_out,-0.191790635710862,1,0,stay_out,-0.452757302377529,1,False,-0.260966666666667
1012,Monaco,2022,RUS,53,0,stay_out,-0.2955704563615001,1,0,stay_out,-0.5515371230281659,1,False,-0.25596666666666584
1012,Monaco,2022,RUS,54,0,stay_out,-0.3278959883368586,1,0,stay_out,-0.5788626550035246,1,False,-0.250966666666666
1012,Monaco,2022,RUS,55,0,stay_out,-0.3323848506153539,1,0,stay_out,-0.5783515172820203,1,False,-0.2459666666666664
1012,Monaco,2022,RUS,56,0,stay_out,-0.3510427058104384,1,0,stay_out,-0.5920093724771051,1,False,-0.24096666666666666
1012,Monaco,2022,RUS,57,0,stay_out,-0.3937573610388668,1,0,stay_out,-0.6297240277055338,1,False,-0.235966666666667
1012,Monaco,2022,RUS,58,0,stay_out,-0.3958599955139135,1,0,stay_out,-0.6268266621805794,1,False,-0.23096666666666588
1012,Monaco,2022,RUS,59,0,stay_out,-0.403469787305329,1,0,stay_out,-0.6294364539719951,1,False,-0.2259666666666661
1012,Monaco,2022,RUS,60,0,stay_out,-0.399356714499406,1,0,stay_out,-0.6203233811660724,1,False,-0.22096666666666642
1012,Monaco,2022,RUS,61,0,stay_out,-0.4143579512832403,1,0,stay_out,-0.630324617949907,1,False,-0.2159666666666667
1012,Monaco,2022,RUS,62,0,stay_out,24.543656536901423,1,0,stay_out,24.33268987023476,1,False,-0.21096666666666408
1013,Monza,2024,STR,0,0,stay_out,0.0,1,0,stay_out,0.0,1,False,0.0
1013,Monza,2024,STR,1,0,stay_out,-0.0345620412173957,1,0,stay_out,-0.0345620412173957,1,False,0.0
1013,Monza,2024,STR,2,0,stay_out,-0.0203215345436788,1,0,stay_out,-0.0203215345436788,1,False,0.0
1013,Monza,2024,STR,3,0,stay_out,-0.0314080362583695,1,0,stay_out,-0.0314080362583695,1,False,0.0
1013,Monza,2024,STR,4,0,stay_out,-0.0218255501841909,1,0,stay_out,-0.0218255501841909,1,False,0.0
1013,Monza,2024,STR,5,0,stay_out,-0.0371018789878704,1,0,stay_out,-0.0371018789878704,1,False,0.0
1013,Monza,2024,STR,6,0,stay_out,-0.0206624996784313,1,0,stay_out,-0.0206624996784313,1,False,0.0
1013,Monza,2024,STR,7,0,stay_out,-0.0037887319625312,1,0,stay_out,-0.0037887319625312,1,False,0.0
1013,Monza,2024,STR,8,0,stay_out,0.0,1,0,stay_out,0.0,1,False,0.0
1013,Monza,2024,STR,9,0,stay_out,-0.0129632877512804,1,0,stay_out,-0.0129632877512804,1,False,0.0
1013,Monza,2024,STR,10,0,stay_out,-0.0180192863194676,1,0,stay_out,-0.0180192863194676,1,False,0.0
1013,Monza,2024,STR,11,0,stay_out,-0.0173861227647321,1,0,stay_out,-0.0173861227647321,1,False,0.0
1013,Monza,2024,STR,12,0,stay_out,-0.0237171256231931,1,0,stay_out,-0.0237171256231931,1,False,0.0
1013,Monza,2024,STR,13,0,stay_out,-0.0242411873452411,1,0,stay_out,-0.0242411873452411,1,False,0.0
1013,Monza,2024,STR,14,0,stay_out,-0.0343982580409857,1,0,stay_out,-0.0343982580409857,1,False,0.0
1013,Monza,2024,STR,15,0,stay_out,-0.0335224199360723,1,0,stay_out,-0.0335224199360723,1,False,0.0
1013,Monza,2024,STR,16,0,stay_out,-0.0813692036097876,1,0,stay_out,-0.0813692036097876,1,False,0.0
1013,Monza,2024,STR,17,0,stay_out,-0.0812046685701219,1,0,stay_out,-0.0812046685701219,1,False,0.0
1013,Monza,2024,STR,18,0,stay_out,-0.1019687481628096,1,0,stay_out,-0.1019687481628096,1,False,0.0
1013,Monza,2024,STR,19,0,stay_out,-0.1214474651983792,1,1,pit_soft,-4.957849540670077,1,True,-4.836402075471698
1013,Monza,2024,STR,20,0,stay_out,-0.0966091597368589,1,0,stay_out,0.0,1,False,0.0966091597368589
1013,Monza,2024,STR,21,0,stay_out,-0.0948345991776321,1,0,stay_out,-0.0022254394407724,1,False,0.0926091597368597
1013,Monza,2024,STR,22,0,stay_out,-0.0888592213173666,1,0,stay_out,-0.001250061580508,1,False,0.0876091597368586
1013,Monza,2024,STR,23,0,stay_out,-0.1495599796621348,1,0,stay_out,-0.052331952000749,1,False,0.0972280276613858
1013,Monza,2024,STR,24,0,stay_out,-0.1206187110824998,1,0,stay_out,-0.0303906834211133,1,False,0.0902280276613865
1013,Monza,2024,STR,25,0,stay_out,-0.1283180885876987,1,0,stay_out,-0.0440825137565013,1,False,0.0842355748311974
1013,Monza,2024,STR,26,0,stay_out,-0.123356873651592,1,0,stay_out,-0.0501212988203946,1,False,0.07323557483119739
1013,Monza,2024,STR,27,0,stay_out,-0.1348813384400401,1,0,stay_out,-0.0746457636088422,1,False,0.0602355748311979
1013,Monza,2024,STR,28,0,stay_out,-0.1399876077263215,1,0,stay_out,-0.0751407121404057,1,False,0.06484689558591579
1013,Monza,2024,STR,29,0,stay_out,-0.1468484371617791,1,0,stay_out,-0.0970015415758624,1,False,0.04984689558591669
1013,Monza,2024,STR,30,0,stay_out,-0.1387608075851261,1,0,stay_out,-0.10391391199921,1,False,0.034846895585916096
1013,Monza,2024,STR,31,0,stay_out,-0.1571537617494144,1,0,stay_out,-0.1361455454087817,1,False,0.021008216340632685
1013,Monza,2024,STR,32,0,stay_out,-0.1523864521502602,1,0,stay_out,-0.1463782358096267,1,False,0.006008216340633504
1013,Monza,2024,STR,33,0,stay_out,-0.1497916968708637,1,0,stay_out,-0.1587834805302307,1,False,-0.008991783659367009
1013,Monza,2024,STR,34,0,stay_out,-0.1671216632385196,1,0,stay_out,-0.1547540129356221,1,False,0.012367650302897493
1013,Monza,2024,STR,35,0,stay_out,-0.1640683863538058,1,0,stay_out,-0.1667007360509089,1,False,-0.0026323496971031035
1013,Monza,2024,STR,36,0,stay_out,-0.1718389588961926,1,0,stay_out,-0.1894713085932963,1,False,-0.0176323496971037
1013,Monza,2024,STR,37,0,stay_out,-0.1967500343690872,1,0,stay_out,-0.22938238406619,1,False,-0.0326323496971028
1013,Monza,2024,STR,38,2,pit_medium,-5.117794499945173,1,0,stay_out,-0.2172219250224231,1,True,4.90057257492275
1013,Monza,2024,STR,39,0,stay_out,-0.1456310397776974,1,0,stay_out,-0.2495810397776964,1,False,-0.10394999999999902
1013,Monza,2024,STR,40,0,stay_out,-0.1643417826667956,1,0,stay_out,-0.2832917826667952,1,False,-0.11894999999999961
1013,Monza,2024,STR,41,0,stay_out,-0.1996986916634696,1,0,stay_out,-0.3336486916634698,1,False,-0.13395000000000018
1013,Monza,2024,STR,42,0,stay_out,-0.2008817934249308,1,0,stay_out,-0.34983179342493,1,False,-0.1489499999999992
1013,Monza,2024,STR,43,0,stay_out,-0.1490390804201226,1,0,stay_out,-0.3129890804201224,1,False,-0.16394999999999982
1013,Monza,2024,STR,44,0,stay_out,-0.1759339331272869,1,0,stay_out,-0.3548839331272859,1,False,-0.178949999999999
1013,Monza,2024,STR,45,0,stay_out,-0.1615451302887265,1,0,stay_out,-0.3554951302887261,1,False,-0.1939499999999996
1013,Monza,2024,STR,46,0,stay_out,-0.1667262604993681,1,0,stay_out,-0.3756762604993682,1,False,-0.2089500000000001
1013,Monza,2024,STR,47,0,stay_out,-0.1646581171556264,1,0,stay_out,-0.3886081171556256,1,False,-0.2239499999999992
1013,Monza,2024,STR,48,0,stay_out,-0.1786905575133204,1,0,stay_out,-0.4176405575133202,1,False,-0.23894999999999977
1013,Monza,2024,STR,49,0,stay_out,-0.2013612621949434,1,0,stay_out,-0.4472772999307907,1,False,-0.24591603773584728
1013,Monza,2024,STR,50,0,stay_out,-0.2354733032661599,1,0,stay_out,-0.4763817938321963,1,False,-0.24090849056603642
1013,Monza,2024,STR,51,0,stay_out,24.71675801381586,1,0,stay_out,24.489453296834725,1,False,-0.2273047169811342
1014,Silverstone,2023,ALB,0,0,stay_out,0.0,1,0,stay_out,0.0,1,False,0.0
1014,Silverstone,2023,ALB,1,0,stay_out,0.0,1,0,stay_out,0.0,1,False,0.0
1014,Silverstone,2023,ALB,2,0,stay_out,-0.0100933967122671,1,0,stay_out,-0.0100933967122671,1,False,0.0
1014,Silverstone,2023,ALB,3,0,stay_out,0.0,1,0,stay_out,0.0,1,False,0.0
1014,Silverstone,2023,ALB,4,0,stay_out,-0.0399706231319768,1,0,stay_out,-0.0399706231319768,1,False,0.0
1014,Silverstone,2023,ALB,5,0,stay_out,-0.0206072224764938,1,0,stay_out,-0.0206072224764938,1,False,0.0
1014,Silverstone,2023,ALB,6,0,stay_out,-0.0320161636502348,1,0,stay_out,-0.0320161636502348,1,False,0.0
1014,Silverstone,2023,ALB,7,0,stay_out,-0.00125824996162,1,0,stay_out,-0.00125824996162,1,False,0.0
1014,Silverstone,2023,ALB,8,0,stay_out,-0.0185746709573521,1,0,stay_out,-0.0185746709573521,1,False,0.0
1014,Silverstone,2023,ALB,9,0,stay_out,-0.032641781844272,1,0,stay_out,-0.032641781844272,1,False,0.0
1014,Silverstone,2023,ALB,10,0,stay_out,-0.03499828171405,1,0,stay_out,-0.03499828171405,1,False,0.0
1014,Silverstone,2023,ALB,11,0,stay_out,-0.0137631041312189,1,0,stay_out,-0.0137631041312189,1,False,0.0
1014,Silverstone,2023,ALB,12,0,stay_out,-0.0242235075633274,1,0,stay_out,-0.0242235075633274,1,False,0.0
1014,Silverstone,2023,ALB,13,0,stay_out,-0.0221201502249911,1,0,stay_out,-0.0221201502249911,1,False,0.0
1014,Silverstone,2023,ALB,14,0,stay_out,-0.0256348100281286,1,1,pit_soft,-21.072485554322792,14,True,-21.046850744294662
1014,Silverstone,2023,ALB,15,0,stay_out,-0.014933351418648,1,0,stay_out,1.0837814718491472,13,False,1.0987148232677952
1014,Silverstone,2023,ALB,16,0,stay_out,-0.0363097221528718,1,0,stay_out,1.0314287303807037,12,False,1.0677384525335756
1014,Silverstone,2023,ALB,17,0,stay_out,-0.0207387189398232,1,0,stay_out,1.1014761043279575,11,False,1.1222148232677807
1014,Silverstone,2023,ALB,18,0,stay_out,-0.021405164804122,1,0,stay_out,0.0158432125993655,11,False,0.0372483774034875
1014,Silverstone,2023,ALB,19,0,stay_out,-0.0414639098859552,1,0,stay_out,0.9756257224356888,10,False,1.017089632321644
1014,Silverstone,2023,ALB,20,0,stay_out,-0.0247640954691405,1,0,stay_out,0.0780253512693107,10,False,0.10278944673845121
1014,Silverstone,2023,ALB,21,0,stay_out,-0.0394595574516046,1,0,stay_out,-0.0225655726955992,10,False,0.0168939847560054
1014,Silverstone,2023,ALB,22,0,stay_out,-0.0084171499558109,1,0,stay_out,1.0273192422959851,9,False,1.0357363922517961
1014,Silverstone,2023,ALB,23,0,stay_out,-0.0376577840703646,1,0,stay_out,-0.0166620259331196,9,False,0.020995758137245003
1014,Silverstone,2023,ALB,24,0,stay_out,-0.0497456980295936,1,0,stay_out,0.8379236846099332,8,False,0.8876693826395268
1014,Silverstone,2023,ALB,25,0,stay_out,-0.0424613683661121,1,0,stay_out,1.8386923439369027,6,False,1.8811537123030149
1014,Silverstone,2023,ALB,26,0,stay_out,-0.0352527009370234,1,0,stay_out,-0.0391903212049001,6,False,-0.003937620267876696
1014,Silverstone,2023,ALB,27,0,stay_out,-0.0553304287057429,1,0,stay_out,0.9467014997990404,5,False,1.0020319285047834
1014,Silverstone,2023,ALB,28,0,stay_out,-0.09063431979352,1,0,stay_out,0.8423167945465082,4,False,0.9329511143400282
1014,Silverstone,2023,ALB,29,0,stay_out,-0.1132415442073167,1,2,pit_medium,-23.555722053224045,18,True,-23.44248050901673
1014,Silverstone,2023,ALB,30,0,stay_out,-7.778253638571713,3,0,stay_out,-6.7959757625737325,18,False,0.9822778759979807
1014,Silverstone,2023,ALB,31,3,pit_hard,-16.51974018112888,7,0,stay_out,-1.8400459309706816,16,True,14.6796942501582
1014,Silverstone,2023,ALB,32,0,stay_out,7.533013337516179,2,0,stay_out,6.399122233188235,12,False,-1.1338911043279438
1014,Silverstone,2023,ALB,33,0,stay_out,-2.328782657218708,1,0,stay_out,-4.003080311516422,15,False,-1.6742976542977144
1014,Silverstone,2023,ALB,34,0,stay_out,-3.243438790540812,1,0,stay_out,5.789231314590413,8,False,9.032670105131226
1014,Silverstone,2023,ALB,35,0,stay_out,-3.2698054634521614,1,1,pit_soft,-17.00265738571845,15,True,-13.732851922266288
1014,Silverstone,2023,ALB,36,0,stay_out,-3.2857680164125926,1,0,stay_out,7.225202862846861,6,False,10.510970879259453
1014,Silverstone,2023,ALB,37,0,stay_out,-0.145792275603921,1,0,stay_out,0.8431154487921659,5,False,0.9889077243960869
1014,Silverstone,2023,ALB,38,0,stay_out,-0.1881926859798284,1,2,pit_medium,-39.90633284782575,15,True,-39.71814016184592
1014,Silverstone,2023,ALB,39,0,stay_out,-0.1833587325657873,1,0,stay_out,-0.3634174651315789,15,False,-0.1800587325657916
1014,Silverstone,2023,ALB,40,0,stay_out,-0.1583561522345888,1,0,stay_out,-0.2613123044691633,15,False,-0.10295615223457452
1014,Silverstone,2023,ALB,41,0,stay_out,-0.2081120903081768,1,0,stay_out,-0.3655241806163247,15,False,-0.1574120903081479
1014,Silverstone,2023,ALB,42,0,stay_out,-0.1982739542689486,1,0,stay_out,-0.2884479085379226,15,False,-0.09017395426897404
1014,Silverstone,2023,ALB,43,0,stay_out,-0.2043621755139881,1,0,stay_out,-0.2945243510279866,15,False,-0.09016217551399847
1014,Silverstone,2023,ALB,44,0,stay_out,-0.2096044572450523,1,0,stay_out,0.7159910855099242,14,False,0.9255955427549765
1014,Silverstone,2023,ALB,45,0,stay_out,-0.2065302302332085,1,0,stay_out,-0.2727604604664321,14,False,-0.06623023023322361
1014,Silverstone,2023,ALB,46,0,stay_out,-0.2488827532687565,1,0,stay_out,-0.3722655065375492,14,False,-0.1233827532687927
1014,Silverstone,2023,ALB,47,0,stay_out,-0.2134923748695001,1,0,stay_out,-0.2631847497390723,14,False,-0.0496923748695722
1014,Silverstone,2023,ALB,48,0,stay_out,-0.234156258776072,1,0,stay_out,-0.259512517552102,14,False,-0.025356258776029983
1014,Silverstone,2023,ALB,49,0,stay_out,-0.2627664862016985,1,0,stay_out,-0.3494329724033335,14,False,-0.08666648620163497
1014,Silverstone,2023,ALB,50,0,stay_out,24.745778979171256,1,0,stay_out,-0.3567420416575431,14,False,-25.1025210208288
1015,Silverstone,2023,HAM,0,0,stay_out,0.0,1,0,stay_out,0.0,1,False,0.0
1015,Silverstone,2023,HAM,1,0,stay_out,-0.0122994189941891,1,0,stay_out,-0.0122994189941891,1,False,0.0
1015,Silverstone,2023,HAM,2,0,stay_out,0.0,1,0,stay_out,0.0,1,False,0.0
1015,Silverstone,2023,HAM,3,0,stay_out,-0.0056655559154648,1,0,stay_out,-0.0056655559154648,1,False,0.0
1015,Silverstone,2023,HAM,4,0,stay_out,-0.0122619470565709,1,0,stay_out,-0.0122619470565709,1,False,0.0
1015,Silverstone,2023,HAM,5,0,stay_out,0.0,1,0,stay_out,0.0,1,False,0.0
1015,Silverstone,2023,HAM,6,0,stay_out,-0.012731729139989,1,0,stay_out,-0.012731729139989,1,False,0.0
1015,Silverstone,2023,HAM,7,0,stay_out,-0.0225886005561164,1,0,stay_out,-0.0225886005561164,1,False,0.0
1015,Silverstone,2023,HAM,8,0,stay_out,-0.0305411094436337,1,0,stay_out,-0.0305411094436337,1,False,0.0
1015,Silverstone,2023,HAM,9,0,stay_out,-0.0330014427464149,1,0,stay_out,-0.0330014427464149,1,False,0.0
1015,Silverstone,2023,HAM,10,0,stay_out,-0.0228485235362853,1,0,stay_out,-0.0228485235362853,1,False,0.0
1015,Silverstone,2023,HAM,11,0,stay_out,-0.0228875710539256,1,0,stay_out,-0.0228875710539256,1,False,0.0
1015,Silverstone,2023,HAM,12,0,stay_out,-0.0578443553551508,1,0,stay_out,-0.0578443553551508,1,False,0.0
1015,Silverstone,2023,HAM,13,0,stay_out,-0.0338221954092759,1,0,stay_out,-0.0338221954092759,1,False,0.0
1015,Silverstone,2023,HAM,14,0,stay_out,-0.0629357886229698,1,1,pit_soft,-20.05348791348213,13,True,-19.99055212485916
1015,Silverstone,2023,HAM,15,0,stay_out,-0.0447042197773939,1,0,stay_out,1.0790447636757563,12,False,1.1237489834531502
1015,Silverstone,2023,HAM,16,0,stay_out,-0.0574770211572683,1,0,stay_out,0.0966719622958862,12,False,0.1541489834531545
1015,Silverstone,2023,HAM,17,0,stay_out,-0.0386014429277267,1,0,stay_out,1.0986475405254168,11,False,1.1372489834531434
1015,Silverstone,2023,HAM,18,0,stay_out,-0.0792328604006584,1,0,stay_out,0.933084705579563,10,False,1.0123175659802215
1015,Silverstone,2023,HAM,19,0,stay_out,-0.0233206095751455,1,0,stay_out,0.0648092072305687,10,False,0.08812981680571419
1015,Silverstone,2023,HAM,20,0,stay_out,-0.0523756403816634,1,0,stay_out,0.9556991456175538,9,False,1.0080747859992172
1015,Silverstone,2023,HAM,21,0,stay_out,-0.0520491761103045,1,0,stay_out,-0.0148479258397301,9,False,0.0372012502705744
1015,Silverstone,2023,HAM,22,0,stay_out,-0.0420064794138141,1,0,stay_out,0.993037467553218,8,False,1.035043946967032
1015,Silverstone,2023,HAM,23,0,stay_out,-0.0503213732103162,1,0,stay_out,0.9909076799602444,7,False,1.0412290531705606
1015,Silverstone,2023,HAM,24,0,stay_out,-0.0527597106002886,1,0,stay_out,-0.1352074563582007,7,False,-0.0824477457579121
1015,Silverstone,2023,HAM,25,0,stay_out,-0.049967679421978,1,0,stay_out,1.85657660599846,5,False,1.9065442854204382
1015,Silverstone,2023,HAM,26,0,stay_out,-0.0363131339981492,1,0,stay_out,-0.0084143031539014,5,False,0.0278988308442478
1015,Silverstone,2023,HAM,27,0,stay_out,-0.0487604248119609,1,0,stay_out,0.9626700713891524,4,False,1.0114304962011134
1015,Silverstone,2023,HAM,28,0,stay_out,-0.1167347496651444,1,0,stay_out,0.7929444986058072,3,False,0.9096792482709516
1015,Silverstone,2023,HAM,29,0,stay_out,-0.1536901147900821,1,2,pit_medium,-24.633790630587058,18,True,-24.480100515796977
1015,Silverstone,2023,HAM,30,0,stay_out,-7.7944324864756815,3,0,stay_out,-6.7795354662807465,18,False,1.014897020194935
1015,Silverstone,2023,HAM,31,3,pit_hard,-15.57816708162726,6,0,stay_out,-1.8956442676665175,16,True,13.682522813960743
1015,Silverstone,2023,HAM,32,0,stay_out,6.554936293284492,2,0,stay_out,5.423873752759093,13,False,-1.1310625405253996
1015,Silverstone,2023,HAM,33,0,stay_out,-2.24843424153823,1,0,stay_out,-3.9220282893813976,16,False,-1.6735940478431677
1015,Silverstone,2023,HAM,34,0,stay_out,-3.2762309512649868,1,0,stay_out,5.726475556944634,9,False,9.00270650820962
1015,Silverstone,2023,HAM,35,0,stay_out,-3.2668980412287496,1,0,stay_out,5.452129013120352,1,False,8.719027054349102
1015,Silverstone,2023,HAM,36,0,stay_out,-3.282298006969282,1,0,stay_out,-3.337153047494695,1,False,-0.054855040525413123
1015,Silverstone,2023,HAM,37,0,stay_out,-0.1661447580601844,1,0,stay_out,-0.1985947580601831,1,False,-0.0324499999999987
1015,Silverstone,2023,HAM,38,0,stay_out,-0.1599079820170885,1,0,stay_out,-0.1883579820170879,1,False,-0.028449999999999392
1015,Silverstone,2023,HAM,39,0,stay_out,-0.1951526546256744,1,0,stay_out,-0.2186026546256741,1,False,-0.023449999999999693
1015,Silverstone,2023,HAM,40,0,stay_out,-0.1787618670612303,1,0,stay_out,-0.1962118670612298,1,False,-0.01744999999999952
1015,Silverstone,2023,HAM,41,0,stay_out,-0.1967723610918753,1,0,stay_out,-0.2082223610918745,1,False,-0.01144999999999921
1015,Silverstone,2023,HAM,42,0,stay_out,-0.2148630154742392,1,0,stay_out,-0.2203130154742382,1,False,-0.005449999999999011
1015,Silverstone,2023,HAM,43,0,stay_out,-0.1970109763251287,1,0,stay_out,-0.2091955917097422,1,False,-0.01218461538461349
1015,Silverstone,2023,HAM,44,0,stay_out,-0.2162672225531935,1,0,stay_out,-0.2246479917839622,1,False,-0.008380769230768692
1015,Silverstone,2023,HAM,45,0,stay_out,-0.2214728304018933,1,0,stay_out,-0.2238535996326632,1,False,-0.002380769230769908
1015,Silverstone,2023,HAM,46,0,stay_out,-0.2163467796816348,1,0,stay_out,-0.2127275489124045,1,False,0.0036192307692302916
1015,Silverstone,2023,HAM,47,0,stay_out,-0.2309056749437175,1,0,stay_out,-0.2212864441744869,1,False,0.009619230769230602
1015,Silverstone,2023,HAM,48,0,stay_out,-0.2046774384880734,1,0,stay_out,-0.1890582077188426,1,False,0.015619230769230802
1015,Silverstone,2023,HAM,49,0,stay_out,-0.2282561370733503,1,0,stay_out,-0.2066369063041193,1,False,0.021619230769231
1015,Silverstone,2023,HAM,50,0,stay_out,24.74881164730595,1,0,stay_out,24.77643087807518,1,False,0.02761923076922912
1016,Silverstone,2023,LEC,0,0,stay_out,0.0,1,0,stay_out,0.0,1,False,0.0
1016,Silverstone,2023,LEC,1,0,stay_out,0.0,1,0,stay_out,0.0,1,False,0.0
1016,Silverstone,2023,LEC,2,0,stay_out,0.0,1,0,stay_out,0.0,1,False,0.0
1016,Silverstone,2023,LEC,3,0,stay_out,0.0,1,0,stay_out,0.0,1,False,0.0
1016,Silverstone,2023,LEC,4,0,stay_out,-0.0020813947882786,1,0,stay_out,-0.0020813947882786,1,False,0.0
1016,Silverstone,2023,LEC,5,0,stay_out,-0.039285967289328,1,0,stay_out,-0.039285967289328,1,False,0.0
1016,Silverstone,2023,LEC,6,0,stay_out,-0.021359757029613,1,0,stay_out,-0.021359757029613,1,False,0.0
1016,Silverstone,2023,LEC,7,0,stay_out,-0.0009700245938972,1,0,stay_out,-0.0009700245938972,1,False,0.0
1016,Silverstone,2023,LEC,8,0,stay_out,0.0,1,0,stay_out,0.0,1,False,0.0
1016,Silverstone,2023,LEC,9,0,stay_out,-0.0196950624689193,1,0,stay_out,-0.0196950624689193,1,False,0.0
1016,Silverstone,2023,LEC,10,0,stay_out,-0.0355060716929571,1,0,stay_out,-0.0355060716929571,1,False,0.0
1016,Silverstone,2023,LEC,11,0,stay_out,-0.0312255298405219,1,0,stay_out,-0.0312255298405219,1,False,0.0
1016,Silverstone,2023,LEC,12,0,stay_out,-0.0234547307818999,1,0,stay_out,-0.0234547307818999,1,False,0.0
1016,Silverstone,2023,LEC,13,0,stay_out,-0.0374182115626609,1,0,stay_out,-0.0374182115626609,1,False,0.0
1016,Silverstone,2023,LEC,14,0,stay_out,-0.0454677172673172,1,1,pit_soft,-21.13259008637641,14,True,-21.087122369109093
1016,Silverstone,2023,LEC,15,0,stay_out,-0.0596856530665519,1,0,stay_out,1.0340030787873502,13,False,1.0936887318539021
1016,Silverstone,2023,LEC,16,0,stay_out,-0.0289289963992757,1,0,stay_out,1.075014619290414,12,False,1.1039436156896896
1016,Silverstone,2023,LEC,17,0,stay_out,-0.0533646484626388,1,0,stay_out,0.0736789672270333,12,False,0.1270436156896721
1016,Silverstone,2023,LEC,18,0,stay_out,-0.0396888297233928,1,0,stay_out,0.0167306047055419,12,False,0.0564194344289347
1016,Silverstone,2023,LEC,19,0,stay_out,-0.0476464819530946,1,0,stay_out,1.0207153002461269,11,False,1.0683617821992215
1016,Silverstone,2023,LEC,20,0,stay_out,-0.068216755807208,1,0,stay_out,-0.0514252474621088,11,False,0.016791508345099196
1016,Silverstone,2023,LEC,21,0,stay_out,-0.025773558822685,1,0,stay_out,1.042261146506938,10,False,1.068034705329623
1016,Silverstone,2023,LEC,22,0,stay_out,-0.0474023793009834,1,0,stay_out,0.006803505550333,10,False,0.0542058848513164
1016,Silverstone,2023,LEC,23,0,stay_out,-0.0014101204262786,1,0,stay_out,1.081333495263425,9,False,1.0827436156897037
1016,Silverstone,2023,LEC,24,0,stay_out,-0.0311069299670307,1,0,stay_out,-0.079298585356598,9,False,-0.04819165538956731
1016,Silverstone,2023,LEC,25,0,stay_out,-0.0301119827138933,1,0,stay_out,1.888891309149696,7,False,1.9190032918635893
1016,Silverstone,2023,LEC,26,0,stay_out,-0.0324815757344154,1,0,stay_out,-0.1081478768913157,7,False,-0.0756663011569003
1016,Silverstone,2023,LEC,27,0,stay_out,-0.0685984037227626,1,0,stay_out,0.8360081588295671,6,False,0.9046065625523297
1016,Silverstone,2023,LEC,28,0,stay_out,-0.1305732527164437,1,0,stay_out,0.6709150330286378,5,False,0.8014882857450815
1016,Silverstone,2023,LEC,29,0,stay_out,-0.1046849553355485,1,0,stay_out,-0.2489852952864922,5,False,-0.14430033995094368
1016,Silverstone,2023,LEC,30,0,stay_out,-8.842313637741292,4,0,stay_out,-11.872584531699117,10,False,-3.030270893957825
1016,Silverstone,2023,LEC,31,3,pit_hard,-15.784744162394658,7,0,stay_out,-4.129783807908483,10,True,11.654960354486175
1016,Silverstone,2023,LEC,32,0,stay_out,6.566847457737083,3,0,stay_out,5.273222457737051,7,False,-1.2936250000000324
1016,Silverstone,2023,LEC,33,0,stay_out,-1.1031110929732706,1,0,stay_out,3.957798567452441,1,False,5.060909660425711
1016,Silverstone,2023,LEC,34,0,stay_out,-3.289263651812222,1,0,stay_out,-3.430676151812221,1,False,-0.14141249999999905
1016,Silverstone,2023,LEC,35,0,stay_out,-3.271842627965073,1,0,stay_out,-3.409205127965073,1,False,-0.1373624999999996
1016,Silverstone,2023,LEC,36,0,stay_out,-3.281625158963495,1,0,stay_out,-3.414937658963494,1,False,-0.13331249999999928
1016,Silverstone,2023,LEC,37,0,stay_out,-0.1414082363724532,1,0,stay_out,-0.2361582363724522,1,False,-0.094749999999999
1016,Silverstone,2023,LEC,38,0,stay_out,-0.1794363430026749,1,0,stay_out,-0.2707440353103664,1,False,-0.09130769230769151
1016,Silverstone,2023,LEC,39,0,stay_out,-0.1649789164140742,1,0,stay_out,-0.251844301029459,1,False,-0.08686538461538479
1016,Silverstone,2023,LEC,40,0,stay_out,-0.1610516833148068,1,0,stay_out,-0.2424747602378829,1,False,-0.0814230769230761
1016,Silverstone,2023,LEC,41,0,stay_out,-0.1798589624284872,1,0,stay_out,-0.2558397316592561,1,False,-0.07598076923076891
1016,Silverstone,2023,LEC,42,0,stay_out,-0.220163231120776,1,0,stay_out,-0.2907016926592362,1,False,-0.07053846153846019
1016,Silverstone,2023,LEC,43,0,stay_out,-0.2021754691263908,1,0,stay_out,-0.2672716229725438,1,False,-0.065096153846153
1016,Silverstone,2023,LEC,44,0,stay_out,-0.2088111445509696,1,0,stay_out,-0.268464990704814,1,False,-0.05965384615384439
1016,Silverstone,2023,LEC,45,0,stay_out,-0.2368416170752681,1,0,stay_out,-0.2910531555368067,1,False,-0.054211538461538616
1016,Silverstone,2023,LEC,46,0,stay_out,-0.1949321966518553,1,0,stay_out,-0.2437014274210852,1,False,-0.0487692307692299
1016,Silverstone,2023,LEC,47,0,stay_out,-0.2381614975181847,1,0,stay_out,-0.2814884205951074,1,False,-0.043326923076922735
1016,Silverstone,2023,LEC,48,0,stay_out,-0.2154578214863264,1,0,stay_out,-0.2533424368709419,1,False,-0.03788461538461549
1016,Silverstone,2023,LEC,49,0,stay_out,-0.2529436504829007,1,0,stay_out,-0.2853859581752075,1,False,-0.03244230769230683
1016,Silverstone,2023,LEC,50,0,stay_out,24.76194299465784,1,0,stay_out,24.734942994657843,1,False,-0.02699999999999747
1017,Silverstone,2022,STR,0,0,stay_out,0.0,1,0,stay_out,0.0,1,False,0.0
1017,Silverstone,2022,STR,1,0,stay_out,-0.0344760878464043,1,0,stay_out,-0.0344760878464043,1,False,0.0
1017,Silverstone,2022,STR,2,0,stay_out,-0.0392827325858618,1,0,stay_out,-0.0392827325858618,1,False,0.0
1017,Silverstone,2022,STR,3,0,stay_out,-0.0413390533108525,1,0,stay_out,-0.0413390533108525,1,False,0.0
1017,Silverstone,2022,STR,4,0,stay_out,-0.0126981782644548,1,0,stay_out,-0.0126981782644548,1,False,0.0
1017,Silverstone,2022,STR,5,0,stay_out,-0.0453094886383041,1,0,stay_out,-0.0453094886383041,1,False,0.0
1017,Silverstone,2022,STR,6,0,stay_out,-0.0139047234311249,1,0,stay_out,-0.0139047234311249,1,False,0.0
1017,Silverstone,2022,STR,7,0,stay_out,-0.0390187888862811,1,0,stay_out,-0.0390187888862811,1,False,0.0
1017,Silverstone,2022,STR,8,0,stay_out,-0.1167853347578997,1,0,stay_out,-0.1167853347578997,1,False,0.0
1017,Silverstone,2022,STR,9,0,stay_out,-0.118182643701968,1,1,pit_soft,-4.900642259086583,1,True,-4.782459615384615
1017,Silverstone,2022,STR,10,0,stay_out,-0.1076185334048247,1,0,stay_out,0.0,1,False,0.1076185334048247
1017,Silverstone,2022,STR,11,0,stay_out,-0.1492389489830174,1,0,stay_out,-0.0325204155781918,1,False,0.1167185334048256
1017,Silverstone,2022,STR,12,0,stay_out,-0.1269491074837333,1,0,stay_out,-0.0152305740789088,1,False,0.11171853340482452
1017,Silverstone,2022,STR,13,0,stay_out,-0.1617287333571468,1,0,stay_out,-0.0398101999523234,1,False,0.12191853340482339
1017,Silverstone,2022,STR,14,0,stay_out,-0.1754079191568962,1,0,stay_out,-0.0535893857520719,1,False,0.12181853340482432
1017,Silverstone,2022,STR,15,0,stay_out,-0.1388363904599657,1,0,stay_out,-0.0260178570551417,1,False,0.112818533404824
1017,Silverstone,2022,STR,16,0,stay_out,-0.1577277110862354,1,0,stay_out,-0.0506091776814116,1,False,0.1071185334048238
1017,Silverstone,2022,STR,17,0,stay_out,-0.1693981414814558,1,0,stay_out,-0.0424796080766313,1,False,0.1269185334048245
1017,Silverstone,2022,STR,18,0,stay_out,-0.2022596196576984,1,0,stay_out,-0.0903410862528744,1,False,0.111918533404824
1017,Silverstone,2022,STR,19,0,stay_out,-0.2064040098257933,1,0,stay_out,-0.1094854764209685,1,False,0.0969185334048248
1017,Silverstone,2022,STR,20,0,stay_out,-0.2091154041390467,1,0,stay_out,-0.1114968707342228,1,False,0.09761853340482389
1017,Silverstone,2022,STR,21,0,stay_out,-0.2301405906619393,1,0,stay_out,-0.147522057257116,1,False,0.08261853340482328
1017,Silverstone,2022,STR,22,0,stay_out,-0.2229562095939158,1,0,stay_out,-0.1553376761890916,1,False,0.06761853340482418
1017,Silverstone,2022,STR,23,0,stay_out,-0.2065024726855767,1,0,stay_out,-0.1538839392807531,1,False,0.052618533404823586
1017,Silverstone,2022,STR,24,0,stay_out,-0.2223303594485074,1,0,stay_out,-0.1847118260436829,1,False,0.03761853340482452
1017,Silverstone,2022,STR,25,0,stay_out,-0.2713303291049655,1,0,stay_out,-0.2317899444895815,1,False,0.039540384615384006
1017,Silverstone,2022,STR,26,0,stay_out,-0.2398817377785846,1,0,stay_out,-0.2153413531632012,1,False,0.02454038461538341
1017,Silverstone,2022,STR,27,0,stay_out,-0.2495937057257279,1,0,stay_out,-0.2400533211103436,1,False,0.009540384615384284
1017,Silverstone,2022,STR,28,0,stay_out,-0.2481068434668728,1,0,stay_out,-0.2535664588514891,1,False,-0.005459615384616284
1017,Silverstone,2022,STR,29,0,stay_out,-0.2566604350972682,1,0,stay_out,-0.2771200504818836,1,False,-0.02045961538461538
1017,Silverstone,2022,STR,30,0,stay_out,-0.281785155611982,1,0,stay_out,-0.317244770996598,1,False,-0.035459615384616006
1017,Silverstone,2022,STR,31,0,stay_out,-0.2469016463317331,1,0,stay_out,-0.2973612617163496,1,False,-0.05045961538461649
1017,Silverstone,2022,STR,32,0,stay_out,-0.2757354792601461,1,0,stay_out,-0.3393328350293771,1,False,-0.06359735576923103
1017,Silverstone,2022,STR,33,0,stay_out,-0.2776894345117071,1,0,stay_out,-0.354424530665554,1,False,-0.07673509615384694
1017,Silverstone,2022,STR,34,0,stay_out,-0.290828393345835,1,0,stay_out,-0.3807012298842963,1,False,-0.08987283653846129
1017,Silverstone,2022,STR,35,0,stay_out,-0.3021176827430864,1,0,stay_out,-0.405128259666165,1,False,-0.10301057692307858
1017,Silverstone,2022,STR,36,0,stay_out,-3.6820393017444406,1,0,stay_out,-3.8388395301098273,1,False,-0.15680022836538665
1017,Silverstone,2022,STR,37,0,stay_out,-3.636089257783016,1,0,stay_out,-3.8106254356676335,1,False,-0.1745361778846175
1017,Silverstone,2022,STR,38,0,stay_out,-3.6524866380974794,1,0,stay_out,-3.844758765501327,1,False,-0.19227212740384747
1017,Silverstone,2022,STR,39,0,stay_out,-3.67263186387958,1,0,stay_out,-3.882639940802661,1,False,-0.210008076923081
1017,Silverstone,2022,STR,40,0,stay_out,-3.698494899801288,1,0,stay_out,-3.9262389262435975,1,False,-0.22774402644230962
1017,Silverstone,2022,STR,41,0,stay_out,-0.3894391479856154,1,0,stay_out,-0.5712761672163865,1,False,-0.1818370192307711
1017,Silverstone,2022,STR,42,0,stay_out,-0.4034122794979637,1,0,stay_out,-0.5983870391133493,1,False,-0.19497475961538563
1017,Silverstone,2022,STR,43,0,stay_out,-0.4200392605503737,1,0,stay_out,-0.6281517605503751,1,False,-0.20811250000000142
1017,Silverstone,2022,STR,44,0,stay_out,-0.3968197333625014,1,0,stay_out,-0.6180699737471174,1,False,-0.22125024038461594
1017,Silverstone,2022,STR,45,0,stay_out,-0.4152414406721633,1,0,stay_out,-0.6496294214413951,1,False,-0.23438798076923184
1017,Silverstone,2022,STR,46,0,stay_out,-0.408805239353569,1,0,stay_out,-0.6563309605074168,1,False,-0.2475257211538478
1017,Silverstone,2022,STR,47,0,stay_out,-0.3926167701194188,1,0,stay_out,-0.653280231657881,1,False,-0.26066346153846215
1017,Silverstone,2022,STR,48,0,stay_out,-0.3937500042233139,1,0,stay_out,-0.667551206146392,1,False,-0.27380120192307805
1017,Silverstone,2022,STR,49,0,stay_out,-0.4104500961307082,1,0,stay_out,-0.6973890384384007,1,False,-0.2869389423076925
1017,Silverstone,2022,STR,50,0,stay_out,-125.45667653587677,1,0,stay_out,24.243246781430923,1,False,149.69992331730768
1018,Silverstone,2022,RIC,0,0,stay_out,0.0,1,0,stay_out,0.0,1,False,0.0
1018,Silverstone,2022,RIC,1,0,stay_out,0.0,1,0,stay_out,0.0,1,False,0.0
1018,Silverstone,2022,RIC,2,0,stay_out,-0.0209057738036165,1,0,stay_out,-0.0209057738036165,1,False,0.0
1018,Silverstone,2022,RIC,3,0,stay_out,-0.0132746495342289,1,0,stay_out,-0.0132746495342289,1,False,0.0
1018,Silverstone,2022,RIC,4,0,stay_out,-0.0198125247669452,1,0,stay_out,-0.0198125247669452,1,False,0.0
1018,Silverstone,2022,RIC,5,0,stay_out,-0.0123387637534818,1,0,stay_out,-0.0123387637534818,1,False,0.0
1018,Silverstone,2022,RIC,6,0,stay_out,-0.0589758084209989,1,0,stay_out,-0.0589758084209989,1,False,0.0
1018,Silverstone,2022,RIC,7,0,stay_out,-0.0457023535300791,1,0,stay_out,-0.0457023535300791,1,False,0.0
1018,Silverstone,2022,RIC,8,0,stay_out,-0.1267759899294944,1,0,stay_out,-0.1267759899294944,1,False,0.0
1018,Silverstone,2022,RIC,9,0,stay_out,-0.1345974369006214,1,1,pit_soft,-4.917057052285237,1,True,-4.7824596153846155
1018,Silverstone,2022,RIC,10,0,stay_out,-0.1125647800931474,1,0,stay_out,0.0,1,False,0.1125647800931474
1018,Silverstone,2022,RIC,11,0,stay_out,-0.1432726458369004,1,0,stay_out,-0.021607865743752,1,False,0.12166478009314838
1018,Silverstone,2022,RIC,12,0,stay_out,-0.1167793606003471,1,0,stay_out,-0.0001145805071999,1,False,0.11666478009314721
1018,Silverstone,2022,RIC,13,0,stay_out,-0.1401168340710185,1,0,stay_out,-0.0132520539778724,1,False,0.12686478009314608
1018,Silverstone,2022,RIC,14,0,stay_out,-0.1652779067430557,1,0,stay_out,-0.0385131266499087,1,False,0.126764780093147
1018,Silverstone,2022,RIC,15,0,stay_out,-0.1234474138082788,1,0,stay_out,-0.0056826337151321,1,False,0.1177647800931467
1018,Silverstone,2022,RIC,16,0,stay_out,-0.1616736037798588,1,0,stay_out,-0.0496088236867123,1,False,0.1120647800931465
1018,Silverstone,2022,RIC,17,0,stay_out,-0.2091027421527542,1,0,stay_out,-0.0772379620596069,1,False,0.1318647800931473
1018,Silverstone,2022,RIC,18,0,stay_out,-0.2080827459069411,1,0,stay_out,-0.0912179658137944,1,False,0.11686478009314669
1018,Silverstone,2022,RIC,19,0,stay_out,-0.2044433100126539,1,0,stay_out,-0.1025785299195064,1,False,0.10186478009314749
1018,Silverstone,2022,RIC,20,0,stay_out,-0.1929234909264977,1,0,stay_out,-0.0903587108333511,1,False,0.10256478009314658
1018,Silverstone,2022,RIC,21,0,stay_out,-0.2138003350415786,1,0,stay_out,-0.1262355549484326,1,False,0.087564780093146
1018,Silverstone,2022,RIC,22,0,stay_out,-0.2173380736763761,1,0,stay_out,-0.1447732935832291,1,False,0.07256478009314699
1018,Silverstone,2022,RIC,23,0,stay_out,-0.1949925079932043,1,0,stay_out,-0.137427727900058,1,False,0.057564780093146306
1018,Silverstone,2022,RIC,24,0,stay_out,-0.2053696370614204,1,0,stay_out,-0.1628048569682733,1,False,0.0425647800931471
1018,Silverstone,2022,RIC,25,0,stay_out,-0.2482192034181594,1,0,stay_out,-0.2086788188027754,1,False,0.039540384615384006
1018,Silverstone,2022,RIC,26,0,stay_out,-0.2589744486540596,1,0,stay_out,-0.2344340640386761,1,False,0.02454038461538352
1018,Silverstone,2022,RIC,27,0,stay_out,-0.2537850459603462,1,0,stay_out,-0.2442446613449618,1,False,0.009540384615384367
1018,Silverstone,2022,RIC,28,0,stay_out,-0.2365500976353132,1,0,stay_out,-0.2420097130199295,1,False,-0.005459615384616284
1018,Silverstone,2022,RIC,29,0,stay_out,-0.2724814089864963,1,0,stay_out,-0.2929410243711118,1,False,-0.020459615384615493
1018,Silverstone,2022,RIC,30,0,stay_out,-0.2647249254573253,1,0,stay_out,-0.3001845408419413,1,False,-0.035459615384616006
1018,Silverstone,2022,RIC,31,0,stay_out,-0.2589306845162539,1,0,stay_out,-0.3093902999008705,1,False,-0.05045961538461663
1018,Silverstone,2022,RIC,32,0,stay_out,-0.2562656440729171,1,0,stay_out,-0.3198629998421481,1,False,-0.06359735576923103
1018,Silverstone,2022,RIC,33,0,stay_out,-0.2806778170359962,1,0,stay_out,-0.3574129131898431,1,False,-0.07673509615384688
1018,Silverstone,2022,RIC,34,0,stay_out,-0.2871846283128406,1,0,stay_out,-0.3770574648513019,1,False,-0.08987283653846134
1018,Silverstone,2022,RIC,35,0,stay_out,-0.3316946767926965,1,0,stay_out,-0.4347052537157751,1,False,-0.10301057692307863
1018,Silverstone,2022,RIC,36,0,stay_out,-3.6471475033631777,1,0,stay_out,-3.803947731728566,1,False,-0.15680022836538843
1018,Silverstone,2022,RIC,37,0,stay_out,-3.63093991497265,1,0,stay_out,-3.8054760928572655,1,False,-0.17453617788461573
1018,Silverstone,2022,RIC,38,0,stay_out,-3.6313212501972343,1,0,stay_out,-3.823593377601084,1,False,-0.1922721274038497
1018,Silverstone,2022,RIC,39,0,stay_out,-3.637900549749435,1,0,stay_out,-3.847908626672513,1,False,-0.21000807692307788
1018,Silverstone,2022,RIC,40,0,stay_out,-3.663472537069562,1,0,stay_out,-3.891216563511872,1,False,-0.22774402644230962
1018,Silverstone,2022,RIC,41,0,stay_out,-0.3776614158084598,1,0,stay_out,-0.5594984350392309,1,False,-0.1818370192307711
1018,Silverstone,2022,RIC,42,0,stay_out,-0.3934892658927438,1,0,stay_out,-0.5884640255081294,1,False,-0.19497475961538557
1018,Silverstone,2022,RIC,43,0,stay_out,-0.4123877774093245,1,0,stay_out,-0.620500277409326,1,False,-0.20811250000000153
1018,Silverstone,2022,RIC,44,0,stay_out,-0.4124726063485866,1,0,stay_out,-0.6337228467332026,1,False,-0.22125024038461594
1018,Silverstone,2022,RIC,45,0,stay_out,-0.400978547035416,1,0,stay_out,-0.6353665278046479,1,False,-0.23438798076923184
1018,Silverstone,2022,RIC,46,0,stay_out,-0.3918426732809181,1,0,stay_out,-0.6393683944347658,1,False,-0.2475257211538477
1018,Silverstone,2022,RIC,47,0,stay_out,-0.4032969685433841,1,0,stay_out,-0.6639604300818462,1,False,-0.26066346153846215
1018,Silverstone,2022,RIC,48,0,stay_out,-0.4117898672548605,1,0,stay_out,-0.6855910691779386,1,False,-0.27380120192307805
1018,Silverstone,2022,RIC,49,0,stay_out,-0.4158410914189574,1,0,stay_out,-0.7027800337266499,1,False,-0.28693894230769246
1018,Silverstone,2022,RIC,50,0,stay_out,-125.44206393516028,1,0,stay_out,24.257859382147394,1,False,149.69992331730768
1019,Monaco,2023,SAI,0,0,stay_out,0.0,1,0,stay_out,0.0,1,False,0.0
1019,Monaco,2023,SAI,1,0,stay_out,-0.0332011055533229,1,0,stay_out,-0.0332011055533229,1,False,0.0
1019,Monaco,2023,SAI,2,0,stay_out,-0.0091483717528063,1,0,stay_out,-0.0091483717528063,1,False,0.0
1019,Monaco,2023,SAI,3,0,stay_out,-0.0396547076869595,1,0,stay_out,-0.0396547076869595,1,False,0.0
1019,Monaco,2023,SAI,4,0,stay_out,-0.0357024997950091,1,0,stay_out,-0.0357024997950091,1,False,0.0
1019,Monaco,2023,SAI,5,0,stay_out,-0.0378295447041225,1,0,stay_out,-0.0378295447041225,1,False,0.0
1019,Monaco,2023,SAI,6,0,stay_out,-0.0313059210585237,1,0,stay_out,-0.0313059210585237,1,False,0.0
1019,Monaco,2023,SAI,7,0,stay_out,-0.0305080103452411,1,0,stay_out,-0.0305080103452411,1,False,0.0
1019,Monaco,2023,SAI,8,2,pit_medium,-15.141363887943395,9,0,stay_out,-0.023254048252059,1,True,15.118109839691336
1019,Monaco,2023,SAI,9,0,stay_out,1.0059338658312924,8,0,stay_out,-0.0454080670843552,1,False,-1.0513419329156477
1019,Monaco,2023,SAI,10,0,stay_out,1.0427980770720524,7,0,stay_out,-0.1642977563357661,1,False,-1.2070958334078186
1019,Monaco,2023,SAI,11,0,stay_out,1.0150004790837486,6,0,stay_out,-0.1962465553299225,1,False,-1.211247034413671
1019,Monaco,2023,SAI,12,0,stay_out,1.0119028484143968,5,0,stay_out,-0.4129197296389535,1,False,-1.4248225780533503
1019,Monaco,2023,SAI,13,0,stay_out,0.9788212511408816,4,1,pit_soft,-14.99556069693946,8,True,-15.974381948080342
1019,Monaco,2023,SAI,14,0,stay_out,-0.0332506139144996,4,0,stay_out,-0.3682006139145145,8,False,-0.33495000000001485
1019,Monaco,2023,SAI,15,0,stay_out,0.9635782394946986,3,0,stay_out,-0.3433717605053061,8,False,-1.3069500000000047
1019,Monaco,2023,SAI,16,0,stay_out,0.0029981238837308,3,0,stay_out,-0.3959518761162783,8,False,-0.3989500000000091
1019,Monaco,2023,SAI,17,0,stay_out,0.0010089664919533,3,0,stay_out,-0.3099410335080492,8,False,-0.3109500000000025
1019,Monaco,2023,SAI,18,0,stay_out,-0.0294493682841903,3,0,stay_out,-0.4143993682841824,8,False,-0.3849499999999921
1019,Monaco,2023,SAI,19,0,stay_out,-0.0768100528435695,3,0,stay_out,-0.3797600528435766,8,False,-0.3029500000000071
1019,Monaco,2023,SAI,20,0,stay_out,-0.0898507622620243,3,0,stay_out,-0.3948007622620295,8,False,-0.30495000000000516
1019,Monaco,2023,SAI,21,0,stay_out,-0.1034888529800895,3,0,stay_out,-0.4144388529800921,8,False,-0.3109500000000026
1019,Monaco,2023,SAI,22,0,stay_out,-0.1128444934574517,3,0,stay_out,-0.4337944934574722,8,False,-0.3209500000000205
1019,Monaco,2023,SAI,23,0,stay_out,-0.1156166172185066,3,0,stay_out,-0.4465666172184995,8,False,-0.33094999999999286
1019,Monaco,2023,SAI,24,0,stay_out,-0.1094686189914455,3,0,stay_out,-0.450418618991435,8,False,-0.3409499999999895
1019,Monaco,2023,SAI,25,0,stay_out,-0.0618190038397941,3,0,stay_out,-0.4127690038398243,8,False,-0.3509500000000302
1019,Monaco,2023,SAI,26,0,stay_out,-0.0524950111801089,3,0,stay_out,-0.4134450111800888,8,False,-0.3609499999999799
1019,Monaco,2023,SAI,27,0,stay_out,-0.0276249610648903,3,0,stay_out,-0.3985749610648881,8,False,-0.3709499999999978
1019,Monaco,2023,SAI,28,0,stay_out,-0.1204165567444803,3,0,stay_out,-0.5013665567444505,8,False,-0.3809499999999702
1019,Monaco,2023,SAI,29,0,stay_out,0.0039749412915611,3,0,stay_out,-0.3869750587084283,8,False,-0.3909499999999894
1019,Monaco,2023,SAI,30,0,stay_out,-0.0625669477881459,3,0,stay_out,-0.4635169477881533,8,False,-0.40095000000000736
1019,Monaco,2023,SAI,31,0,stay_out,-0.1758006960285911,3,0,stay_out,-1.586750696028571,9,False,-1.41094999999998
1019,Monaco,2023,SAI,32,0,stay_out,-0.2202260243662451,3,0,stay_out,-0.7211760243662525,9,False,-0.5009500000000073
1019,Monaco,2023,SAI,33,0,stay_out,-0.299973062342562,3,0,stay_out,-1.7309230623425775,10,False,-1.4309500000000155
1019,Monaco,2023,SAI,34,0,stay_out,-0.3260679570091838,3,0,stay_out,-0.847017957009183,10,False,-0.5209499999999992
1019,Monaco,2023,SAI,35,0,stay_out,-0.3694491410012815,3,0,stay_out,-1.820399141001289,11,False,-1.4509500000000075
1019,Monaco,2023,SAI,36,0,stay_out,-0.4252228579876174,3,0,stay_out,-0.9661728579876524,11,False,-0.540950000000035
1019,Monaco,2023,SAI,37,0,stay_out,-0.428453438836297,3,2,pit_medium,-17.08763690532002,19,True,-16.659183466483725
1019,Monaco,2023,SAI,38,0,stay_out,-0.4840200643898797,3,0,stay_out,-0.0600200643898901,19,False,0.4239999999999896
1019,Monaco,2023,SAI,39,0,stay_out,-0.4580527707506249,3,0,stay_out,0.9799472292493804,18,False,1.4380000000000053
1019,Monaco,2023,SAI,40,0,stay_out,-0.4834364239985576,3,0,stay_out,0.0665635760014424,18,False,0.5499999999999999
1019,Monaco,2023,SAI,41,0,stay_out,-0.5296038969816508,3,0,stay_out,0.0303961030183671,18,False,0.5600000000000179
1019,Monaco,2023,SAI,42,0,stay_out,-0.5657543041941864,3,0,stay_out,0.002245695805783,18,False,0.5679999999999694
1019,Monaco,2023,SAI,43,0,stay_out,-0.5853293691603938,3,0,stay_out,-0.0113293691603587,18,False,0.5740000000000351
1019,Monaco,2023,SAI,44,1,pit_soft,-16.466891148831863,10,0,stay_out,1.9332423176518487,16,True,18.400133466483712
1019,Monaco,2023,SAI,45,0,stay_out,-0.3008691005965929,10,0,stay_out,0.9000808994034144,15,False,1.2009500000000073
1019,Monaco,2023,SAI,46,0,stay_out,-0.3815212768995749,10,0,stay_out,0.8074287231003907,14,False,1.1889499999999655
1019,Monaco,2023,SAI,47,0,stay_out,-0.3275042348937333,10,0,stay_out,0.8514457651063069,13,False,1.1789500000000401
1019,Monaco,2023,SAI,48,0,stay_out,0.7128888321766823,9,0,stay_out,-0.0161611678232731,13,False,-0.7290499999999555
1019,Monaco,2023,SAI,49,0,stay_out,-0.3404930387389072,9,0,stay_out,0.8244569612610705,12,False,1.1649499999999777
1019,Monaco,2023,SAI,50,0,stay_out,1.2581723503911022,8,0,stay_out,2.521122350391104,10,False,1.262950000000002
1019,Monaco,2023,SAI,51,0,stay_out,0.8476252853331148,8,0,stay_out,3.1125752853330924,8,False,2.2649499999999776
1019,Monaco,2023,SAI,52,0,stay_out,2.795078549182186,4,0,stay_out,-0.9339714508177708,8,False,-3.729049999999957
1019,Monaco,2023,SAI,53,0,stay_out,3.85292604607347,2,0,stay_out,5.133876046073533,5,False,1.2809500000000633
1019,Monaco,2023,SAI,54,0,stay_out,-0.5745322720530381,2,0,stay_out,0.7164177279469497,4,False,1.2909499999999878
1019,Monaco,2023,SAI,55,0,stay_out,-0.2031449522937536,1,0,stay_out,1.3114118657769838,2,False,1.5145568180707374
1019,Monaco,2023,SAI,56,0,stay_out,-1.842399066197126,1,0,stay_out,-0.6580481323942962,2,False,1.1843509338028297
1019,Monaco,2023,SAI,57,0,stay_out,-1.8568072213300668,1,0,stay_out,0.0007997703860396,1,False,1.8576069917161064
1019,Monaco,2023,SAI,58,0,stay_out,-1.8656235304803543,1,0,stay_out,-1.7001485304803523,1,False,0.16547500000000204
1019,Monaco,2023,SAI,59,0,stay_out,-1.8859274389751608,1,0,stay_out,-1.7154524389751602,1,False,0.1704750000000006
1019,Monaco,2023,SAI,60,0,stay_out,-1.9111336891538089,1,0,stay_out,-1.7356586891538073,1,False,0.1754750000000016
1019,Monaco,2023,SAI,61,0,stay_out,-1.9257130168104997,1,0,stay_out,-1.7452380168104982,1,False,0.1804750000000015
1019,Monaco,2023,SAI,62,0,stay_out,-1.941188528878358,1,0,stay_out,-1.7557135288783572,1,False,0.18547500000000072
1019,Monaco,2023,SAI,63,0,stay_out,-1.9390954823208373,1,0,stay_out,-1.7486204823208356,1,False,0.19047500000000173
1019,Monaco,2023,SAI,64,0,stay_out,-1.9691173065899337,1,0,stay_out,-1.7736423065899332,1,False,0.1954750000000005
1019,Monaco,2023,SAI,65,0,stay_out,-1.981474855023002,1,0,stay_out,-1.7809998550230006,1,False,0.2004750000000013
1019,Monaco,2023,SAI,66,0,stay_out,-2.023294414450868,1,0,stay_out,-1.8178194144508664,1,False,0.20547500000000185
1019,Monaco,2023,SAI,67,0,stay_out,-2.01513544799268,1,0,stay_out,-1.8046604479926789,1,False,0.2104750000000013
1019,Monaco,2023,SAI,68,0,stay_out,-2.02771332539504,1,0,stay_out,-1.8122383253950376,1,False,0.21547500000000253
1019,Monaco,2023,SAI,69,0,stay_out,-2.033507251059342,1,0,stay_out,-1.8130322510593415,1,False,0.22047500000000042
1019,Monaco,2023,SAI,70,0,stay_out,-2.009012101853462,1,0,stay_out,-1.7835371018534605,1,False,0.22547500000000142
1019,Monaco,2023,SAI,71,0,stay_out,-2.0629194981285366,1,0,stay_out,-1.8324444981285355,1,False,0.2304750000000011
1019,Monaco,2023,SAI,72,0,stay_out,-2.0565910588301306,1,0,stay_out,-1.8211160588301296,1,False,0.235475000000001
1019,Monaco,2023,SAI,73,0,stay_out,-3.5561966308735524,2,0,stay_out,-1.8531501077375383,1,False,1.7030465231360141
1019,Monaco,2023,SAI,74,0,stay_out,-3.2755036318889483,2,0,stay_out,-1.8755768159444444,1,False,1.399926815944504
1019,Monaco,2023,SAI,75,0,stay_out,-4.259084387052839,3,0,stay_out,-3.605747469722991,2,False,0.653336917329848
1019,Monaco,2023,SAI,76,0,stay_out,4.598805261311216,5,0,stay_out,15.20975526131124,2,False,10.610950000000024
1020,Monza,2022,OCO,0,0,stay_out,0.0,1,0,stay_out,0.0,1,False,0.0
1020,Monza,2022,OCO,1,0,stay_out,-0.0090198983441098,1,0,stay_out,-0.0090198983441098,1,False,0.0
1020,Monza,2022,OCO,2,0,stay_out,-0.0017432131023639,1,0,stay_out,-0.0017432131023639,1,False,0.0
1020,Monza,2022,OCO,3,0,stay_out,-0.0303432238724056,1,0,stay_out,-0.0303432238724056,1,False,0.0
1020,Monza,2022,OCO,4,0,stay_out,-0.0455155811549488,1,0,stay_out,-0.0455155811549488,1,False,0.0
1020,Monza,2022,OCO,5,0,stay_out,-0.0290412121305834,1,0,stay_out,-0.0290412121305834,1,False,0.0
1020,Monza,2022,OCO,6,0,stay_out,0.0,1,0,stay_out,0.0,1,False,0.0
1020,Monza,2022,OCO,7,0,stay_out,-0.0340877146102101,1,0,stay_out,-0.0340877146102101,1,False,0.0
1020,Monza,2022,OCO,8,0,stay_out,-0.0155189514783756,1,0,stay_out,-0.0155189514783756,1,False,0.0
1020,Monza,2022,OCO,9,2,pit_medium,-19.50946737737961,11,0,stay_out,-2.647234289503109,2,True,16.8622330878765
1020,Monza,2022,OCO,10,0,stay_out,6.001750731025083,4,0,stay_out,-0.5204668482492738,1,False,-6.522217579274356
1020,Monza,2022,OCO,11,0,stay_out,1.102846526415189,3,0,stay_out,-0.0681830925982438,1,False,-1.1710296190134328
1020,Monza,2022,OCO,12,0,stay_out,-0.0916736028751984,3,0,stay_out,-0.010243157243434,1,False,0.08143044563176441
1020,Monza,2022,OCO,13,0,stay_out,-0.1818988451427714,3,0,stay_out,-0.0760246463017537,1,False,0.1058741988410177
1020,Monza,2022,OCO,14,0,stay_out,-0.1762744972062918,3,0,stay_out,-0.0961662459184097,1,False,0.08010825128788208
1020,Monza,2022,OCO,15,0,stay_out,-0.10911121577019,3,0,stay_out,-0.0609346052003701,1,False,0.04817661056981991
1020,Monza,2022,OCO,16,0,stay_out,-0.0770584014045468,3,0,stay_out,-0.0638657451873385,1,False,0.013192656217208304
1020,Monza,2022,OCO,17,0,stay_out,-1.1547830068183502,4,0,stay_out,-0.1061318214791512,1,False,1.048651185339199
1020,Monza,2022,OCO,18,0,stay_out,-0.2152079603673968,4,2,pit_medium,-10.592084147816704,4,True,-10.376876187449307
1020,Monza,2022,OCO,19,1,pit_soft,-15.834876735610644,11,0,stay_out,-0.0540528549931536,4,True,15.78082388061749
1020,Monza,2022,OCO,20,0,stay_out,1.0269037725945591,10,0,stay_out,-0.0976795607387771,4,False,-1.1245833333333362
1020,Monza,2022,OCO,21,0,stay_out,1.985475524079752,8,0,stay_out,-0.1191078092535718,4,False,-2.104583333333324
1020,Monza,2022,OCO,22,0,stay_out,0.0409268561175565,8,0,stay_out,0.8363435227841876,3,False,0.795416666666631
1020,Monza,2022,OCO,23,0,stay_out,0.4700552715644733,8,0,stay_out,0.2654719382311271,3,False,-0.20458333333334622
1020,Monza,2022,OCO,24,0,stay_out,0.997540560501304,8,0,stay_out,0.7929572271679576,3,False,-0.20458333333334644
1020,Monza,2022,OCO,25,0,stay_out,1.0749566662374292,7,0,stay_out,-0.129626667095917,3,False,-1.2045833333333462
1020,Monza,2022,OCO,26,0,stay_out,0.89192217351509,6,0,stay_out,-0.292661159818266,3,False,-1.184583333333356
1020,Monza,2022,OCO,27,0,stay_out,0.0326685612423844,6,0,stay_out,-0.1680619419022818,3,False,-0.2007305031446662
1020,Monza,2022,OCO,28,0,stay_out,0.0335111806406388,6,0,stay_out,-0.1850872470323324,3,False,-0.2185984276729712
1020,Monza,2022,OCO,29,0,stay_out,1.9458559742100416,4,0,stay_out,-0.2949349062930892,3,False,-2.240790880503131
1020,Monza,2022,OCO,30,0,stay_out,0.0842278727883524,4,0,stay_out,-0.2471705548846032,3,False,-0.33139842767295563
1020,Monza,2022,OCO,31,0,stay_out,0.4887317918447082,4,0,stay_out,0.1573333641717525,3,False,-0.3313984276729557
1020,Monza,2022,OCO,32,2,pit_medium,-18.057986516074266,13,0,stay_out,0.6757452261784294,2,True,18.733731742252694
1020,Monza,2022,OCO,33,0,stay_out,-0.2490017728816355,13,0,stay_out,-0.4026772445797306,2,False,-0.1536754716980951
1020,Monza,2022,OCO,34,0,stay_out,1.762806630897359,11,0,stay_out,-0.3108688408007722,2,False,-2.073675471698131
1020,Monza,2022,OCO,35,0,stay_out,0.6199018144779487,10,1,pit_soft,-12.96092206613952,6,True,-13.58082388061747
1020,Monza,2022,OCO,36,0,stay_out,0.6220673216776746,9,0,stay_out,-0.0733493449889792,6,False,-0.6954166666666538
1020,Monza,2022,OCO,37,0,stay_out,-0.356352872518255,9,0,stay_out,-0.0717695391849446,6,False,0.2845833333333104
1020,Monza,2022,OCO,38,0,stay_out,-0.3765256400131606,9,0,stay_out,-0.0919423066798046,6,False,0.28458333333335595
1020,Monza,2022,OCO,39,0,stay_out,-0.3186018835029984,9,0,stay_out,-0.0140185501696521,6,False,0.3045833333333463
1020,Monza,2022,OCO,40,0,stay_out,-0.3851234529884863,9,0,stay_out,0.91945988034486,5,False,1.3045833333333463
1020,Monza,2022,OCO,41,0,stay_out,0.6486920598813328,8,0,stay_out,-0.046724606785321,5,False,-0.6954166666666538
1020,Monza,2022,OCO,42,0,stay_out,-0.3069188726593552,8,0,stay_out,-0.0044676147976943,5,False,0.3024512578616609
1020,Monza,2022,OCO,43,0,stay_out,-0.3893037793873702,8,0,stay_out,-0.0348978045445633,5,False,0.3544059748428069
1020,Monza,2022,OCO,44,1,pit_soft,-22.180271403590417,16,0,stay_out,-8.885876592486968,8,True,13.29439481110345
1020,Monza,2022,OCO,45,0,stay_out,-5.072894299065096,15,0,stay_out,-6.096475997178314,8,False,-1.023581698113218
1020,Monza,2022,OCO,46,0,stay_out,-2.2220392370987128,14,0,stay_out,-1.258300746532699,6,False,0.9637384905660138
1020,Monza,2022,OCO,47,0,stay_out,-1.0658546661558663,14,0,stay_out,-5.102116175589851,10,False,-4.036261509433984
1020,Monza,2022,OCO,48,0,stay_out,-4.517272216476063,14,0,stay_out,-1.688533725910067,7,False,2.8287384905659962
1020,Monza,2022,OCO,49,0,stay_out,2.133682658737869,11,0,stay_out,-5.0692197940923815,11,False,-7.2029024528302505
1020,Monza,2022,OCO,50,0,stay_out,-0.1199492956157515,11,0,stay_out,-0.2351119371251768,11,False,-0.1151626415094253
1020,Monza,2022,OCO,51,0,stay_out,-1.236009661385518,11,0,stay_out,-1.3511723028949434,11,False,-0.11516264150942535
1021,Monza,2024,PER,0,0,stay_out,0.0,1,0,stay_out,0.0,1,False,0.0
1021,Monza,2024,PER,1,0,stay_out,0.0,1,0,stay_out,0.0,1,False,0.0
1021,Monza,2024,PER,2,0,stay_out,-0.0291421957875954,1,0,stay_out,-0.0291421957875954,1,False,0.0
1021,Monza,2024,PER,3,0,stay_out,-0.0188908048925256,1,0,stay_out,-0.0188908048925256,1,False,0.0
1021,Monza,2024,PER,4,0,stay_out,-0.0256412565851476,1,0,stay_out,-0.0256412565851476,1,False,0.0
1021,Monza,2024,PER,5,0,stay_out,-0.0248235594280217,1,0,stay_out,-0.0248235594280217,1,False,0.0
1021,Monza,2024,PER,6,0,stay_out,-0.0269524175066735,1,0,stay_out,-0.0269524175066735,1,False,0.0
1021,Monza,2024,PER,7,0,stay_out,-0.0049066192228622,1,0,stay_out,-0.0049066192228622,1,False,0.0
1021,Monza,2024,PER,8,0,stay_out,-0.0287103704634702,1,0,stay_out,-0.0287103704634702,1,False,0.0
1021,Monza,2024,PER,9,0,stay_out,-0.0338831503445547,1,0,stay_out,-0.0338831503445547,1,False,0.0
1021,Monza,2024,PER,10,0,stay_out,-0.0463973449526847,1,0,stay_out,-0.0463973449526847,1,False,0.0
1021,Monza,2024,PER,11,0,stay_out,-0.0366558722861427,1,0,stay_out,-0.0366558722861427,1,False,0.0
1021,Monza,2024,PER,12,0,stay_out,-0.0448207828573373,1,0,stay_out,-0.0448207828573373,1,False,0.0
1021,Monza,2024,PER,13,0,stay_out,-0.0412960245615707,1,0,stay_out,-0.0412960245615707,1,False,0.0
1021,Monza,2024,PER,14,0,stay_out,-0.0581854765277583,1,0,stay_out,-0.0581854765277583,1,False,0.0
1021,Monza,2024,PER,15,0,stay_out,-0.0461392550424449,1,0,stay_out,-0.0461392550424449,1,False,0.0
1021,Monza,2024,PER,16,0,stay_out,-0.0589832677081716,1,0,stay_out,-0.0589832677081716,1,False,0.0
1021,Monza,2024,PER,17,0,stay_out,-0.0611851030201975,1,0,stay_out,-0.0611851030201975,1,False,0.0
1021,Monza,2024,PER,18,0,stay_out,-0.0914406086744492,1,0,stay_out,-0.0914406086744492,1,False,0.0
1021,Monza,2024,PER,19,0,stay_out,-0.1343759588089454,1,1,pit_soft,-4.970778034280643,1,True,-4.836402075471698
1021,Monza,2024,PER,20,0,stay_out,-0.1127068151597981,1,0,stay_out,0.0,1,False,0.1127068151597981
1021,Monza,2024,PER,21,0,stay_out,-0.130637837258034,1,0,stay_out,-0.021931022098235,1,False,0.10870681515979899
1021,Monza,2024,PER,22,0,stay_out,-0.1172800134923861,1,0,stay_out,-0.0135731983325882,1,False,0.1037068151597979
1021,Monza,2024,PER,23,0,stay_out,-0.1391523584528471,1,0,stay_out,-0.0258266753685219,1,False,0.1133256830843252
1021,Monza,2024,PER,24,0,stay_out,-0.1338458457648258,1,0,stay_out,-0.0275201626804999,1,False,0.10632568308432591
1021,Monza,2024,PER,25,0,stay_out,-0.1319921692403454,1,0,stay_out,-0.0316589389862088,1,False,0.1003332302541366
1021,Monza,2024,PER,26,0,stay_out,-0.1409888906004795,1,0,stay_out,-0.0516556603463428,1,False,0.0893332302541367
1021,Monza,2024,PER,27,0,stay_out,-0.1373188487949832,1,0,stay_out,-0.060985618540846,1,False,0.07633323025413721
1021,Monza,2024,PER,28,0,stay_out,-0.1728077049028584,1,0,stay_out,-0.0918631538940033,1,False,0.0809445510088551
1021,Monza,2024,PER,29,0,stay_out,-0.1547108108701735,1,0,stay_out,-0.0887662598613175,1,False,0.06594455100885599
1021,Monza,2024,PER,30,0,stay_out,-0.1640548057484224,1,0,stay_out,-0.113110254739567,1,False,0.05094455100885541
1021,Monza,2024,PER,31,0,stay_out,-0.1533947951701265,1,0,stay_out,-0.1162889234065545,1,False,0.037105871763571996
1021,Monza,2024,PER,32,0,stay_out,-0.1338929574118466,1,0,stay_out,-0.1117870856482738,1,False,0.022105871763572787
1021,Monza,2024,PER,33,0,stay_out,-0.1453074625197132,1,0,stay_out,-0.138201590756141,1,False,0.007105871763572191
1021,Monza,2024,PER,34,0,stay_out,-0.2133689676713658,1,0,stay_out,-0.184903661945529,1,False,0.028465305725836776
1021,Monza,2024,PER,35,0,stay_out,-0.2063700437707211,1,0,stay_out,-0.192904738044885,1,False,0.013465305725836096
1021,Monza,2024,PER,36,0,stay_out,-0.2064275034766496,1,0,stay_out,-0.2079621977508139,1,False,-0.0015346942741643055
1021,Monza,2024,PER,37,0,stay_out,-0.2155174176609435,1,0,stay_out,-0.232052111935107,1,False,-0.016534694274163486
1021,Monza,2024,PER,38,2,pit_medium,-5.152219569525594,1,0,stay_out,-0.2471851631516898,1,True,4.905034406373905
1021,Monza,2024,PER,39,0,stay_out,-0.1483972991951773,1,0,stay_out,-0.2523472991951763,1,False,-0.10394999999999899
1021,Monza,2024,PER,40,0,stay_out,-0.1432449629470866,1,0,stay_out,-0.2621949629470862,1,False,-0.11894999999999961
1021,Monza,2024,PER,41,0,stay_out,-0.1897312257139049,1,0,stay_out,-0.323681225713905,1,False,-0.1339500000000001
1021,Monza,2024,PER,42,0,stay_out,-0.18765571690206,1,0,stay_out,-0.3366057169020593,1,False,-0.1489499999999993
1021,Monza,2024,PER,43,0,stay_out,-0.1686114727754443,1,0,stay_out,-0.3325614727754442,1,False,-0.16394999999999987
1021,Monza,2024,PER,44,0,stay_out,-0.184998597321325,1,0,stay_out,-0.363948597321324,1,False,-0.178949999999999
1021,Monza,2024,PER,45,0,stay_out,-0.1932546533890686,1,0,stay_out,-0.3872046533890682,1,False,-0.19394999999999957
1021,Monza,2024,PER,46,0,stay_out,-0.1856363064801016,1,0,stay_out,-0.3945863064801017,1,False,-0.20895000000000008
1021,Monza,2024,PER,47,0,stay_out,-0.173678884117048,1,0,stay_out,-0.3976288841170472,1,False,-0.22394999999999923
1021,Monza,2024,PER,48,0,stay_out,-0.1962691019815778,1,0,stay_out,-0.4352191019815777,1,False,-0.2389499999999999
1021,Monza,2024,PER,49,0,stay_out,-0.2026459795311069,1,0,stay_out,-0.4485620172669542,1,False,-0.2459160377358473
1021,Monza,2024,PER,50,0,stay_out,-0.2131618946067845,1,0,stay_out,-0.454070385172821,1,False,-0.2409084905660365
1021,Monza,2024,PER,51,0,stay_out,24.70926743609216,1,0,stay_out,24.481962719111028,1,False,-0.22730471698113064
1022,Monza,2022,LEC,0,0,stay_out,-0.0379904889429568,1,0,stay_out,-0.0379904889429568,1,False,0.0
1022,Monza,2022,LEC,1,0,stay_out,-0.014428519653174,1,0,stay_out,-0.014428519653174,1,False,0.0
1022,Monza,2022,LEC,2,0,stay_out,-0.0112182246541777,1,0,stay_out,-0.0112182246541777,1,False,0.0
1022,Monza,2022,LEC,3,0,stay_out,-0.0275703350921475,1,0,stay_out,-0.0275703350921475,1,False,0.0
1022,Monza,2022,LEC,4,0,stay_out,-0.0065913358410625,1,0,stay_out,-0.0065913358410625,1,False,0.0
1022,Monza,2022,LEC,5,0,stay_out,-0.0185281984334153,1,0,stay_out,-0.0185281984334153,1,False,0.0
1022,Monza,2022,LEC,6,0,stay_out,-0.0147626932864142,1,0,stay_out,-0.0147626932864142,1,False,0.0
1022,Monza,2022,LEC,7,0,stay_out,-0.0185400372421838,1,0,stay_out,-0.0185400372421838,1,False,0.0
1022,Monza,2022,LEC,8,0,stay_out,-0.0164316457198893,1,0,stay_out,-0.0164316457198893,1,False,0.0
1022,Monza,2022,LEC,9,2,pit_medium,-18.304648472104148,10,0,stay_out,-1.5286833998359328,1,True,16.775965072268214
1022,Monza,2022,LEC,10,0,stay_out,5.801553650739593,3,0,stay_out,-1.5768487621645777,1,False,-7.378402412904171
1022,Monza,2022,LEC,11,0,stay_out,0.1804589098482765,3,0,stay_out,-0.0242911986479683,1,False,-0.2047501084962448
1022,Monza,2022,LEC,12,0,stay_out,-0.1530842363167835,3,0,stay_out,-0.0358627717304955,1,False,0.117221464586288
1022,Monza,2022,LEC,13,0,stay_out,-0.07708810862011,3,0,stay_out,-0.0185335758066941,1,False,0.0585545328134159
1022,Monza,2022,LEC,14,0,stay_out,-0.1140198384790622,3,0,stay_out,-0.0599532143210737,1,False,0.054066624157988505
1022,Monza,2022,LEC,15,0,stay_out,-0.1102873563981319,3,0,stay_out,-0.0564369732806142,1,False,0.053850383117517706
1022,Monza,2022,LEC,16,0,stay_out,-0.0668771848428846,3,0,stay_out,-0.0536894346727919,1,False,0.013187750170092702
1022,Monza,2022,LEC,17,0,stay_out,-0.1319749640701076,3,0,stay_out,-0.0896420978713138,1,False,0.042332866198793784
1022,Monza,2022,LEC,18,0,stay_out,-0.1292339156414584,3,2,pit_medium,-9.473717037527017,3,True,-9.344483121885558
1022,Monza,2022,LEC,19,0,stay_out,-0.237094295036006,3,0,stay_out,-0.1392263705076914,3,False,0.09786792452831458
1022,Monza,2022,LEC,20,0,stay_out,-0.2469502568211084,3,0,stay_out,-0.0932747851230132,3,False,0.1536754716980952
1022,Monza,2022,LEC,21,0,stay_out,-0.2691117026944042,3,0,stay_out,-0.1154362309962863,3,False,0.1536754716981179
1022,Monza,2022,LEC,22,1,pit_soft,-12.884430200241066,7,0,stay_out,0.8763936803764323,2,True,13.7608238806175
1022,Monza,2022,LEC,23,0,stay_out,0.4846981301865682,7,0,stay_out,0.2801147968532675,2,False,-0.2045833333333007
1022,Monza,2022,LEC,24,0,stay_out,1.9923924663568744,7,0,stay_out,1.787809133023528,2,False,-0.20458333333334644
1022,Monza,2022,LEC,25,0,stay_out,0.0338649181483745,7,0,stay_out,-0.2707184151849262,2,False,-0.3045833333333007
1022,Monza,2022,LEC,26,0,stay_out,0.9109476124790704,6,0,stay_out,-0.2936357208542304,2,False,-1.204583333333301
1022,Monza,2022,LEC,27,0,stay_out,-0.1109867813167653,6,1,pit_soft,-14.996393995267624,8,True,-14.88540721395086
1022,Monza,2022,LEC,28,0,stay_out,0.8912257359826754,5,0,stay_out,-0.0087742640173246,8,False,-0.9
1022,Monza,2022,LEC,29,0,stay_out,0.9796260860308847,4,0,stay_out,0.9796260860308847,7,False,0.0
1022,Monza,2022,LEC,30,0,stay_out,-0.1001077912392219,4,0,stay_out,-0.0962549610505419,7,False,0.00385283018867999
1022,Monza,2022,LEC,31,0,stay_out,0.8975498449503903,3,0,stay_out,-0.0785973248609394,7,False,-0.9761471698113297
1022,Monza,2022,LEC,32,0,stay_out,-0.0221452988985689,3,0,stay_out,1.8953226256297413,5,False,1.9174679245283102
1022,Monza,2022,LEC,33,0,stay_out,-0.0424215694605081,3,2,pit_medium,-21.18755173938617,17,True,-21.14513016992566
1022,Monza,2022,LEC,34,0,stay_out,-0.1030631392756944,3,0,stay_out,1.6192139047494905,15,False,1.7222770440251849
1022,Monza,2022,LEC,35,0,stay_out,-0.0484050572911598,3,0,stay_out,-0.30612801326603,15,False,-0.2577229559748702
1022,Monza,2022,LEC,36,0,stay_out,-0.1185967107357328,3,0,stay_out,-0.3728819308615286,15,False,-0.2542852201257958
1022,Monza,2022,LEC,37,0,stay_out,-0.108364803368272,3,0,stay_out,-0.3076424763242301,15,False,-0.19927767295595808
1022,Monza,2022,LEC,38,3,pit_hard,-13.174513332018629,7,0,stay_out,-0.3603727847344644,15,True,12.814140547284165
1022,Monza,2022,LEC,39,0,stay_out,-0.2031385724985426,7,0,stay_out,1.7215947608348103,13,False,1.924733333333353
1022,Monza,2022,LEC,40,0,stay_out,-0.2913170226113536,7,0,stay_out,-0.2625836892780029,13,False,0.028733333333350708
1022,Monza,2022,LEC,41,0,stay_out,-0.3101583763763685,7,0,stay_out,-1.3504099487034351,14,False,-1.0402515723270667
1022,Monza,2022,LEC,42,0,stay_out,-0.308951714021616,7,0,stay_out,-0.2863957391788688,14,False,0.022555974842747184
1022,Monza,2022,LEC,43,0,stay_out,-0.3215282635383616,7,0,stay_out,-0.4768402132238933,14,False,-0.1553119496855317
1022,Monza,2022,LEC,44,0,stay_out,-14.331000844689694,15,0,stay_out,-7.5672618824255,15,False,6.763738962264194
1022,Monza,2022,LEC,45,0,stay_out,-5.548957227350221,14,0,stay_out,-6.515218265086034,15,False,-0.966261037735813
1022,Monza,2022,LEC,46,0,stay_out,-1.5665865568396469,12,0,stay_out,-2.66784759457548,14,False,-1.1012610377358332
1022,Monza,2022,LEC,47,0,stay_out,-3.378304507490698,14,0,stay_out,-1.6145655452265486,14,False,1.7637389622641493
1022,Monza,2022,LEC,48,0,stay_out,-4.962545815866793,14,0,stay_out,-4.912021004546017,14,False,0.05052481132077613
1022,Monza,2022,LEC,49,0,stay_out,1.6746770028536957,11,0,stay_out,-0.3822530914859245,13,False,-2.05693009433962
1022,Monza,2022,LEC,50,0,stay_out,-0.5335301541923712,11,1,pit_soft,-10.530591710578795,15,True,-9.997061556386424
1022,Monza,2022,LEC,51,0,stay_out,-1.73819025803996,11,0,stay_out,2.77427950611099,11,False,4.51246976415095
1023,Silverstone,2024,STR,0,0,stay_out,0.0,1,0,stay_out,0.0,1,False,0.0
1023,Silverstone,2024,STR,1,0,stay_out,0.0,1,0,stay_out,0.0,1,False,0.0
1023,Silverstone,2024,STR,2,0,stay_out,-0.0011855798979041,1,0,stay_out,-0.0011855798979041,1,False,0.0
1023,Silverstone,2024,STR,3,0,stay_out,-0.007813850213256,1,0,stay_out,-0.007813850213256,1,False,0.0
1023,Silverstone,2024,STR,4,0,stay_out,0.0,1,0,stay_out,0.0,1,False,0.0
1023,Silverstone,2024,STR,5,0,stay_out,-0.0208930494321251,1,0,stay_out,-0.0208930494321251,1,False,0.0
1023,Silverstone,2024,STR,6,0,stay_out,-0.0052643501674765,1,0,stay_out,-0.0052643501674765,1,False,0.0
1023,Silverstone,2024,STR,7,0,stay_out,-0.0311001883005644,1,0,stay_out,-0.0311001883005644,1,False,0.0
1023,Silverstone,2024,STR,8,0,stay_out,-0.0677272506137825,1,0,stay_out,-0.0677272506137825,1,False,0.0
1023,Silverstone,2024,STR,9,0,stay_out,-0.0478861207408968,1,0,stay_out,-0.0478861207408968,1,False,0.0
1023,Silverstone,2024,STR,10,0,stay_out,-0.0533120311202537,1,0,stay_out,-0.0533120311202537,1,False,0.0
1023,Silverstone,2024,STR,11,0,stay_out,-0.0474015884816267,1,0,stay_out,-0.0474015884816267,1,False,0.0
1023,Silverstone,2024,STR,12,0,stay_out,-0.0717734895670261,1,0,stay_out,-0.0717734895670261,1,False,0.0
1023,Silverstone,2024,STR,13,3,pit_hard,-12.190660689238662,7,0,stay_out,-0.0497486751946908,1,True,12.140912014043971
1023,Silverstone,2024,STR,14,0,stay_out,1.1605652897962957,6,0,stay_out,-0.116071089681165,1,False,-1.2766363794774607
1023,Silverstone,2024,STR,15,0,stay_out,2.5244326887483792,4,0,stay_out,-0.3168344599598456,1,False,-2.8412671487082246
1023,Silverstone,2024,STR,16,0,stay_out,3.5364913414062134,1,1,pit_soft,-9.681573442760136,5,True,-13.21806478416635
1023,Silverstone,2024,STR,17,0,stay_out,-0.0047627679803014,1,0,stay_out,4.61218401803202,1,False,4.6169467860123214
1023,Silverstone,2024,STR,18,0,stay_out,-0.0249050419809705,1,0,stay_out,-0.0386168523681661,1,False,-0.013711810387195603
1023,Silverstone,2024,STR,19,0,stay_out,-0.0301740345303358,1,0,stay_out,-0.0438858449175313,1,False,-0.013711810387195503
1023,Silverstone,2024,STR,20,0,stay_out,-0.0166053978924281,1,0,stay_out,-0.0303172082796237,1,False,-0.0137118103871956
1023,Silverstone,2024,STR,21,0,stay_out,-0.004794858891735,1,0,stay_out,-0.0185066692789305,1,False,-0.0137118103871955
1023,Silverstone,2024,STR,22,0,stay_out,0.0,1,0,stay_out,-0.0104118304751054,1,False,-0.0104118304751054
1023,Silverstone,2024,STR,23,0,stay_out,-0.024378621116854,1,0,stay_out,-0.0215635285150369,1,False,0.002815092601817098
1023,Silverstone,2024,STR,24,0,stay_out,-0.0300593629007963,1,0,stay_out,-0.0272442702989792,1,False,0.0028150926018171013
1023,Silverstone,2024,STR,25,0,stay_out,-1.566478928739092,1,0,stay_out,-1.5420022976757353,1,False,0.024476631063356624
1023,Silverstone,2024,STR,26,0,stay_out,-1.5412107444168115,1,0,stay_out,-1.516734113353455,1,False,0.024476631063356402
1023,Silverstone,2024,STR,27,0,stay_out,-1.5373701751660294,1,0,stay_out,-1.5178612955819633,1,False,0.019508879584066108
1023,Silverstone,2024,STR,28,0,stay_out,-1.557652486175556,1,0,stay_out,-1.5614344349938565,1,False,-0.003781948818300407
1023,Silverstone,2024,STR,29,0,stay_out,-1.564379617189786,1,0,stay_out,-1.616448548256608,1,False,-0.05206893106682209
1023,Silverstone,2024,STR,30,0,stay_out,-1.527977732154642,1,0,stay_out,-1.6296374916238294,1,False,-0.10165975946918748
1023,Silverstone,2024,STR,31,0,stay_out,-1.5429929155818287,1,0,stay_out,-1.6532877342226144,1,False,-0.11029481864078572
1023,Silverstone,2024,STR,32,0,stay_out,-1.5555248069111969,1,0,stay_out,-1.6744546847235795,1,False,-0.11892987781238262
1023,Silverstone,2024,STR,33,0,stay_out,-1.5386377398373796,1,0,stay_out,-1.666202676821361,1,False,-0.1275649369839813
1023,Silverstone,2024,STR,34,0,stay_out,-1.548337058626181,1,0,stay_out,-1.6845370547817595,1,False,-0.13619999615557843
1023,Silverstone,2024,STR,35,0,stay_out,-1.5693410622704365,1,0,stay_out,-1.714176117597613,1,False,-0.14483505532717644
1023,Silverstone,2024,STR,36,0,stay_out,-1.5633580553614324,1,0,stay_out,-5.479621185541543,4,False,-3.9162631301801105
1023,Silverstone,2024,STR,37,0,stay_out,-0.056405095719289,1,4,pit_intermediate,-14.32588279416922,7,True,-14.269477698449931
1023,Silverstone,2024,STR,38,0,stay_out,-0.0724542752113834,1,0,stay_out,-1.5397779409123515,7,False,-1.467323665700968
1023,Silverstone,2024,STR,39,0,stay_out,-0.0383930229767187,1,0,stay_out,-6.799805324017078,10,False,-6.76141230104036
1023,Silverstone,2024,STR,40,0,stay_out,-0.0462333798387064,1,0,stay_out,-6.801402262635938,13,False,-6.755168882797232
1023,Silverstone,2024,STR,41,0,stay_out,-0.0796900682973557,1,0,stay_out,-3.836366527127271,13,False,-3.7566764588299155
1023,Silverstone,2024,STR,42,0,stay_out,-0.0852697729486266,1,0,stay_out,-4.88747682400371,14,False,-4.802207051055084
1023,Silverstone,2024,STR,43,0,stay_out,-0.0795809956224417,1,0,stay_out,-4.940350156925321,15,False,-4.86076916130288
1023,Silverstone,2024,STR,44,0,stay_out,-0.1009799836402422,1,0,stay_out,-5.009199020534965,16,False,-4.908219036894723
1023,Silverstone,2024,STR,45,0,stay_out,-0.0811121043190709,1,0,stay_out,-5.02851414946656,17,False,-4.94740204514749
1023,Silverstone,2024,STR,46,0,stay_out,-0.1359749989496194,1,0,stay_out,-4.266790826301592,17,False,-4.130815827351973
1023,Silverstone,2024,STR,47,0,stay_out,-0.1455555189832935,1,0,stay_out,-4.259502753942849,17,False,-4.113947234959555
1023,Silverstone,2024,STR,48,0,stay_out,-0.1135199816909136,1,0,stay_out,-5.256282566932166,18,False,-5.142762585241252
1023,Silverstone,2024,STR,49,0,stay_out,-0.1359432291864621,1,0,stay_out,-1.3369799494971772,15,False,-1.201036720310715
1023,Silverstone,2024,STR,50,0,stay_out,24.83180527454433,1,0,stay_out,-1.3780338296096035,12,False,-26.209839104153932
1024,Silverstone,2023,RUS,0,0,stay_out,0.0,1,0,stay_out,0.0,1,False,0.0
1024,Silverstone,2023,RUS,1,0,stay_out,0.0,1,0,stay_out,0.0,1,False,0.0
1024,Silverstone,2023,RUS,2,0,stay_out,-0.0210461343083821,1,0,stay_out,-0.0210461343083821,1,False,0.0
1024,Silverstone,2023,RUS,3,0,stay_out,-0.0056478846296826,1,0,stay_out,-0.0056478846296826,1,False,0.0
1024,Silverstone,2023,RUS,4,0,stay_out,0.0,1,0,stay_out,0.0,1,False,0.0
1024,Silverstone,2023,RUS,5,0,stay_out,0.0,1,0,stay_out,0.0,1,False,0.0
1024,Silverstone,2023,RUS,6,0,stay_out,-0.0043834301182457,1,0,stay_out,-0.0043834301182457,1,False,0.0
1024,Silverstone,2023,RUS,7,0,stay_out,-0.0165901624694186,1,0,stay_out,-0.0165901624694186,1,False,0.0
1024,Silverstone,2023,RUS,8,2,pit_medium,-24.847365444029425,18,0,stay_out,0.0,1,True,24.847365444029425
1024,Silverstone,2023,RUS,9,0,stay_out,0.8474325050706155,17,0,stay_out,-0.066398226768436,1,False,-0.9138307318390515
1024,Silverstone,2023,RUS,10,0,stay_out,0.7983852453793603,16,0,stay_out,-0.0954218566140639,1,False,-0.8938071019934242
1024,Silverstone,2023,RUS,11,0,stay_out,0.8215013730173567,15,0,stay_out,-0.0834137927950735,1,False,-0.9049151658124301
1024,Silverstone,2023,RUS,12,0,stay_out,0.893770492420755,14,0,stay_out,-0.081371540785669,1,False,-0.975142033206424
1024,Silverstone,2023,RUS,13,0,stay_out,1.885776620112975,12,0,stay_out,-0.164099246170332,1,False,-2.049875866283307
1024,Silverstone,2023,RUS,14,0,stay_out,-0.0158917203753716,12,2,pit_medium,-17.417684901034235,11,True,-17.401793180658863
1024,Silverstone,2023,RUS,15,0,stay_out,-0.1242622638482657,12,0,stay_out,-0.2164334975288554,11,False,-0.0921712336805897
1024,Silverstone,2023,RUS,16,0,stay_out,-0.1704690450517645,12,0,stay_out,-0.1826402787323445,11,False,-0.012171233680580013
1024,Silverstone,2023,RUS,17,0,stay_out,0.8612861992367442,11,0,stay_out,1.829114965556174,9,False,0.9678287663194298
1024,Silverstone,2023,RUS,18,0,stay_out,0.8312025787409453,10,0,stay_out,-0.1609686549396443,9,False,-0.9921712336805896
1024,Silverstone,2023,RUS,19,0,stay_out,-0.1384504334525047,10,0,stay_out,0.8293783328669249,8,False,0.9678287663194296
1024,Silverstone,2023,RUS,20,0,stay_out,-0.171331034558797,10,0,stay_out,-0.183502268239377,8,False,-0.012171233680579985
1024,Silverstone,2023,RUS,21,0,stay_out,-0.2141520674824051,10,0,stay_out,-0.2063233011629947,8,False,0.007828766319410402
1024,Silverstone,2023,RUS,22,0,stay_out,-0.2487268929613634,10,0,stay_out,-0.2154288958727136,8,False,0.033297997088649806
1024,Silverstone,2023,RUS,23,1,pit_soft,-18.505046216224752,19,0,stay_out,-0.1832699740392527,8,True,18.3217762421855
1024,Silverstone,2023,RUS,24,0,stay_out,-0.038992023639625,19,0,stay_out,-0.2409632573202103,8,False,-0.20197123368058528
1024,Silverstone,2023,RUS,25,0,stay_out,0.9972064017547524,18,0,stay_out,0.8152351680741574,7,False,-0.18197123368059498
1024,Silverstone,2023,RUS,26,0,stay_out,0.0521228390260489,18,0,stay_out,0.7701516053454995,6,False,0.7180287663194507
1024,Silverstone,2023,RUS,27,0,stay_out,0.0515933459014661,18,0,stay_out,-0.210377887779093,6,False,-0.2619712336805591
1024,Silverstone,2023,RUS,28,0,stay_out,0.0474517487875871,18,0,stay_out,0.7600112843377886,5,False,0.7125595355502016
1024,Silverstone,2023,RUS,29,0,stay_out,-0.024938562162481,18,0,stay_out,-0.2367713343045963,5,False,-0.2118327721421153
1024,Silverstone,2023,RUS,30,0,stay_out,-6.506733390402125,18,0,stay_out,-11.761447701005784,10,False,-5.254714310603658
1024,Silverstone,2023,RUS,31,0,stay_out,-1.6128923119493226,16,0,stay_out,-3.8946066225530034,10,False,-2.2817143106036806
1024,Silverstone,2023,RUS,32,0,stay_out,7.569246056964385,11,0,stay_out,6.260531746360726,6,False,-1.3087143106036585
1024,Silverstone,2023,RUS,33,0,stay_out,-3.78483830490012,14,0,stay_out,2.849711460145972,1,False,6.634549765046092
1024,Silverstone,2023,RUS,34,2,pit_medium,-11.044199029891018,15,0,stay_out,-3.352000932390793,1,True,7.692198097500226
1024,Silverstone,2023,RUS,35,0,stay_out,2.801579662072988,11,0,stay_out,-3.3179042636518687,1,False,-6.1194839257248566
1024,Silverstone,2023,RUS,36,0,stay_out,7.935657314877614,1,0,stay_out,-3.3748601473325994,1,False,-11.310517462210214
1024,Silverstone,2023,RUS,37,0,stay_out,-0.1881246428089142,1,0,stay_out,-0.2030554120396843,1,False,-0.014930769230770108
1024,Silverstone,2023,RUS,38,1,pit_soft,-43.615426389962025,15,0,stay_out,-0.2231131947912558,1,True,43.39231319517077
1024,Silverstone,2023,RUS,39,0,stay_out,-0.1469669843157547,15,0,stay_out,-0.1987219536963323,1,False,-0.05175496938057761
1024,Silverstone,2023,RUS,40,0,stay_out,-0.1386539672122978,15,0,stay_out,-0.2146154451446179,1,False,-0.07596147793232008
1024,Silverstone,2023,RUS,41,0,stay_out,-0.1832003403635028,15,0,stay_out,-0.2285386317202466,1,False,-0.045338291356743804
1024,Silverstone,2023,RUS,42,0,stay_out,-0.0859789915836842,15,0,stay_out,-0.2026279573302886,1,False,-0.1166489657466044
1024,Silverstone,2023,RUS,43,0,stay_out,-0.0611649177032163,15,0,stay_out,-0.2026132280823688,1,False,-0.1414483103791525
1024,Silverstone,2023,RUS,44,0,stay_out,0.8167425016071419,14,0,stay_out,-0.2710710568887535,1,False,-1.0878135584958954
1024,Silverstone,2023,RUS,45,0,stay_out,-0.068521373094515,14,0,stay_out,-0.2563837634703333,1,False,-0.1878623903758183
1024,Silverstone,2023,RUS,46,0,stay_out,-0.1553425366397363,14,0,stay_out,-0.2890273477243383,1,False,-0.133684811084602
1024,Silverstone,2023,RUS,47,0,stay_out,-0.1449376862792746,14,0,stay_out,-0.2996079250254482,1,False,-0.15467023874617358
1024,Silverstone,2023,RUS,48,0,stay_out,-0.2012112729833177,14,0,stay_out,-0.2969007977820041,1,False,-0.09568952479868642
1024,Silverstone,2023,RUS,49,0,stay_out,-0.1764709018906856,14,0,stay_out,-0.2648136147170518,1,False,-0.08834271282636619
1024,Silverstone,2023,RUS,50,0,stay_out,-0.2857619881751944,14,0,stay_out,24.696107839659334,1,False,24.98186982783453
1025,Monaco,2022,GAS,0,0,stay_out,-1.8634280598470483,1,0,stay_out,-1.8634280598470483,1,False,0.0
1025,Monaco,2022,GAS,1,0,stay_out,0.0,1,0,stay_out,0.0,1,False,0.0
1025,Monaco,2022,GAS,2,0,stay_out,-0.1288756327317514,1,0,stay_out,-0.1288756327317514,1,False,0.0
1025,Monaco,2022,GAS,3,0,stay_out,-0.3335316095559719,1,0,stay_out,-0.3335316095559719,1,False,0.0
1025,Monaco,2022,GAS,4,0,stay_out,-0.4712768410686792,1,0,stay_out,-0.4712768410686792,1,False,0.0
1025,Monaco,2022,GAS,5,0,stay_out,-0.5683697500853342,1,0,stay_out,-0.5683697500853342,1,False,0.0
1025,Monaco,2022,GAS,6,0,stay_out,-1.5670142820284,2,0,stay_out,-1.5670142820284,2,False,0.0
1025,Monaco,2022,GAS,7,0,stay_out,-4.382301868047891,5,0,stay_out,-4.382301868047891,5,False,0.0
1025,Monaco,2022,GAS,8,0,stay_out,-1.4260383649612125,5,0,stay_out,-1.4260383649612125,5,False,0.0
1025,Monaco,2022,GAS,9,0,stay_out,-3.609085788477343,7,5,pit_wet,-25.023025609458077,19,True,-21.413939820980733
1025,Monaco,2022,GAS,10,0,stay_out,-3.682921464616951,9,0,stay_out,-1.9443214646169509,19,False,1.7386000000000001
1025,Monaco,2022,GAS,11,0,stay_out,-1.8681978744104968,9,0,stay_out,-3.0155978744105028,20,False,-1.147400000000006
1025,Monaco,2022,GAS,12,0,stay_out,-3.2507603571395567,10,0,stay_out,-2.386160357139569,20,False,0.8645999999999878
1025,Monaco,2022,GAS,13,0,stay_out,-4.336289014944953,12,0,stay_out,-2.459689014944948,20,False,1.8766000000000047
1025,Monaco,2022,GAS,14,0,stay_out,-2.404701835719973,12,0,stay_out,-2.5181018357199734,20,False,-0.11340000000000039
1025,Monaco,2022,GAS,15,0,stay_out,-8.52772359789087,18,0,stay_out,-2.633123597890872,20,False,5.894599999999997
1025,Monaco,2022,GAS,16,5,pit_wet,-13.81581694969426,20,0,stay_out,-2.5332771287135203,20,True,11.282539820980741
1025,Monaco,2022,GAS,17,0,stay_out,-3.135786804479497,20,0,stay_out,-3.181786804479475,20,False,-0.045999999999977614
1025,Monaco,2022,GAS,18,0,stay_out,-2.111235816780115,19,0,stay_out,-2.169235816780112,19,False,-0.057999999999997165
1025,Monaco,2022,GAS,19,0,stay_out,-3.810046773634284,19,0,stay_out,-3.878046773634297,19,False,-0.06800000000001294
1025,Monaco,2022,GAS,20,0,stay_out,-2.8587557125197183,19,0,stay_out,-2.936755712519751,19,False,-0.07800000000003271
1025,Monaco,2022,GAS,21,0,stay_out,-6.057794195037703,19,0,stay_out,-6.401794195037683,19,False,-0.3439999999999799
1025,Monaco,2022,GAS,22,0,stay_out,-7.017941914788892,19,0,stay_out,-7.385941914788908,19,False,-0.3680000000000154
1025,Monaco,2022,GAS,23,0,stay_out,-15.000259804925673,18,0,stay_out,-15.518659804925685,18,False,-0.5184000000000122
1025,Monaco,2022,GAS,24,0,stay_out,-15.910873635048189,18,0,stay_out,-16.440073635048158,18,False,-0.5291999999999693
1025,Monaco,2022,GAS,25,0,stay_out,-12.681489044486938,18,0,stay_out,-13.210689044486958,18,False,-0.5292000000000208
1025,Monaco,2022,GAS,26,0,stay_out,-11.61845532330679,18,0,stay_out,-12.147655323306813,18,False,-0.5292000000000225
1025,Monaco,2022,GAS,27,3,pit_hard,-5.794797249140472,13,0,stay_out,-8.18117340130684,13,True,-2.386376152166368
1025,Monaco,2022,GAS,28,0,stay_out,58.51231565414536,1,1,pit_soft,58.26397680631178,1,True,-0.24833884783357973
1025,Monaco,2022,GAS,29,0,stay_out,-0.1218561958527487,1,0,stay_out,0.0,1,False,0.1218561958527487
1025,Monaco,2022,GAS,30,0,stay_out,-0.1041651931369969,1,0,stay_out,0.0,1,False,0.1041651931369969
1025,Monaco,2022,GAS,31,0,stay_out,-0.1379306445407579,1,0,stay_out,-0.0249654514037615,1,False,0.1129651931369964
1025,Monaco,2022,GAS,32,0,stay_out,-0.1520363776117179,1,0,stay_out,-0.000271184474721,1,False,0.1517651931369969
1025,Monaco,2022,GAS,33,0,stay_out,-0.3063271098813971,1,0,stay_out,-0.0176619167443988,1,False,0.2886651931369983
1025,Monaco,2022,GAS,34,0,stay_out,-0.3374234540380968,1,0,stay_out,-0.0260582609010995,1,False,0.3113651931369973
1025,Monaco,2022,GAS,35,0,stay_out,-0.4160704385967989,1,0,stay_out,-0.0422052454598031,1,False,0.3738651931369958
1025,Monaco,2022,GAS,36,0,stay_out,-0.5270010318261712,1,0,stay_out,-0.0532358386891743,1,False,0.4737651931369969
1025,Monaco,2022,GAS,37,0,stay_out,-0.5588305327892628,1,0,stay_out,-0.0839653396522663,1,False,0.4748651931369965
1025,Monaco,2022,GAS,38,0,stay_out,-0.6019676618776032,1,0,stay_out,-0.0854024687406053,1,False,0.5165651931369979
1025,Monaco,2022,GAS,39,0,stay_out,-0.6464994470164229,1,0,stay_out,-0.118934253879425,1,False,0.5275651931369979
1025,Monaco,2022,GAS,40,0,stay_out,-0.5965352265238665,1,0,stay_out,-0.0766700333868698,1,False,0.5198651931369966
1025,Monaco,2022,GAS,41,0,stay_out,-0.6431866541549653,1,0,stay_out,-0.132321461017969,1,False,0.5108651931369963
1025,Monaco,2022,GAS,42,0,stay_out,-0.6632146992321183,1,2,pit_medium,-5.373316172761788,1,True,-4.71010147352967
1025,Monaco,2022,GAS,43,0,stay_out,-0.6676556174613438,1,0,stay_out,-0.3737570909910133,1,False,0.29389852647033055
1025,Monaco,2022,GAS,44,0,stay_out,-0.6843147738562991,1,0,stay_out,-0.3671314405229666,1,False,0.31718333333333254
1025,Monaco,2022,GAS,45,0,stay_out,-0.707581722464002,1,0,stay_out,-0.3883983891306699,1,False,0.3191833333333321
1025,Monaco,2022,GAS,46,0,stay_out,-0.6937879315670585,1,0,stay_out,-0.3736045982337259,1,False,0.32018333333333265
1025,Monaco,2022,GAS,47,0,stay_out,-0.7020555273955538,1,0,stay_out,-0.3818721940622225,1,False,0.32018333333333127
1025,Monaco,2022,GAS,48,0,stay_out,-0.720872982471019,1,0,stay_out,-0.4016896491376869,1,False,0.31918333333333215
1025,Monaco,2022,GAS,49,0,stay_out,-0.7378282391344101,1,0,stay_out,-0.4206449058010776,1,False,0.3171833333333325
1025,Monaco,2022,GAS,50,0,stay_out,-0.7492194631194821,1,0,stay_out,-0.4350361297861497,1,False,0.31418333333333237
1025,Monaco,2022,GAS,51,0,stay_out,-0.7178036695539831,1,0,stay_out,-0.4076203362206513,1,False,0.3101833333333318
1025,Monaco,2022,GAS,52,0,stay_out,-0.7464673157783267,1,0,stay_out,-0.4402839824449941,1,False,0.3061833333333326
1025,Monaco,2022,GAS,53,0,stay_out,-0.8688749819552513,1,0,stay_out,-0.5666916486219193,1,False,0.3021833333333319
1025,Monaco,2022,GAS,54,0,stay_out,-0.8601646846162581,1,0,stay_out,-0.5619813512829268,1,False,0.29818333333333125
1025,Monaco,2022,GAS,55,0,stay_out,-0.8838757230969677,1,0,stay_out,-0.5896923897636356,1,False,0.29418333333333213
1025,Monaco,2022,GAS,56,0,stay_out,-0.8717192567763917,1,0,stay_out,-0.5815359234430603,1,False,0.29018333333333146
1025,Monaco,2022,GAS,57,0,stay_out,-0.8942576181662774,1,0,stay_out,-0.608074284832945,1,False,0.28618333333333235
1025,Monaco,2022,GAS,58,0,stay_out,-0.905864093074834,1,0,stay_out,-0.623680759741501,1,False,0.282183333333333
1025,Monaco,2022,GAS,59,0,stay_out,-0.8837317296591366,1,0,stay_out,-0.6055483963258042,1,False,0.27818333333333245
1025,Monaco,2022,GAS,60,0,stay_out,-0.9018946058247238,1,0,stay_out,-0.627711272491392,1,False,0.2741833333333318
1025,Monaco,2022,GAS,61,0,stay_out,-0.9158449414550076,1,0,stay_out,-0.6456616081216766,1,False,0.270183333333331
1025,Monaco,2022,GAS,62,0,stay_out,24.06547446149281,1,0,stay_out,24.331657794826143,1,False,0.2661833333333341
